"sample_id","distorted_filename","distortion_type","source_image","source_sample_id","original_sample_id","ground_truth_file","relative_image_path","relative_ground_truth_path","image_sha256","ground_truth_sha256","source_image_sha256","atomic_distortion","kind","profile","seed","severity","steps","qc","source_dataset","source_split","source_repository_revision"
"dist_b1aa183ffd20fcdf","dist_b1aa183ffd20fcdf.png","blur","originals/arabic_ocr_000026.png","arabic_ocr_000026","409","arabic_ocr_000026.txt","distorted/blur/dist_b1aa183ffd20fcdf.png","ground_truth/arabic_ocr_000026.txt","7e81d21131873d5dddcd9a57552dee492a3c51421e6d4728ebe38bf54ab5b1c4","13c1be7dae0b30cdd0da702f74de7e209ad476aa61feac83e393524aace07d12","174336c5b029760e7118fc68ad90c1f86d52705af2e96002b90baed7caf58258","gaussian_blur","atomic","","2347872968295318737","light","[{""distortion"": ""gaussian_blur"", ""severity"": ""light""}]","{""contrast"": 0.5803921568627451, ""sharpness"": 0.0006745030987076461, ""ink_ratio"": 0.12240729166666667, ""contrast_ratio"": 1.0, ""sharpness_ratio"": 0.41756771891407585, ""ink_change_ratio"": 0.9727570735583848, ""passed"": true, ""reasons"": []}","ahmedheakl/arocrbench_tables","train","1fc7dbf1414f82f04c091087af31d30446bd1867"
"dist_9ef29038a70a01b5","dist_9ef29038a70a01b5.png","blur","originals/arabic_ocr_000063.png","arabic_ocr_000063","00025","arabic_ocr_000063.txt","distorted/blur/dist_9ef29038a70a01b5.png","ground_truth/arabic_ocr_000063.txt","ab355e5268027184510706fb8b622255849f5eeb4d2df3d736d5e301139de285","650b639ee582d628f839b89d37705b8b0d90a970ae81d97cd97268a7011f95ea","91a771f725a9203ef504a24872de1912e1b7d9b66589398e3d341c722d0abe50","motion_blur","atomic","","8739758424047912029","light","[{""distortion"": ""motion_blur"", ""severity"": ""light""}]","{""contrast"": 0.6745098039215687, ""sharpness"": 0.0005362035590223968, ""ink_ratio"": 0.13300666555342183, ""contrast_ratio"": 0.9942196531791908, ""sharpness_ratio"": 0.6974842687770498, ""ink_change_ratio"": 0.9634842432871741, ""passed"": true, ""reasons"": []}","calfa-ai/RASAM-1","train","0dd7531ae68fb0bfc5cb7b189955cb3002a1ec95"
"dist_2822391c4100c975","dist_2822391c4100c975.png","blur","originals/arabic_ocr_000100.png","arabic_ocr_000100","segment_00030_page_00005","arabic_ocr_000100.txt","distorted/blur/dist_2822391c4100c975.png","ground_truth/arabic_ocr_000100.txt","57b4d0f31d0adf9c8726e5d4902349755560d758ae24d94e75d85c6af16345f3","2b529506f4ed66bd63b37b464403c2c678b8d320d103ca2fb47d7ae93e2eaedb","e12479e59fc610d00df75d6ff5a67f6606695a3dd156f654e90edeba548505f7","gaussian_blur","atomic","","6447888222478591062","medium","[{""distortion"": ""gaussian_blur"", ""severity"": ""medium""}]","{""contrast"": 0.6509803921568628, ""sharpness"": 0.00042495803791098297, ""ink_ratio"": 0.035563915071192706, ""contrast_ratio"": 0.6509803921568628, ""sharpness_ratio"": 0.1719554651217018, ""ink_change_ratio"": 1.3802146168718656, ""passed"": true, ""reasons"": []}","craneset/arabic-ocr","train","c7df81cbef12277b46aa592bb0114636d642e6ad"
"dist_b831ac2aeed3882c","dist_b831ac2aeed3882c.png","blur","originals/arabic_ocr_000037.png","arabic_ocr_000037","522","arabic_ocr_000037.txt","distorted/blur/dist_b831ac2aeed3882c.png","ground_truth/arabic_ocr_000037.txt","764f3e7071a479a33f569b1bcaad3a07e8f410f27f1b065a89f2b545a0156e9e","d83f614e08b35b09cc5065da57a06466100d9dac05bc1408e5195eedfdb8592a","1a77461fecc8897915ed4de70fca36be08f2163e02e25ab584e7da731d72993a","motion_blur","atomic","","1411518609353172017","medium","[{""distortion"": ""motion_blur"", ""severity"": ""medium""}]","{""contrast"": 0.4980392156862745, ""sharpness"": 0.001348883262835443, ""ink_ratio"": 0.06308483834185456, ""contrast_ratio"": 0.5570175438596491, ""sharpness_ratio"": 0.2163896131661961, ""ink_change_ratio"": 1.3818952754081522, ""passed"": true, ""reasons"": []}","mohres/The_Arabic_E-Book_Corpus","train","7d26ca7c2041064a7f36f03ecb4c5c1dd1a15e1a"
"dist_084add2efb187d36","dist_084add2efb187d36.png","blur","originals/arabic_ocr_000074.png","arabic_ocr_000074","l145b-019","arabic_ocr_000074.txt","distorted/blur/dist_084add2efb187d36.png","ground_truth/arabic_ocr_000074.txt","7d775d1af9a2420fa8c05cee1793ccea1ae459a984206ef8564fb6a896eebcdf","dd2ddea9e74995e6971cf24484c214beb6ba37bf9e3364ea9ee2447195bb7c27","1b88d267c49a356f46a708ceedf1b27cbc61e8482f351b333ceaf30ebbab3734","gaussian_blur","atomic","","3031321703643779167","heavy","[{""distortion"": ""gaussian_blur"", ""severity"": ""heavy""}]","{""contrast"": 0.396078431372549, ""sharpness"": 0.0002780271170195192, ""ink_ratio"": 0.05466607995125749, ""contrast_ratio"": 0.6601307189542484, ""sharpness_ratio"": 0.09693766157225712, ""ink_change_ratio"": 0.6461723126166977, ""passed"": true, ""reasons"": []}","calfa-ai/baybars","train","ce04cd0779386abf25ee24faf84518df33ed41b3"
"dist_2ba835cb56dfabbf","dist_2ba835cb56dfabbf.png","blur","originals/arabic_ocr_000011.png","arabic_ocr_000011","3","arabic_ocr_000011.txt","distorted/blur/dist_2ba835cb56dfabbf.png","ground_truth/arabic_ocr_000011.txt","3c8415252cf48a2ba3f0586d30511584aa67973564b15295fe089ebe9b74f58b","bee3f767682ca18bf1fc0e9976566b4bd627b6ff010ac17318d9729c978730e3","6371b7838698de8d73404080650213b2a649dd4aaa7e58ced928430b32a78d4a","motion_blur","atomic","","8453934704264871913","heavy","[{""distortion"": ""motion_blur"", ""severity"": ""heavy""}]","{""contrast"": 0.8431372549019608, ""sharpness"": 0.0010431971168145537, ""ink_ratio"": 0.1472584171234846, ""contrast_ratio"": 0.8431372549019608, ""sharpness_ratio"": 0.08121359479177044, ""ink_change_ratio"": 1.2056175160342486, ""passed"": true, ""reasons"": []}","ahmedheakl/arocrbench_historicalbooks","train","cbe0684cfc878f281be6d6b11c22f41d32842c00"
"dist_32cac681cb8cfa40","dist_32cac681cb8cfa40.png","blur","originals/arabic_ocr_000048.png","arabic_ocr_000048","1479","arabic_ocr_000048.txt","distorted/blur/dist_32cac681cb8cfa40.png","ground_truth/arabic_ocr_000048.txt","bec91ace2a6212ffa603f0e85a562ff33dca9481c7123d762c012573233e99a0","020993a1043d07c32c996c09850c6e07262bf6cfcd3b18eff32eec67288346e1","d40d90d6bab767c8f653ddf9d37a7abb17c99f495fe800f5326c2ebcb48e56fc","gaussian_blur","atomic","","3380446315073595704","light","[{""distortion"": ""gaussian_blur"", ""severity"": ""light""}]","{""contrast"": 0.7764705882352941, ""sharpness"": 0.00530887208878994, ""ink_ratio"": 0.10117243535513297, ""contrast_ratio"": 0.8608695652173913, ""sharpness_ratio"": 0.46898855723333216, ""ink_change_ratio"": 1.2022532071595604, ""passed"": true, ""reasons"": []}","mohres/The_Arabic_E-Book_Corpus","train","7d26ca7c2041064a7f36f03ecb4c5c1dd1a15e1a"
"dist_cfbb04d92a4c1d1a","dist_cfbb04d92a4c1d1a.png","blur","originals/arabic_ocr_000085.png","arabic_ocr_000085","1500","arabic_ocr_000085.txt","distorted/blur/dist_cfbb04d92a4c1d1a.png","ground_truth/arabic_ocr_000085.txt","b1042444d5743525b8917e8e868f177c9b84935ba0a556a3f80764f89c5c5103","f4b4b5d4f9f1dc09f89470fc0383c18d3be0e222b110e249298a5ba359491dfe","2f6c6bafb8da0c00f1210f04a096e77f5811bf4f2eaef70f4a94b1e6b25fa548","motion_blur","atomic","","208591153938372543","light","[{""distortion"": ""motion_blur"", ""severity"": ""light""}]","{""contrast"": 0.6196078431372549, ""sharpness"": 0.001791048445738852, ""ink_ratio"": 0.05126750325197031, ""contrast_ratio"": 0.6422764227642277, ""sharpness_ratio"": 0.33409586579903455, ""ink_change_ratio"": 1.364425935730868, ""passed"": true, ""reasons"": []}","MohamedRashad/arabic-img2md","train","b259f4e285483107f1585960cfd62e17bdc6c712"
"dist_4d1d42e7ac672747","dist_4d1d42e7ac672747.png","blur","originals/arabic_ocr_000022.png","arabic_ocr_000022","464","arabic_ocr_000022.txt","distorted/blur/dist_4d1d42e7ac672747.png","ground_truth/arabic_ocr_000022.txt","b03cf81e612a9059490070a59400026b2d466cabf730ed2b9362714006ccbdbf","bef2f74b7af15cdb68f0101d09348f3335caed762418570d61d6b6c5a321f697","3b4340e50b7b3433c5cfe5fecf8cbec015ee580e130b9c1b0f24decb196b015f","gaussian_blur","atomic","","6242473372143518779","medium","[{""distortion"": ""gaussian_blur"", ""severity"": ""medium""}]","{""contrast"": 0.5725490196078431, ""sharpness"": 0.0008877742220647633, ""ink_ratio"": 0.14230672218917312, ""contrast_ratio"": 0.7891891891891891, ""sharpness_ratio"": 0.14246061650617112, ""ink_change_ratio"": 1.1757706826045926, ""passed"": true, ""reasons"": []}","ahmedheakl/arocrbench_doclaynet","train","92853b44e9259cbdbbbb3cb84ae9ced036d58c3f"
"dist_25c4ca6e652857ff","dist_25c4ca6e652857ff.png","blur","originals/arabic_ocr_000059.png","arabic_ocr_000059","0029","arabic_ocr_000059.txt","distorted/blur/dist_25c4ca6e652857ff.png","ground_truth/arabic_ocr_000059.txt","2d65f28859c5e2f004e42c50d8a1a19a5bf04799f03dd014ec55bf016caa1381","cc00f6950367aa8643321bd8cc9dda6444e90be148417635dc1325c8714686d9","c60f5039bc2e0d7a3fe09bf44f1a4253eb9bdbd46c797c83cd70b0e64320e1e1","motion_blur","atomic","","2729011942104316117","medium","[{""distortion"": ""motion_blur"", ""severity"": ""medium""}]","{""contrast"": 0.9294117647058824, ""sharpness"": 0.0011467465665191412, ""ink_ratio"": 0.07158173521809885, ""contrast_ratio"": 0.9834024896265561, ""sharpness_ratio"": 0.4804385171450675, ""ink_change_ratio"": 0.6953597222652739, ""passed"": true, ""reasons"": []}","calfa-ai/RASAM-1","train","0dd7531ae68fb0bfc5cb7b189955cb3002a1ec95"
"dist_b71a399f97e38a43","dist_b71a399f97e38a43.png","blur","originals/arabic_ocr_000096.png","arabic_ocr_000096","segment_00030_page_00001","arabic_ocr_000096.txt","distorted/blur/dist_b71a399f97e38a43.png","ground_truth/arabic_ocr_000096.txt","7443a7b3f0062f65ed7e7ecc1e37f201a0e9495024fd84d89d76e55f62e858a6","d2654eac3e84b864e3782d44e69325a6e7a06a869020e4f993aa74317f891dda","2fe46ed31dec072f9877f4a1c05bab6afbbea2642f98cf75bd78ce966325176b","gaussian_blur","atomic","","2675607670660109337","heavy","[{""distortion"": ""gaussian_blur"", ""severity"": ""heavy""}]","{""contrast"": 0.6274509803921569, ""sharpness"": 0.0003093884151894599, ""ink_ratio"": 0.0356943509430571, ""contrast_ratio"": 0.6274509803921569, ""sharpness_ratio"": 0.1286809226896565, ""ink_change_ratio"": 1.429165823087683, ""passed"": true, ""reasons"": []}","craneset/arabic-ocr","train","c7df81cbef12277b46aa592bb0114636d642e6ad"
"dist_de59ccc5709ff25b","dist_de59ccc5709ff25b.png","blur","originals/arabic_ocr_000033.png","arabic_ocr_000033","174","arabic_ocr_000033.txt","distorted/blur/dist_de59ccc5709ff25b.png","ground_truth/arabic_ocr_000033.txt","b2ce71861224239ddc862a5de73d2c489befaf37954f1ee804a60c43020218a3","a0dcf48bb25dfb50ec143c76a564735ab991b64c75f32b5da3f316d0b5e1c0f3","ed2cb89ace8e2f33e2346d1ea38344a5354da9cb633022b2f43e8a087c1eeb91","motion_blur","atomic","","8879962069435068841","heavy","[{""distortion"": ""motion_blur"", ""severity"": ""heavy""}]","{""contrast"": 0.5294117647058824, ""sharpness"": 0.0015311978058889508, ""ink_ratio"": 0.12302249236767573, ""contrast_ratio"": 0.5869565217391304, ""sharpness_ratio"": 0.13864175553460703, ""ink_change_ratio"": 1.4888932168493685, ""passed"": true, ""reasons"": []}","mohres/The_Arabic_E-Book_Corpus","train","7d26ca7c2041064a7f36f03ecb4c5c1dd1a15e1a"
"dist_d81844ae32aab663","dist_d81844ae32aab663.png","blur","originals/arabic_ocr_000070.png","arabic_ocr_000070","0314","arabic_ocr_000070.txt","distorted/blur/dist_d81844ae32aab663.png","ground_truth/arabic_ocr_000070.txt","8f099b4baa2765fa914d4e000ebbf34c134dc22f39364194aed025f3ab904516","27a2c751ddf847da19460c3b54831213b05cb95b059dd28fde9631dba7a9d75f","8596c076e8172ce83cfc8ca546f6fae9c6d6390ee5daead982b8943324ce8cae","gaussian_blur","atomic","","6400085369385854927","light","[{""distortion"": ""gaussian_blur"", ""severity"": ""light""}]","{""contrast"": 0.8784313725490196, ""sharpness"": 0.0038439936470240355, ""ink_ratio"": 0.18186775057004065, ""contrast_ratio"": 0.9955555555555555, ""sharpness_ratio"": 0.48364277225653035, ""ink_change_ratio"": 1.1163852122318576, ""passed"": true, ""reasons"": []}","calfa-ai/RASAM-2","train","dd04242a1f18e519df0944d19ae2d868e404d6e5"
"dist_035d7671b45266be","dist_035d7671b45266be.png","blur","originals/arabic_ocr_000007.png","arabic_ocr_000007","131","arabic_ocr_000007.txt","distorted/blur/dist_035d7671b45266be.png","ground_truth/arabic_ocr_000007.txt","eea2b76c5908fb3e624f0ee70cc4c4ee8cbddf25bbc0905207f276a347bc2768","f6be1fb01fb180aaa55b5e75c065815aed5a0d92900d18447c30ca1432b660cc","3b2fa970b74d057e83e6a374c0071176711ac529cd943d0b7fcdf79919087977","motion_blur","atomic","","7987227369432520457","light","[{""distortion"": ""motion_blur"", ""severity"": ""light""}]","{""contrast"": 0.5098039215686274, ""sharpness"": 0.0015351647743955255, ""ink_ratio"": 0.04823261117445838, ""contrast_ratio"": 0.625, ""sharpness_ratio"": 0.3351179144494832, ""ink_change_ratio"": 1.3813336142420731, ""passed"": true, ""reasons"": []}","ahmedheakl/arocrbench_hindawi","train","5693b901e43bb5c72b4b77e4a3efeadfd01739a8"
"dist_7b88ffdd6d81f6b1","dist_7b88ffdd6d81f6b1.png","blur","originals/arabic_ocr_000044.png","arabic_ocr_000044","1131","arabic_ocr_000044.txt","distorted/blur/dist_7b88ffdd6d81f6b1.png","ground_truth/arabic_ocr_000044.txt","20349917e34ad4246a4597a197dab0a82096250b82930a84e0a3ce720a76d9cd","ccabb760124a6c6fad3be3412d5a3dd21c6e8e55fe3e664f1f94dbd2e9c30299","c652c2e48153ab0a3e2231152c01995839e15269e67432fcca0c63c87ad06ce5","gaussian_blur","atomic","","2502535733270066748","medium","[{""distortion"": ""gaussian_blur"", ""severity"": ""medium""}]","{""contrast"": 0.611764705882353, ""sharpness"": 0.0015687230043113232, ""ink_ratio"": 0.12340778680987237, ""contrast_ratio"": 0.6782608695652175, ""sharpness_ratio"": 0.14057830610169839, ""ink_change_ratio"": 1.4740752945053135, ""passed"": true, ""reasons"": []}","mohres/The_Arabic_E-Book_Corpus","train","7d26ca7c2041064a7f36f03ecb4c5c1dd1a15e1a"
"dist_ad1006a0f977266b","dist_ad1006a0f977266b.png","blur","originals/arabic_ocr_000081.png","arabic_ocr_000081","0","arabic_ocr_000081.txt","distorted/blur/dist_ad1006a0f977266b.png","ground_truth/arabic_ocr_000081.txt","4ba8426411d91e6c175911c61550db503c7be2bedc116d1bbc536adc036e44e4","fa553d1e39b806bb0567bf549ca681f578b7ffb1b6d73dd0711b6c37e83ff010","d692a26930d6af7aa82724f67ce0512ba091669e88fa91633ce269c475f3acf4","motion_blur","atomic","","3096962494977613123","medium","[{""distortion"": ""motion_blur"", ""severity"": ""medium""}]","{""contrast"": 0.3333333333333333, ""sharpness"": 0.0004810071550309658, ""ink_ratio"": 0.025819113933736322, ""contrast_ratio"": 6.071428571428571, ""sharpness_ratio"": 0.20441465845581844, ""ink_change_ratio"": 1.6726813066970703, ""passed"": true, ""reasons"": []}","MohamedRashad/arabic-img2md","train","b259f4e285483107f1585960cfd62e17bdc6c712"
"dist_5f7eb816a16871fd","dist_5f7eb816a16871fd.png","blur","originals/arabic_ocr_000018.png","arabic_ocr_000018","113","arabic_ocr_000018.txt","distorted/blur/dist_5f7eb816a16871fd.png","ground_truth/arabic_ocr_000018.txt","91d7fbc8c7f361c3c94fa5dfbc6a8d7c0319bebcc21feff7f588a781f574d24d","bedf0e1c6041cecb0989f110a1e8d3f891a09050a9af73521770ee754e15e8d3","5f36c776e5c68e65ed63eb8dc3b168dbdc30ca47c9d8b13c5a8ceadf8e2fcd4a","gaussian_blur","atomic","","1331704586238603931","heavy","[{""distortion"": ""gaussian_blur"", ""severity"": ""heavy""}]","{""contrast"": 0.22745098039215686, ""sharpness"": 9.300679812440649e-05, ""ink_ratio"": 0.04574223641940577, ""contrast_ratio"": 0.8169014084507041, ""sharpness_ratio"": 0.1874404147223307, ""ink_change_ratio"": 1.254484818317571, ""passed"": true, ""reasons"": []}","ahmedheakl/arocrbench_khattparagraph","train","d0e44472833d6de53ff23ca0cb1d36c77a213581"
"dist_dea9283575da80cd","dist_dea9283575da80cd.png","blur","originals/arabic_ocr_000055.png","arabic_ocr_000055","000289","arabic_ocr_000055.txt","distorted/blur/dist_dea9283575da80cd.png","ground_truth/arabic_ocr_000055.txt","ecf32c05b0847dd1f4d4c8bcbff45c27a736fcdedc511178f4e3a0b4cfeaceb7","83058dc170d295334f31e1b0aeeb020d33d8eba795338bf4f64b0cb5f340f49f","3bf74a6c835f2f9332deb51e6abf0e92189bfe3a6d548bc5b5288944bfb87a3d","motion_blur","atomic","","4118255277459216811","heavy","[{""distortion"": ""motion_blur"", ""severity"": ""heavy""}]","{""contrast"": 0.803921568627451, ""sharpness"": 0.0003934174601454288, ""ink_ratio"": 0.12570513573862968, ""contrast_ratio"": 0.9624413145539906, ""sharpness_ratio"": 0.10236370534274147, ""ink_change_ratio"": 0.6478485804416403, ""passed"": true, ""reasons"": []}","calfa-ai/tarima","train","8ccf8adb3dec69f0eb5a54eede92fc0ce465509b"
"dist_6f35b0a2736e7c25","dist_6f35b0a2736e7c25.png","blur","originals/arabic_ocr_000092.png","arabic_ocr_000092","10001","arabic_ocr_000092.txt","distorted/blur/dist_6f35b0a2736e7c25.png","ground_truth/arabic_ocr_000092.txt","c752686f43104029783a153ad1d3ae831361a84a0e5d0186e51d869e2ae1d990","9c45c6ece415cc44816a31247ef792d6e4b39c955956f5194af5ecfab3347588","33dd7c4fecbb5fe53af6fa0b874747668f84df3d9f0c670d706088454963a7e2","gaussian_blur","atomic","","2731454284053189294","light","[{""distortion"": ""gaussian_blur"", ""severity"": ""light""}]","{""contrast"": 0.7372549019607844, ""sharpness"": 0.002531515434384346, ""ink_ratio"": 0.044970647653000594, ""contrast_ratio"": 0.7800829875518673, ""sharpness_ratio"": 0.49230417590123904, ""ink_change_ratio"": 1.1821441959265275, ""passed"": true, ""reasons"": []}","MohamedRashad/arabic-img2md","train","b259f4e285483107f1585960cfd62e17bdc6c712"
"dist_e9f62a976df86b0e","dist_e9f62a976df86b0e.png","blur","originals/arabic_ocr_000029.png","arabic_ocr_000029","129","arabic_ocr_000029.txt","distorted/blur/dist_e9f62a976df86b0e.png","ground_truth/arabic_ocr_000029.txt","5ccd88be00985b2031c08e6ad68afaff81bbf3360775ee4651fadb6f34fb2fae","ad6b3eab72e4dc820057c494c70bcf9f80f9e11036e8767e1c66f3c3ba99d377","fd2b127c8d9a4f5708d7b3475d29817beeba9cc97802831b7fad62a060b2fd55","motion_blur","atomic","","1184585080249793532","light","[{""distortion"": ""motion_blur"", ""severity"": ""light""}]","{""contrast"": 0.0, ""sharpness"": 9.30585665628314e-05, ""ink_ratio"": 0.00313752896604995, ""contrast_ratio"": 1.0, ""sharpness_ratio"": 0.38387230364525066, ""ink_change_ratio"": 1.2655786350148366, ""passed"": true, ""reasons"": []}","ahmedheakl/arocrbench_historyar","train","4e8d71775498cb10b873453910a2819714b46463"
"dist_0c866b39a5c00d81","dist_0c866b39a5c00d81.png","blur","originals/arabic_ocr_000066.png","arabic_ocr_000066","178749","arabic_ocr_000066.txt","distorted/blur/dist_0c866b39a5c00d81.png","ground_truth/arabic_ocr_000066.txt","140780783c54bf75fbd1c7340ea848b92e05cf94727168f0c3f4ab83c9719e87","7f3a397917cc033daf9c6cb4950fe3cdbbaf675b03e59facfa27b37ae51657b6","3d4349f3d2fb258c4ad00249c28a0b89b72293e246a90556bf28e39b28165a47","gaussian_blur","atomic","","5554946217184197024","medium","[{""distortion"": ""gaussian_blur"", ""severity"": ""medium""}]","{""contrast"": 0.8117647058823529, ""sharpness"": 0.001066082390025258, ""ink_ratio"": 0.1747689778332105, ""contrast_ratio"": 0.9764150943396226, ""sharpness_ratio"": 0.21746584337083316, ""ink_change_ratio"": 0.9571528370721105, ""passed"": true, ""reasons"": []}","calfa-ai/RASAM-2","train","dd04242a1f18e519df0944d19ae2d868e404d6e5"
"dist_0e7f25b5ede8387a","dist_0e7f25b5ede8387a.png","blur","originals/arabic_ocr_000003.png","arabic_ocr_000003","19","arabic_ocr_000003.txt","distorted/blur/dist_0e7f25b5ede8387a.png","ground_truth/arabic_ocr_000003.txt","8b429cd76b101529a536a338cff45eeef87bfc217e0d73d0c5390461fa18c638","9103097c8d656f7a22179bc0e29d789108c1ed4e9fa6f7835ef7a5c935b4ab47","92ebf9afc7ed08e887a0223219bcc457d78d99a48294891bffb551c9f44a6bab","motion_blur","atomic","","7630151052950198782","medium","[{""distortion"": ""motion_blur"", ""severity"": ""medium""}]","{""contrast"": 0.36470588235294116, ""sharpness"": 0.0007098705973476171, ""ink_ratio"": 0.03717355721484533, ""contrast_ratio"": 0.6, ""sharpness_ratio"": 0.1945492261954101, ""ink_change_ratio"": 1.3895744534579952, ""passed"": true, ""reasons"": []}","ahmedheakl/arocrbench_hindawi","train","5693b901e43bb5c72b4b77e4a3efeadfd01739a8"
"dist_a117414513a7ac2c","dist_a117414513a7ac2c.png","jpeg","originals/arabic_ocr_000048.png","arabic_ocr_000048","1479","arabic_ocr_000048.txt","distorted/jpeg/dist_a117414513a7ac2c.png","ground_truth/arabic_ocr_000048.txt","c639078257ab81cd00270b729c4575d2b6e21a98311c7b5c9ffe9a4af2a4490b","020993a1043d07c32c996c09850c6e07262bf6cfcd3b18eff32eec67288346e1","d40d90d6bab767c8f653ddf9d37a7abb17c99f495fe800f5326c2ebcb48e56fc","jpeg_compression","atomic","","1182987040428115599","light","[{""distortion"": ""jpeg_compression"", ""severity"": ""light""}]","{""contrast"": 0.9090980392156851, ""sharpness"": 0.010573253035545349, ""ink_ratio"": 0.08677676830838268, ""contrast_ratio"": 1.0079130434782595, ""sharpness_ratio"": 0.9340467435397592, ""ink_change_ratio"": 1.0311864851279586, ""passed"": true, ""reasons"": []}","mohres/The_Arabic_E-Book_Corpus","train","7d26ca7c2041064a7f36f03ecb4c5c1dd1a15e1a"
"dist_676ce44dc8f746a3","dist_676ce44dc8f746a3.png","jpeg","originals/arabic_ocr_000085.png","arabic_ocr_000085","1500","arabic_ocr_000085.txt","distorted/jpeg/dist_676ce44dc8f746a3.png","ground_truth/arabic_ocr_000085.txt","6176eee55a0fab4b45e46234d1f21eacf5bff06df9af4d35602a70ba62a7275f","f4b4b5d4f9f1dc09f89470fc0383c18d3be0e222b110e249298a5ba359491dfe","2f6c6bafb8da0c00f1210f04a096e77f5811bf4f2eaef70f4a94b1e6b25fa548","jpeg_compression","atomic","","6409173057655298375","medium","[{""distortion"": ""jpeg_compression"", ""severity"": ""medium""}]","{""contrast"": 0.8980392156862745, ""sharpness"": 0.004697343334555626, ""ink_ratio"": 0.039434922335297266, ""contrast_ratio"": 0.9308943089430894, ""sharpness_ratio"": 0.8762258732014837, ""ink_change_ratio"": 1.0495153341750498, ""passed"": true, ""reasons"": []}","MohamedRashad/arabic-img2md","train","b259f4e285483107f1585960cfd62e17bdc6c712"
"dist_6f8a10ebc5fab357","dist_6f8a10ebc5fab357.png","jpeg","originals/arabic_ocr_000022.png","arabic_ocr_000022","464","arabic_ocr_000022.txt","distorted/jpeg/dist_6f8a10ebc5fab357.png","ground_truth/arabic_ocr_000022.txt","81aee79326fdec32e8e065a1e30baefca23c2edf7e36bbf2c6ad55f7b37c271d","bef2f74b7af15cdb68f0101d09348f3335caed762418570d61d6b6c5a321f697","3b4340e50b7b3433c5cfe5fecf8cbec015ee580e130b9c1b0f24decb196b015f","jpeg_compression","atomic","","2387469341562907763","heavy","[{""distortion"": ""jpeg_compression"", ""severity"": ""heavy""}]","{""contrast"": 0.7215686274509804, ""sharpness"": 0.005369352176785469, ""ink_ratio"": 0.1262162998215348, ""contrast_ratio"": 0.9945945945945946, ""sharpness_ratio"": 0.8616168416836603, ""ink_change_ratio"": 1.0428279333123622, ""passed"": true, ""reasons"": []}","ahmedheakl/arocrbench_doclaynet","train","92853b44e9259cbdbbbb3cb84ae9ced036d58c3f"
"dist_17cc3f21932b4c78","dist_17cc3f21932b4c78.png","jpeg","originals/arabic_ocr_000059.png","arabic_ocr_000059","0029","arabic_ocr_000059.txt","distorted/jpeg/dist_17cc3f21932b4c78.png","ground_truth/arabic_ocr_000059.txt","5724642a4fd39f3bd6341fbb6269aa39e8251aaa6d6a28ea1f8e0b33d83487f4","cc00f6950367aa8643321bd8cc9dda6444e90be148417635dc1325c8714686d9","c60f5039bc2e0d7a3fe09bf44f1a4253eb9bdbd46c797c83cd70b0e64320e1e1","jpeg_compression","atomic","","4744778396859849618","light","[{""distortion"": ""jpeg_compression"", ""severity"": ""light""}]","{""contrast"": 0.9372549019607843, ""sharpness"": 0.0023102392442524433, ""ink_ratio"": 0.09436484891030346, ""contrast_ratio"": 0.991701244813278, ""sharpness_ratio"": 0.9678929496410738, ""ink_change_ratio"": 0.9166795821580236, ""passed"": true, ""reasons"": []}","calfa-ai/RASAM-1","train","0dd7531ae68fb0bfc5cb7b189955cb3002a1ec95"
"dist_77ca6273e7dbe50f","dist_77ca6273e7dbe50f.png","jpeg","originals/arabic_ocr_000096.png","arabic_ocr_000096","segment_00030_page_00001","arabic_ocr_000096.txt","distorted/jpeg/dist_77ca6273e7dbe50f.png","ground_truth/arabic_ocr_000096.txt","e109e50a8cf2d52ab3cd3281b0d7d9fc62555cb58d6d5a58bdedc587a4f7a40d","d2654eac3e84b864e3782d44e69325a6e7a06a869020e4f993aa74317f891dda","2fe46ed31dec072f9877f4a1c05bab6afbbea2642f98cf75bd78ce966325176b","jpeg_compression","atomic","","5705994103427048093","medium","[{""distortion"": ""jpeg_compression"", ""severity"": ""medium""}]","{""contrast"": 0.9019607843137255, ""sharpness"": 0.0019142928067594767, ""ink_ratio"": 0.02665885124035895, ""contrast_ratio"": 0.9019607843137255, ""sharpness_ratio"": 0.7961932398830611, ""ink_change_ratio"": 1.0673935249944784, ""passed"": true, ""reasons"": []}","craneset/arabic-ocr","train","c7df81cbef12277b46aa592bb0114636d642e6ad"
"dist_2b2ffa5ab69772d4","dist_2b2ffa5ab69772d4.png","jpeg","originals/arabic_ocr_000033.png","arabic_ocr_000033","174","arabic_ocr_000033.txt","distorted/jpeg/dist_2b2ffa5ab69772d4.png","ground_truth/arabic_ocr_000033.txt","71687ce147fc9a162eef21f090ab51fb2aa72ae90952f32299d43f9ba31b15c3","a0dcf48bb25dfb50ec143c76a564735ab991b64c75f32b5da3f316d0b5e1c0f3","ed2cb89ace8e2f33e2346d1ea38344a5354da9cb633022b2f43e8a087c1eeb91","jpeg_compression","atomic","","3601794292022722559","heavy","[{""distortion"": ""jpeg_compression"", ""severity"": ""heavy""}]","{""contrast"": 0.8941176470588236, ""sharpness"": 0.009032285772264004, ""ink_ratio"": 0.09172582484275572, ""contrast_ratio"": 0.991304347826087, ""sharpness_ratio"": 0.8178250720715532, ""ink_change_ratio"": 1.1101218630015022, ""passed"": true, ""reasons"": []}","mohres/The_Arabic_E-Book_Corpus","train","7d26ca7c2041064a7f36f03ecb4c5c1dd1a15e1a"
"dist_8bcaa349fa14f63a","dist_8bcaa349fa14f63a.png","jpeg","originals/arabic_ocr_000070.png","arabic_ocr_000070","0314","arabic_ocr_000070.txt","distorted/jpeg/dist_8bcaa349fa14f63a.png","ground_truth/arabic_ocr_000070.txt","4f967b1e27b43c956dd57798c6e5be8021bcca6b39d71af7b197aefc325569f1","27a2c751ddf847da19460c3b54831213b05cb95b059dd28fde9631dba7a9d75f","8596c076e8172ce83cfc8ca546f6fae9c6d6390ee5daead982b8943324ce8cae","jpeg_compression","atomic","","7444919861958541585","light","[{""distortion"": ""jpeg_compression"", ""severity"": ""light""}]","{""contrast"": 0.8784313725490196, ""sharpness"": 0.007522552739828825, ""ink_ratio"": 0.15976008724100327, ""contrast_ratio"": 0.9955555555555555, ""sharpness_ratio"": 0.9464709350790511, ""ink_change_ratio"": 0.9806785333941883, ""passed"": true, ""reasons"": []}","calfa-ai/RASAM-2","train","dd04242a1f18e519df0944d19ae2d868e404d6e5"
"dist_bca0fef5eb5434b1","dist_bca0fef5eb5434b1.png","jpeg","originals/arabic_ocr_000007.png","arabic_ocr_000007","131","arabic_ocr_000007.txt","distorted/jpeg/dist_bca0fef5eb5434b1.png","ground_truth/arabic_ocr_000007.txt","c893310d24c84412d0a5275d1adb432a8e6b70ec0e682739a08c03dff2ebc64a","f6be1fb01fb180aaa55b5e75c065815aed5a0d92900d18447c30ca1432b660cc","3b2fa970b74d057e83e6a374c0071176711ac529cd943d0b7fcdf79919087977","jpeg_compression","atomic","","3730065102541180233","medium","[{""distortion"": ""jpeg_compression"", ""severity"": ""medium""}]","{""contrast"": 0.7098039215686275, ""sharpness"": 0.004039359278976917, ""ink_ratio"": 0.03732068635745025, ""contrast_ratio"": 0.8701923076923077, ""sharpness_ratio"": 0.8817696183889576, ""ink_change_ratio"": 1.0688270304434846, ""passed"": true, ""reasons"": []}","ahmedheakl/arocrbench_hindawi","train","5693b901e43bb5c72b4b77e4a3efeadfd01739a8"
"dist_0c05bbbc5488e5f7","dist_0c05bbbc5488e5f7.png","jpeg","originals/arabic_ocr_000044.png","arabic_ocr_000044","1131","arabic_ocr_000044.txt","distorted/jpeg/dist_0c05bbbc5488e5f7.png","ground_truth/arabic_ocr_000044.txt","c455472fc993e070c5fdf7537058c0ccdf47219b8cddb0b17a18bd4dc63c9221","ccabb760124a6c6fad3be3412d5a3dd21c6e8e55fe3e664f1f94dbd2e9c30299","c652c2e48153ab0a3e2231152c01995839e15269e67432fcca0c63c87ad06ce5","jpeg_compression","atomic","","1469350775251760191","heavy","[{""distortion"": ""jpeg_compression"", ""severity"": ""heavy""}]","{""contrast"": 0.8941176470588236, ""sharpness"": 0.009150167927145958, ""ink_ratio"": 0.09329826755434582, ""contrast_ratio"": 0.991304347826087, ""sharpness_ratio"": 0.8199759321493255, ""ink_change_ratio"": 1.1144245819260234, ""passed"": true, ""reasons"": []}","mohres/The_Arabic_E-Book_Corpus","train","7d26ca7c2041064a7f36f03ecb4c5c1dd1a15e1a"
"dist_a66f0705537ab05b","dist_a66f0705537ab05b.png","jpeg","originals/arabic_ocr_000081.png","arabic_ocr_000081","0","arabic_ocr_000081.txt","distorted/jpeg/dist_a66f0705537ab05b.png","ground_truth/arabic_ocr_000081.txt","fd8c77f83fdbae1d15211e89ee7fbc73bd54c0279888554934eed83c21dc61a9","fa553d1e39b806bb0567bf549ca681f578b7ffb1b6d73dd0711b6c37e83ff010","d692a26930d6af7aa82724f67ce0512ba091669e88fa91633ce269c475f3acf4","jpeg_compression","atomic","","6306121930794510093","light","[{""distortion"": ""jpeg_compression"", ""severity"": ""light""}]","{""contrast"": 0.09803921568627451, ""sharpness"": 0.002146016340702772, ""ink_ratio"": 0.015896013466982935, ""contrast_ratio"": 1.7857142857142858, ""sharpness_ratio"": 0.9119972389955857, ""ink_change_ratio"": 1.0298170822386357, ""passed"": true, ""reasons"": []}","MohamedRashad/arabic-img2md","train","b259f4e285483107f1585960cfd62e17bdc6c712"
"dist_e27a0f6c6b9adbea","dist_e27a0f6c6b9adbea.png","jpeg","originals/arabic_ocr_000018.png","arabic_ocr_000018","113","arabic_ocr_000018.txt","distorted/jpeg/dist_e27a0f6c6b9adbea.png","ground_truth/arabic_ocr_000018.txt","a445baddb739c839fdb724f51ba5178ab1a82048ec022161c2adcb834c1fe160","bedf0e1c6041cecb0989f110a1e8d3f891a09050a9af73521770ee754e15e8d3","5f36c776e5c68e65ed63eb8dc3b168dbdc30ca47c9d8b13c5a8ceadf8e2fcd4a","jpeg_compression","atomic","","8917874163578229254","medium","[{""distortion"": ""jpeg_compression"", ""severity"": ""medium""}]","{""contrast"": 0.27450980392156865, ""sharpness"": 0.00048295900342054665, ""ink_ratio"": 0.036973700927455215, ""contrast_ratio"": 0.9859154929577465, ""sharpness_ratio"": 0.9733270870581158, ""ink_change_ratio"": 1.014006968641115, ""passed"": true, ""reasons"": []}","ahmedheakl/arocrbench_khattparagraph","train","d0e44472833d6de53ff23ca0cb1d36c77a213581"
"dist_6fff6848fda90a9d","dist_6fff6848fda90a9d.png","jpeg","originals/arabic_ocr_000055.png","arabic_ocr_000055","000289","arabic_ocr_000055.txt","distorted/jpeg/dist_6fff6848fda90a9d.png","ground_truth/arabic_ocr_000055.txt","def658524fd6bccde193fd5ee37eb0d39c5624c1378eea79594b1a8455b56029","83058dc170d295334f31e1b0aeeb020d33d8eba795338bf4f64b0cb5f340f49f","3bf74a6c835f2f9332deb51e6abf0e92189bfe3a6d548bc5b5288944bfb87a3d","jpeg_compression","atomic","","8794918650757138868","heavy","[{""distortion"": ""jpeg_compression"", ""severity"": ""heavy""}]","{""contrast"": 0.8627450980392157, ""sharpness"": 0.0036745253019034863, ""ink_ratio"": 0.18272809182434285, ""contrast_ratio"": 1.0328638497652582, ""sharpness_ratio"": 0.9560786273681278, ""ink_change_ratio"": 0.9417287066246056, ""passed"": true, ""reasons"": []}","calfa-ai/tarima","train","8ccf8adb3dec69f0eb5a54eede92fc0ce465509b"
"dist_7a6c3aeeeb602e68","dist_7a6c3aeeeb602e68.png","jpeg","originals/arabic_ocr_000092.png","arabic_ocr_000092","10001","arabic_ocr_000092.txt","distorted/jpeg/dist_7a6c3aeeeb602e68.png","ground_truth/arabic_ocr_000092.txt","b336820c44264e531ee3e85384f4497335c2bc31e34981a6094aa097007437f8","9c45c6ece415cc44816a31247ef792d6e4b39c955956f5194af5ecfab3347588","33dd7c4fecbb5fe53af6fa0b874747668f84df3d9f0c670d706088454963a7e2","jpeg_compression","atomic","","2961969590450560921","light","[{""distortion"": ""jpeg_compression"", ""severity"": ""light""}]","{""contrast"": 0.8862745098039215, ""sharpness"": 0.0046571423299610615, ""ink_ratio"": 0.03952846108140226, ""contrast_ratio"": 0.9377593360995851, ""sharpness_ratio"": 0.9056751484368647, ""ink_change_ratio"": 1.0390853429963764, ""passed"": true, ""reasons"": []}","MohamedRashad/arabic-img2md","train","b259f4e285483107f1585960cfd62e17bdc6c712"
"dist_7d79da4af4134bc7","dist_7d79da4af4134bc7.png","jpeg","originals/arabic_ocr_000029.png","arabic_ocr_000029","129","arabic_ocr_000029.txt","distorted/jpeg/dist_7d79da4af4134bc7.png","ground_truth/arabic_ocr_000029.txt","c3d54b4423bd061785a3547d7ef2aedf3f7d6f7a8f0c6b030eed3eedd80e8326","ad6b3eab72e4dc820057c494c70bcf9f80f9e11036e8767e1c66f3c3ba99d377","fd2b127c8d9a4f5708d7b3475d29817beeba9cc97802831b7fad62a060b2fd55","jpeg_compression","atomic","","5051206873224828125","medium","[{""distortion"": ""jpeg_compression"", ""severity"": ""medium""}]","{""contrast"": 0.0, ""sharpness"": 0.00021584641945082694, ""ink_ratio"": 0.0026037260455364698, ""contrast_ratio"": 1.0, ""sharpness_ratio"": 0.8903797396473345, ""ink_change_ratio"": 1.0502596439169138, ""passed"": true, ""reasons"": []}","ahmedheakl/arocrbench_historyar","train","4e8d71775498cb10b873453910a2819714b46463"
"dist_9d729a67accfffe3","dist_9d729a67accfffe3.png","jpeg","originals/arabic_ocr_000066.png","arabic_ocr_000066","178749","arabic_ocr_000066.txt","distorted/jpeg/dist_9d729a67accfffe3.png","ground_truth/arabic_ocr_000066.txt","1d0ce5044d7205b5804668e7a87f4443aaa12433e3edd44b34e8478384105ffc","7f3a397917cc033daf9c6cb4950fe3cdbbaf675b03e59facfa27b37ae51657b6","3d4349f3d2fb258c4ad00249c28a0b89b72293e246a90556bf28e39b28165a47","jpeg_compression","atomic","","3522040208650882143","heavy","[{""distortion"": ""jpeg_compression"", ""severity"": ""heavy""}]","{""contrast"": 0.8705882352941177, ""sharpness"": 0.004590470809489489, ""ink_ratio"": 0.17401071489313452, ""contrast_ratio"": 1.0471698113207546, ""sharpness_ratio"": 0.9363916104375116, ""ink_change_ratio"": 0.9530000776216719, ""passed"": true, ""reasons"": []}","calfa-ai/RASAM-2","train","dd04242a1f18e519df0944d19ae2d868e404d6e5"
"dist_a733bdc5670dea6f","dist_a733bdc5670dea6f.png","jpeg","originals/arabic_ocr_000003.png","arabic_ocr_000003","19","arabic_ocr_000003.txt","distorted/jpeg/dist_a733bdc5670dea6f.png","ground_truth/arabic_ocr_000003.txt","98e7e2c7a7dc954d52313b2ae363932eae167078d2d853f4ac899445a8692853","9103097c8d656f7a22179bc0e29d789108c1ed4e9fa6f7835ef7a5c935b4ab47","92ebf9afc7ed08e887a0223219bcc457d78d99a48294891bffb551c9f44a6bab","jpeg_compression","atomic","","6437520292896998874","light","[{""distortion"": ""jpeg_compression"", ""severity"": ""light""}]","{""contrast"": 0.5803921568627451, ""sharpness"": 0.0033915466628968716, ""ink_ratio"": 0.027599128259830064, ""contrast_ratio"": 0.9548387096774195, ""sharpness_ratio"": 0.9294972651883235, ""ink_change_ratio"": 1.0316753746734497, ""passed"": true, ""reasons"": []}","ahmedheakl/arocrbench_hindawi","train","5693b901e43bb5c72b4b77e4a3efeadfd01739a8"
"dist_3092e88abf40a83a","dist_3092e88abf40a83a.png","jpeg","originals/arabic_ocr_000040.png","arabic_ocr_000040","783","arabic_ocr_000040.txt","distorted/jpeg/dist_3092e88abf40a83a.png","ground_truth/arabic_ocr_000040.txt","e817710213098f3f091ca3f4574231379ac444666c6b848fa1e84c703021ff7f","7b4186b0aefd78a49500b9e5b6f9d45c55d7913a2d409f6304267a1d89d5815e","a3791e715317a7f49ef9a4acaa21fe30e4fe720a114b86ba4ce9716415d5df21","jpeg_compression","atomic","","8856885202265860413","medium","[{""distortion"": ""jpeg_compression"", ""severity"": ""medium""}]","{""contrast"": 0.9058823529411765, ""sharpness"": 0.01010112464427948, ""ink_ratio"": 0.09050787140912936, ""contrast_ratio"": 1.0043478260869565, ""sharpness_ratio"": 0.8831273815574406, ""ink_change_ratio"": 1.0675969564014818, ""passed"": true, ""reasons"": []}","mohres/The_Arabic_E-Book_Corpus","train","7d26ca7c2041064a7f36f03ecb4c5c1dd1a15e1a"
"dist_c9d33868d72886b6","dist_c9d33868d72886b6.png","jpeg","originals/arabic_ocr_000077.png","arabic_ocr_000077","036","arabic_ocr_000077.txt","distorted/jpeg/dist_c9d33868d72886b6.png","ground_truth/arabic_ocr_000077.txt","719e3048d91f5682aef99da859b831e40d168d32f9c89cc415d6c5c7ebd69ee2","0facd721f7d7e6c6262e085d064ab169b02a1eaa5ed9d11f19abaeb96732c187","c8e4cd5475194e69e6014ea3205b571920c4ae292e7657828e5d6a9123c6d75f","jpeg_compression","atomic","","6658706877388374904","heavy","[{""distortion"": ""jpeg_compression"", ""severity"": ""heavy""}]","{""contrast"": 0.9921568627450981, ""sharpness"": 0.004857415799051523, ""ink_ratio"": 0.15464703685258965, ""contrast_ratio"": 1.0411522633744856, ""sharpness_ratio"": 0.9384631841612435, ""ink_change_ratio"": 0.9221845854020695, ""passed"": true, ""reasons"": []}","calfa-ai/iskandar","train","8cd27a8a823b4bf7d5f119a3f94ec798fc792ab0"
"dist_eae2fb92722582c5","dist_eae2fb92722582c5.png","jpeg","originals/arabic_ocr_000014.png","arabic_ocr_000014","9","arabic_ocr_000014.txt","distorted/jpeg/dist_eae2fb92722582c5.png","ground_truth/arabic_ocr_000014.txt","15589d20ec249e42fd0c52407b80ee31b8a3b48d77e6f327889428a7fd1bccb7","020db3f7756f93ae8bd3fcac45c5c20095ca0a1f6e02b92da11802f6ed21df83","d3d3c5235a50e7889fc134b83f9537c6c2b868b86dff8359ee648e6d1cff5cf2","jpeg_compression","atomic","","3469255400240516904","light","[{""distortion"": ""jpeg_compression"", ""severity"": ""light""}]","{""contrast"": 0.9490196078431372, ""sharpness"": 0.014906606636941433, ""ink_ratio"": 0.1340498752303753, ""contrast_ratio"": 1.01255230125523, ""sharpness_ratio"": 0.9761973535442963, ""ink_change_ratio"": 1.0145535791435731, ""passed"": true, ""reasons"": []}","ahmedheakl/arocrbench_historicalbooks","train","cbe0684cfc878f281be6d6b11c22f41d32842c00"
"dist_8d2327fa0a046fa2","dist_8d2327fa0a046fa2.png","jpeg","originals/arabic_ocr_000051.png","arabic_ocr_000051","0258","arabic_ocr_000051.txt","distorted/jpeg/dist_8d2327fa0a046fa2.png","ground_truth/arabic_ocr_000051.txt","578914fa7d66988927737bea3790112c3cfa722ba620ad6bc8b7836407fe1336","4ced79ce1de6661a658fc6d1981858683c67c5efd91573106da54c3f8dfc0e08","9aae7e57c6b567ca8cde4481f27ecbb1b1d7b579193fd77690b5d839049b2473","jpeg_compression","atomic","","7297098494748312211","medium","[{""distortion"": ""jpeg_compression"", ""severity"": ""medium""}]","{""contrast"": 0.6901960784313725, ""sharpness"": 0.006756814196705818, ""ink_ratio"": 0.06183414915059027, ""contrast_ratio"": 1.0057142857142858, ""sharpness_ratio"": 0.9228712642698548, ""ink_change_ratio"": 1.1592442645074224, ""passed"": true, ""reasons"": []}","calfa-ai/tarima","train","8ccf8adb3dec69f0eb5a54eede92fc0ce465509b"
"dist_6678ba07b6d928d1","dist_6678ba07b6d928d1.png","jpeg","originals/arabic_ocr_000088.png","arabic_ocr_000088","4721","arabic_ocr_000088.txt","distorted/jpeg/dist_6678ba07b6d928d1.png","ground_truth/arabic_ocr_000088.txt","4fb8af8098fd71f3d4d3928d297fb088f28dc37b80d5cea1b950d3cd293177eb","147fcd39b6e3fab00665e7cb2121247647a0f6733fbcd9a0d103f293cde8a98b","54c1c426b44f8dad2224be2bcc2112b9a7707c59f569e0c96b007c6faa8d7d97","jpeg_compression","atomic","","7059642836489800693","heavy","[{""distortion"": ""jpeg_compression"", ""severity"": ""heavy""}]","{""contrast"": 0.047058823529411764, ""sharpness"": 0.0014585726894438267, ""ink_ratio"": 0.012830421865715983, ""contrast_ratio"": 2.4, ""sharpness_ratio"": 0.8229311194162194, ""ink_change_ratio"": 1.1277209108000834, ""passed"": true, ""reasons"": []}","MohamedRashad/arabic-img2md","train","b259f4e285483107f1585960cfd62e17bdc6c712"
"dist_87e5800e4970d023","dist_87e5800e4970d023.png","jpeg","originals/arabic_ocr_000025.png","arabic_ocr_000025","200","arabic_ocr_000025.txt","distorted/jpeg/dist_87e5800e4970d023.png","ground_truth/arabic_ocr_000025.txt","9841e8d8d6c1383ebe1e10ac2952316f5790ea343fc8a3bf4143df8b44e01871","8a6edbbf00471efd39b1a9dccd6bfb8a468cd6ccb17df99e733eb7ea24a61ecc","5036b5e6a87781e9fbb5b95eb9e675e3a93138263cbebbc34a7cc893113c9c68","jpeg_compression","atomic","","4336389841795720228","light","[{""distortion"": ""jpeg_compression"", ""severity"": ""light""}]","{""contrast"": 0.4666666666666667, ""sharpness"": 0.0005589440697804093, ""ink_ratio"": 0.03175151781142565, ""contrast_ratio"": 0.9916666666666667, ""sharpness_ratio"": 0.888083848052041, ""ink_change_ratio"": 0.9698916322198639, ""passed"": true, ""reasons"": []}","ahmedheakl/arocrbench_tables","train","1fc7dbf1414f82f04c091087af31d30446bd1867"
"dist_34b97e5a4f2bf1b0","dist_34b97e5a4f2bf1b0.png","noise","originals/arabic_ocr_000070.png","arabic_ocr_000070","0314","arabic_ocr_000070.txt","distorted/noise/dist_34b97e5a4f2bf1b0.png","ground_truth/arabic_ocr_000070.txt","c0897c7dae1547c1131d1c20110ed9c24e69bebc87ad8afd8ec78d8e648b386f","27a2c751ddf847da19460c3b54831213b05cb95b059dd28fde9631dba7a9d75f","8596c076e8172ce83cfc8ca546f6fae9c6d6390ee5daead982b8943324ce8cae","gaussian_noise","atomic","","4767669050655972306","light","[{""distortion"": ""gaussian_noise"", ""severity"": ""light""}]","{""contrast"": 0.8784313725490196, ""sharpness"": 0.007956759072840214, ""ink_ratio"": 0.16855854069594528, ""contrast_ratio"": 0.9955555555555555, ""sharpness_ratio"": 1.0011018148130875, ""ink_change_ratio"": 1.0346873573710635, ""passed"": true, ""reasons"": []}","calfa-ai/RASAM-2","train","dd04242a1f18e519df0944d19ae2d868e404d6e5"
"dist_6a39dee5e82182c6","dist_6a39dee5e82182c6.png","noise","originals/arabic_ocr_000007.png","arabic_ocr_000007","131","arabic_ocr_000007.txt","distorted/noise/dist_6a39dee5e82182c6.png","ground_truth/arabic_ocr_000007.txt","4368c5ea3b7a5e4342d1aac589ae404f0fd7e8c775b057065c2dbcacff40f139","f6be1fb01fb180aaa55b5e75c065815aed5a0d92900d18447c30ca1432b660cc","3b2fa970b74d057e83e6a374c0071176711ac529cd943d0b7fcdf79919087977","salt_pepper_noise","atomic","","8334945010381011606","light","[{""distortion"": ""salt_pepper_noise"", ""severity"": ""light""}]","{""contrast"": 0.8901960784313725, ""sharpness"": 0.005956518463790417, ""ink_ratio"": 0.034830065840291316, ""contrast_ratio"": 1.0913461538461537, ""sharpness_ratio"": 1.3002747836962758, ""ink_change_ratio"": 0.9974981565363953, ""passed"": true, ""reasons"": []}","ahmedheakl/arocrbench_hindawi","train","5693b901e43bb5c72b4b77e4a3efeadfd01739a8"
"dist_647231df71a21443","dist_647231df71a21443.png","noise","originals/arabic_ocr_000044.png","arabic_ocr_000044","1131","arabic_ocr_000044.txt","distorted/noise/dist_647231df71a21443.png","ground_truth/arabic_ocr_000044.txt","6e84783d191af0697fba310ea2b563f002f4153fc82decea2add70e9700ed41c","ccabb760124a6c6fad3be3412d5a3dd21c6e8e55fe3e664f1f94dbd2e9c30299","c652c2e48153ab0a3e2231152c01995839e15269e67432fcca0c63c87ad06ce5","gaussian_noise","atomic","","2111952009039491084","medium","[{""distortion"": ""gaussian_noise"", ""severity"": ""medium""}]","{""contrast"": 0.9058823529411765, ""sharpness"": 0.010918314568698406, ""ink_ratio"": 0.08363050354949056, ""contrast_ratio"": 1.0043478260869565, ""sharpness_ratio"": 0.9784252307990705, ""ink_change_ratio"": 0.998945547409177, ""passed"": true, ""reasons"": []}","mohres/The_Arabic_E-Book_Corpus","train","7d26ca7c2041064a7f36f03ecb4c5c1dd1a15e1a"
"dist_dd876b1586be2412","dist_dd876b1586be2412.png","noise","originals/arabic_ocr_000081.png","arabic_ocr_000081","0","arabic_ocr_000081.txt","distorted/noise/dist_dd876b1586be2412.png","ground_truth/arabic_ocr_000081.txt","54b006865973a8f52722b40f21ae789ca63a363100044e8e9a13dd1f22d4a94d","fa553d1e39b806bb0567bf549ca681f578b7ffb1b6d73dd0711b6c37e83ff010","d692a26930d6af7aa82724f67ce0512ba091669e88fa91633ce269c475f3acf4","salt_pepper_noise","atomic","","117539321415669110","medium","[{""distortion"": ""salt_pepper_noise"", ""severity"": ""medium""}]","{""contrast"": 0.9529411764705882, ""sharpness"": 0.006533198058605194, ""ink_ratio"": 0.015401713979646492, ""contrast_ratio"": 17.357142857142858, ""sharpness_ratio"": 2.7764274102908564, ""ink_change_ratio"": 0.9977940811976405, ""passed"": true, ""reasons"": []}","MohamedRashad/arabic-img2md","train","b259f4e285483107f1585960cfd62e17bdc6c712"
"dist_77098089e86cc49d","dist_77098089e86cc49d.png","noise","originals/arabic_ocr_000018.png","arabic_ocr_000018","113","arabic_ocr_000018.txt","distorted/noise/dist_77098089e86cc49d.png","ground_truth/arabic_ocr_000018.txt","05752a021d674cd13759ee83c6d8235a9476cad8c2fa82c2a3e64d36a7dc5001","bedf0e1c6041cecb0989f110a1e8d3f891a09050a9af73521770ee754e15e8d3","5f36c776e5c68e65ed63eb8dc3b168dbdc30ca47c9d8b13c5a8ceadf8e2fcd4a","gaussian_noise","atomic","","4313082024174101066","heavy","[{""distortion"": ""gaussian_noise"", ""severity"": ""heavy""}]","{""contrast"": 0.2823529411764706, ""sharpness"": 0.0008838547510094941, ""ink_ratio"": 0.05083507268998312, ""contrast_ratio"": 1.0140845070422535, ""sharpness_ratio"": 1.7812687290010836, ""ink_change_ratio"": 1.3941562966650074, ""passed"": true, ""reasons"": []}","ahmedheakl/arocrbench_khattparagraph","train","d0e44472833d6de53ff23ca0cb1d36c77a213581"
"dist_ef204b39e82dd389","dist_ef204b39e82dd389.png","noise","originals/arabic_ocr_000055.png","arabic_ocr_000055","000289","arabic_ocr_000055.txt","distorted/noise/dist_ef204b39e82dd389.png","ground_truth/arabic_ocr_000055.txt","0f4655995010f1ff9ed5570c5f18bbb328427d0c868f678b6b7adf969b113e1f","83058dc170d295334f31e1b0aeeb020d33d8eba795338bf4f64b0cb5f340f49f","3bf74a6c835f2f9332deb51e6abf0e92189bfe3a6d548bc5b5288944bfb87a3d","salt_pepper_noise","atomic","","2817897594273936952","heavy","[{""distortion"": ""salt_pepper_noise"", ""severity"": ""heavy""}]","{""contrast"": 1.0, ""sharpness"": 0.010829065926373005, ""ink_ratio"": 0.18561718964233948, ""contrast_ratio"": 1.1971830985915493, ""sharpness_ratio"": 2.8176261247139465, ""ink_change_ratio"": 0.9566182965299683, ""passed"": true, ""reasons"": []}","calfa-ai/tarima","train","8ccf8adb3dec69f0eb5a54eede92fc0ce465509b"
"dist_195a5715b7f740a9","dist_195a5715b7f740a9.png","noise","originals/arabic_ocr_000092.png","arabic_ocr_000092","10001","arabic_ocr_000092.txt","distorted/noise/dist_195a5715b7f740a9.png","ground_truth/arabic_ocr_000092.txt","f1086b2eae47a666c4da70e224abe74d5d3316f69b6179b2704eb90c763f0445","9c45c6ece415cc44816a31247ef792d6e4b39c955956f5194af5ecfab3347588","33dd7c4fecbb5fe53af6fa0b874747668f84df3d9f0c670d706088454963a7e2","gaussian_noise","atomic","","366297863393206824","light","[{""distortion"": ""gaussian_noise"", ""severity"": ""light""}]","{""contrast"": 0.9450980392156862, ""sharpness"": 0.005078372545540333, ""ink_ratio"": 0.037957456922162805, ""contrast_ratio"": 1.0, ""sharpness_ratio"": 0.9875918499227818, ""ink_change_ratio"": 0.9977883293764838, ""passed"": true, ""reasons"": []}","MohamedRashad/arabic-img2md","train","b259f4e285483107f1585960cfd62e17bdc6c712"
"dist_99d99d8dd1094008","dist_99d99d8dd1094008.png","noise","originals/arabic_ocr_000029.png","arabic_ocr_000029","129","arabic_ocr_000029.txt","distorted/noise/dist_99d99d8dd1094008.png","ground_truth/arabic_ocr_000029.txt","042d5230cde2d4944db43546e9c67f1819a471eb55ae46229ea836fc0c19faa6","ad6b3eab72e4dc820057c494c70bcf9f80f9e11036e8767e1c66f3c3ba99d377","fd2b127c8d9a4f5708d7b3475d29817beeba9cc97802831b7fad62a060b2fd55","salt_pepper_noise","atomic","","8375970791092260036","light","[{""distortion"": ""salt_pepper_noise"", ""severity"": ""light""}]","{""contrast"": 0.0, ""sharpness"": 0.0016992792952805758, ""ink_ratio"": 0.002479126052892927, ""contrast_ratio"": 1.0, ""sharpness_ratio"": 7.009631479500683, ""ink_change_ratio"": 1.0, ""passed"": true, ""reasons"": []}","ahmedheakl/arocrbench_historyar","train","4e8d71775498cb10b873453910a2819714b46463"
"dist_dae4da6109c2681f","dist_dae4da6109c2681f.png","noise","originals/arabic_ocr_000066.png","arabic_ocr_000066","178749","arabic_ocr_000066.txt","distorted/noise/dist_dae4da6109c2681f.png","ground_truth/arabic_ocr_000066.txt","3a767d358693bf3bf2f2c09100a1ceaebd99e2e4c03d5f4d4afd755ef02c98d5","7f3a397917cc033daf9c6cb4950fe3cdbbaf675b03e59facfa27b37ae51657b6","3d4349f3d2fb258c4ad00249c28a0b89b72293e246a90556bf28e39b28165a47","gaussian_noise","atomic","","2760116782636457407","medium","[{""distortion"": ""gaussian_noise"", ""severity"": ""medium""}]","{""contrast"": 0.8588235294117647, ""sharpness"": 0.0050736842676997185, ""ink_ratio"": 0.22570723963943534, ""contrast_ratio"": 1.0330188679245282, ""sharpness_ratio"": 1.0349603732282888, ""ink_change_ratio"": 1.2361251261352169, ""passed"": true, ""reasons"": []}","calfa-ai/RASAM-2","train","dd04242a1f18e519df0944d19ae2d868e404d6e5"
"dist_33ef2fea9941b184","dist_33ef2fea9941b184.png","noise","originals/arabic_ocr_000003.png","arabic_ocr_000003","19","arabic_ocr_000003.txt","distorted/noise/dist_33ef2fea9941b184.png","ground_truth/arabic_ocr_000003.txt","da2b1aaa4ffe8d3ed5aa38e3f0b74b8443020f0bded6078902fe2f8fd68fbbf2","9103097c8d656f7a22179bc0e29d789108c1ed4e9fa6f7835ef7a5c935b4ab47","92ebf9afc7ed08e887a0223219bcc457d78d99a48294891bffb551c9f44a6bab","salt_pepper_noise","atomic","","1822679048175747986","medium","[{""distortion"": ""salt_pepper_noise"", ""severity"": ""medium""}]","{""contrast"": 0.9019607843137255, ""sharpness"": 0.007733739446848631, ""ink_ratio"": 0.02649014234744547, ""contrast_ratio"": 1.4838709677419357, ""sharpness_ratio"": 2.1195314055873404, ""ink_change_ratio"": 0.990220679224529, ""passed"": true, ""reasons"": []}","ahmedheakl/arocrbench_hindawi","train","5693b901e43bb5c72b4b77e4a3efeadfd01739a8"
"dist_5f0a76aa94ec6b12","dist_5f0a76aa94ec6b12.png","noise","originals/arabic_ocr_000040.png","arabic_ocr_000040","783","arabic_ocr_000040.txt","distorted/noise/dist_5f0a76aa94ec6b12.png","ground_truth/arabic_ocr_000040.txt","ec04f0cfa06ba146b12f7c1bf7db74c648637616f6321fd38d20fa8152bc5f56","7b4186b0aefd78a49500b9e5b6f9d45c55d7913a2d409f6304267a1d89d5815e","a3791e715317a7f49ef9a4acaa21fe30e4fe720a114b86ba4ce9716415d5df21","gaussian_noise","atomic","","2248611272476018860","heavy","[{""distortion"": ""gaussian_noise"", ""severity"": ""heavy""}]","{""contrast"": 0.9058823529411765, ""sharpness"": 0.0110614113509655, ""ink_ratio"": 0.09205548607790488, ""contrast_ratio"": 1.0043478260869565, ""sharpness_ratio"": 0.9670839225056129, ""ink_change_ratio"": 1.0858520394604827, ""passed"": true, ""reasons"": []}","mohres/The_Arabic_E-Book_Corpus","train","7d26ca7c2041064a7f36f03ecb4c5c1dd1a15e1a"
"dist_9fd54ffdbebbf9e2","dist_9fd54ffdbebbf9e2.png","noise","originals/arabic_ocr_000077.png","arabic_ocr_000077","036","arabic_ocr_000077.txt","distorted/noise/dist_9fd54ffdbebbf9e2.png","ground_truth/arabic_ocr_000077.txt","6c57a767c04cf32498aea2b6be33e6a452e8ca13e8b5887405692f8c9d308f72","0facd721f7d7e6c6262e085d064ab169b02a1eaa5ed9d11f19abaeb96732c187","c8e4cd5475194e69e6014ea3205b571920c4ae292e7657828e5d6a9123c6d75f","salt_pepper_noise","atomic","","8273305448661832622","heavy","[{""distortion"": ""salt_pepper_noise"", ""severity"": ""heavy""}]","{""contrast"": 1.0, ""sharpness"": 0.01262561697512865, ""ink_ratio"": 0.1652374875498008, ""contrast_ratio"": 1.0493827160493827, ""sharpness_ratio"": 2.4392963663504155, ""ink_change_ratio"": 0.9853371073268061, ""passed"": true, ""reasons"": []}","calfa-ai/iskandar","train","8cd27a8a823b4bf7d5f119a3f94ec798fc792ab0"
"dist_59b61bedd35be622","dist_59b61bedd35be622.png","noise","originals/arabic_ocr_000014.png","arabic_ocr_000014","9","arabic_ocr_000014.txt","distorted/noise/dist_59b61bedd35be622.png","ground_truth/arabic_ocr_000014.txt","e28089bb08c08d23928f4c16c96f9818e275243b476d5f7522bf0e9c647429fd","020db3f7756f93ae8bd3fcac45c5c20095ca0a1f6e02b92da11802f6ed21df83","d3d3c5235a50e7889fc134b83f9537c6c2b868b86dff8359ee648e6d1cff5cf2","gaussian_noise","atomic","","5624852583885538746","light","[{""distortion"": ""gaussian_noise"", ""severity"": ""light""}]","{""contrast"": 0.9411764705882353, ""sharpness"": 0.015105747617781162, ""ink_ratio"": 0.13084337742403732, ""contrast_ratio"": 1.00418410041841, ""sharpness_ratio"": 0.9892386112371233, ""ink_change_ratio"": 0.9902852699016182, ""passed"": true, ""reasons"": []}","ahmedheakl/arocrbench_historicalbooks","train","cbe0684cfc878f281be6d6b11c22f41d32842c00"
"dist_970711469d55d4be","dist_970711469d55d4be.png","noise","originals/arabic_ocr_000051.png","arabic_ocr_000051","0258","arabic_ocr_000051.txt","distorted/noise/dist_970711469d55d4be.png","ground_truth/arabic_ocr_000051.txt","5c6a497a5d0ee623b790c8db7c240bc48d1a1c86b8ab453c7ab1ca79136d5fb0","4ced79ce1de6661a658fc6d1981858683c67c5efd91573106da54c3f8dfc0e08","9aae7e57c6b567ca8cde4481f27ecbb1b1d7b579193fd77690b5d839049b2473","salt_pepper_noise","atomic","","5016910171499137911","light","[{""distortion"": ""salt_pepper_noise"", ""severity"": ""light""}]","{""contrast"": 0.7098039215686275, ""sharpness"": 0.008305042050778866, ""ink_ratio"": 0.05305211632594299, ""contrast_ratio"": 1.0342857142857143, ""sharpness_ratio"": 1.1343340861664217, ""ink_change_ratio"": 0.9946018893387315, ""passed"": true, ""reasons"": []}","calfa-ai/tarima","train","8ccf8adb3dec69f0eb5a54eede92fc0ce465509b"
"dist_d79c5445b55909aa","dist_d79c5445b55909aa.png","noise","originals/arabic_ocr_000088.png","arabic_ocr_000088","4721","arabic_ocr_000088.txt","distorted/noise/dist_d79c5445b55909aa.png","ground_truth/arabic_ocr_000088.txt","a06b7a2d1ce7087cd454efeab893166dd8169dc713dcb4c503a6ee9ddd073a9c","147fcd39b6e3fab00665e7cb2121247647a0f6733fbcd9a0d103f293cde8a98b","54c1c426b44f8dad2224be2bcc2112b9a7707c59f569e0c96b007c6faa8d7d97","gaussian_noise","atomic","","2684199028912614050","medium","[{""distortion"": ""gaussian_noise"", ""severity"": ""medium""}]","{""contrast"": 0.08235294117647059, ""sharpness"": 0.0018131225369870663, ""ink_ratio"": 0.01367225193107546, ""contrast_ratio"": 4.2, ""sharpness_ratio"": 1.0229692149045313, ""ink_change_ratio"": 1.2017129726342175, ""passed"": true, ""reasons"": []}","MohamedRashad/arabic-img2md","train","b259f4e285483107f1585960cfd62e17bdc6c712"
"dist_3fa5e21f1a48a0be","dist_3fa5e21f1a48a0be.png","noise","originals/arabic_ocr_000025.png","arabic_ocr_000025","200","arabic_ocr_000025.txt","distorted/noise/dist_3fa5e21f1a48a0be.png","ground_truth/arabic_ocr_000025.txt","d53c2c0787365b8f957ea6e7ba6685f5abf65e1a63530f05ffe7dd9e7ec21a74","8a6edbbf00471efd39b1a9dccd6bfb8a468cd6ccb17df99e733eb7ea24a61ecc","5036b5e6a87781e9fbb5b95eb9e675e3a93138263cbebbc34a7cc893113c9c68","salt_pepper_noise","atomic","","7001748981599525304","medium","[{""distortion"": ""salt_pepper_noise"", ""severity"": ""medium""}]","{""contrast"": 0.4745098039215686, ""sharpness"": 0.004586775321513414, ""ink_ratio"": 0.03107856045644064, ""contrast_ratio"": 1.0083333333333333, ""sharpness_ratio"": 7.287743618570086, ""ink_change_ratio"": 0.9493352698022568, ""passed"": true, ""reasons"": []}","ahmedheakl/arocrbench_tables","train","1fc7dbf1414f82f04c091087af31d30446bd1867"
"dist_48dc8a47e830a050","dist_48dc8a47e830a050.png","noise","originals/arabic_ocr_000062.png","arabic_ocr_000062","0030","arabic_ocr_000062.txt","distorted/noise/dist_48dc8a47e830a050.png","ground_truth/arabic_ocr_000062.txt","2c74814673f7fdb17b168298e50917c8710f334ad257dab8b5a6593c564714e9","f31417e9ecdc5ea5bff649fac6acfceafb2e3bc1455a5df2835b49c83f4702e8","7dc7448083d3446279fbbd2441696d287c8380264eecc3fc211aa249397eb51f","gaussian_noise","atomic","","8570360692192185720","heavy","[{""distortion"": ""gaussian_noise"", ""severity"": ""heavy""}]","{""contrast"": 0.9333333333333333, ""sharpness"": 0.02674424648284912, ""ink_ratio"": 0.21799628942486085, ""contrast_ratio"": 1.043859649122807, ""sharpness_ratio"": 0.97574097612371, ""ink_change_ratio"": 0.8901515151515151, ""passed"": true, ""reasons"": []}","calfa-ai/RASAM-1","train","0dd7531ae68fb0bfc5cb7b189955cb3002a1ec95"
"dist_35bf0456187ab15a","dist_35bf0456187ab15a.png","noise","originals/arabic_ocr_000099.png","arabic_ocr_000099","segment_00030_page_00004","arabic_ocr_000099.txt","distorted/noise/dist_35bf0456187ab15a.png","ground_truth/arabic_ocr_000099.txt","28a99eaf2bfe8715cfe05cd91a51a7ade242d7d50519206b669306b2cfc30e66","76bd996b541486f5aaff1059bb77d27c292bccd989f2c321604714cd9a8fb479","e69115006fdd1ae655df9c23af8014ec617a732cccfc4983a0f89b9ca61a029d","salt_pepper_noise","atomic","","6588971556634343533","heavy","[{""distortion"": ""salt_pepper_noise"", ""severity"": ""heavy""}]","{""contrast"": 1.0, ""sharpness"": 0.011539497412741184, ""ink_ratio"": 0.02177862469795764, ""contrast_ratio"": 1.0, ""sharpness_ratio"": 5.508341350300259, ""ink_change_ratio"": 0.9993988063141159, ""passed"": true, ""reasons"": []}","craneset/arabic-ocr","train","c7df81cbef12277b46aa592bb0114636d642e6ad"
"dist_2f0f9d09d23535ff","dist_2f0f9d09d23535ff.png","noise","originals/arabic_ocr_000036.png","arabic_ocr_000036","435","arabic_ocr_000036.txt","distorted/noise/dist_2f0f9d09d23535ff.png","ground_truth/arabic_ocr_000036.txt","e57ac3e251ecfec8ba0daffd8078f0c9f1cdacfc7d36fecf0857b88f2139cac7","203ec3d11858cba53ea55aa2035353bf8b6d9020d64d1cd01299dc84e723e13d","8511aefb4872f3bdcb1238c9a6debde3d04e30e82e5bd48704e4cde779a9b994","gaussian_noise","atomic","","5536635831881749911","light","[{""distortion"": ""gaussian_noise"", ""severity"": ""light""}]","{""contrast"": 0.9019607843137255, ""sharpness"": 0.010170215740799904, ""ink_ratio"": 0.07609795122668922, ""contrast_ratio"": 1.0, ""sharpness_ratio"": 0.9895148551105805, ""ink_change_ratio"": 0.9956506830773673, ""passed"": true, ""reasons"": []}","mohres/The_Arabic_E-Book_Corpus","train","7d26ca7c2041064a7f36f03ecb4c5c1dd1a15e1a"
"dist_3d201717b81510f2","dist_3d201717b81510f2.png","noise","originals/arabic_ocr_000073.png","arabic_ocr_000073","l110-007","arabic_ocr_000073.txt","distorted/noise/dist_3d201717b81510f2.png","ground_truth/arabic_ocr_000073.txt","be1d2198ddd5749d6e110cddb9830c356aa8c54c46c853d35bd8d944d817a515","b7d792bab418b493792832fca5c46b12ef676a63d0923f10c8c0cb27803c628d","55cfa042816b53399d6721dd1633b96a3ca9a340d06a20300b8d746f62a7ffb6","salt_pepper_noise","atomic","","1276954915456372280","light","[{""distortion"": ""salt_pepper_noise"", ""severity"": ""light""}]","{""contrast"": 0.6313725490196078, ""sharpness"": 0.003306242637336254, ""ink_ratio"": 0.16284981370352744, ""contrast_ratio"": 1.00625, ""sharpness_ratio"": 1.3289491120875732, ""ink_change_ratio"": 1.0887785193232966, ""passed"": true, ""reasons"": []}","calfa-ai/baybars","train","ce04cd0779386abf25ee24faf84518df33ed41b3"
"dist_96cdee43f74680a4","dist_96cdee43f74680a4.png","noise","originals/arabic_ocr_000010.png","arabic_ocr_000010","1","arabic_ocr_000010.txt","distorted/noise/dist_96cdee43f74680a4.png","ground_truth/arabic_ocr_000010.txt","dcc88a87ca667b1bb0f4a8ce01d3fbaa44aaeb021ac9b9bbb4688783bf3d71ce","1a9383515c64db0eb9914f39fc1597f38117c5d278dca4935e5d65de7d28ce0c","4067c3f392e2d28cd00d7eac155192d4c17124ba6991e521bd9f6a828fbe7f9b","gaussian_noise","atomic","","2011392645797895673","medium","[{""distortion"": ""gaussian_noise"", ""severity"": ""medium""}]","{""contrast"": 0.9607843137254902, ""sharpness"": 0.0112075200304389, ""ink_ratio"": 0.10485538211961146, ""contrast_ratio"": 0.9919028340080972, ""sharpness_ratio"": 0.9719661593115685, ""ink_change_ratio"": 0.9947915444712948, ""passed"": true, ""reasons"": []}","ahmedheakl/arocrbench_historicalbooks","train","cbe0684cfc878f281be6d6b11c22f41d32842c00"
"dist_aa68f6306453f40d","dist_aa68f6306453f40d.png","noise","originals/arabic_ocr_000047.png","arabic_ocr_000047","1392","arabic_ocr_000047.txt","distorted/noise/dist_aa68f6306453f40d.png","ground_truth/arabic_ocr_000047.txt","8b7ff2842d83fbe2358288afb26f13f580e262b211ab91d709679ccfc79dc6b9","75a1a9b7a8df8e95a34238ac7125fb63393d9b8144505ae72ed9d65dfc113e8d","a425e68615e9604298afd711775fb75a6ecb78270a62860a61df256016f56cde","salt_pepper_noise","atomic","","6869005859027229070","medium","[{""distortion"": ""salt_pepper_noise"", ""severity"": ""medium""}]","{""contrast"": 0.9019607843137255, ""sharpness"": 0.013448779471218586, ""ink_ratio"": 0.06803159598337441, ""contrast_ratio"": 1.0, ""sharpness_ratio"": 1.3826636463633035, ""ink_change_ratio"": 0.9917292225201073, ""passed"": true, ""reasons"": []}","mohres/The_Arabic_E-Book_Corpus","train","7d26ca7c2041064a7f36f03ecb4c5c1dd1a15e1a"
"dist_f61569f0ace1e3ad","dist_f61569f0ace1e3ad.png","skew","originals/arabic_ocr_000092.png","arabic_ocr_000092","10001","arabic_ocr_000092.txt","distorted/skew/dist_f61569f0ace1e3ad.png","ground_truth/arabic_ocr_000092.txt","fa1caac5cd1d219489a49a543c2c5f88e78b9865e4525ce1714f4931ceb71ac5","9c45c6ece415cc44816a31247ef792d6e4b39c955956f5194af5ecfab3347588","33dd7c4fecbb5fe53af6fa0b874747668f84df3d9f0c670d706088454963a7e2","rotation","atomic","","2313565771486413730","light","[{""distortion"": ""rotation"", ""severity"": ""light""}]","{""contrast"": 0.8274509803921568, ""sharpness"": 0.003896959125995636, ""ink_ratio"": 0.04166939988116459, ""contrast_ratio"": 0.8755186721991701, ""sharpness_ratio"": 0.7578422098424468, ""ink_change_ratio"": 1.0953642384105962, ""passed"": true, ""reasons"": []}","MohamedRashad/arabic-img2md","train","b259f4e285483107f1585960cfd62e17bdc6c712"
"dist_436ac0237cdcdbfa","dist_436ac0237cdcdbfa.png","skew","originals/arabic_ocr_000029.png","arabic_ocr_000029","129","arabic_ocr_000029.txt","distorted/skew/dist_436ac0237cdcdbfa.png","ground_truth/arabic_ocr_000029.txt","a7fddbf699ff0e7cc07aab6071cd14d21cd3dc65d066c88362e14ddbe7054c80","ad6b3eab72e4dc820057c494c70bcf9f80f9e11036e8767e1c66f3c3ba99d377","fd2b127c8d9a4f5708d7b3475d29817beeba9cc97802831b7fad62a060b2fd55","skew","atomic","","7076602293980982361","light","[{""distortion"": ""skew"", ""severity"": ""light""}]","{""contrast"": 0.0, ""sharpness"": 0.00018067614291794598, ""ink_ratio"": 0.002674531945415088, ""contrast_ratio"": 1.0, ""sharpness_ratio"": 0.7453001884444697, ""ink_change_ratio"": 1.0788204747774481, ""passed"": true, ""reasons"": []}","ahmedheakl/arocrbench_historyar","train","4e8d71775498cb10b873453910a2819714b46463"
"dist_6d7cd02ae6250fb6","dist_6d7cd02ae6250fb6.png","skew","originals/arabic_ocr_000066.png","arabic_ocr_000066","178749","arabic_ocr_000066.txt","distorted/skew/dist_6d7cd02ae6250fb6.png","ground_truth/arabic_ocr_000066.txt","2d9cff22b97f3c90cff7264d2d457f2b41ca6d575fdb00b1f62498009be45d2a","7f3a397917cc033daf9c6cb4950fe3cdbbaf675b03e59facfa27b37ae51657b6","3d4349f3d2fb258c4ad00249c28a0b89b72293e246a90556bf28e39b28165a47","rotation","atomic","","4797401919865479318","medium","[{""distortion"": ""rotation"", ""severity"": ""medium""}]","{""contrast"": 0.8196078431372549, ""sharpness"": 0.0032803567592054605, ""ink_ratio"": 0.16048245365383526, ""contrast_ratio"": 0.9858490566037735, ""sharpness_ratio"": 0.6691467337537835, ""ink_change_ratio"": 0.8789101917255298, ""passed"": true, ""reasons"": []}","calfa-ai/RASAM-2","train","dd04242a1f18e519df0944d19ae2d868e404d6e5"
"dist_8e4dfdb0cf014fab","dist_8e4dfdb0cf014fab.png","skew","originals/arabic_ocr_000003.png","arabic_ocr_000003","19","arabic_ocr_000003.txt","distorted/skew/dist_8e4dfdb0cf014fab.png","ground_truth/arabic_ocr_000003.txt","bd471820b683d0a9fa208974a9881f5ca85d2ca7b98915ca8df93d414530234f","9103097c8d656f7a22179bc0e29d789108c1ed4e9fa6f7835ef7a5c935b4ab47","92ebf9afc7ed08e887a0223219bcc457d78d99a48294891bffb551c9f44a6bab","skew","atomic","","3567464786156947032","medium","[{""distortion"": ""skew"", ""severity"": ""medium""}]","{""contrast"": 0.5450980392156862, ""sharpness"": 0.002712518209591508, ""ink_ratio"": 0.029494795306580352, ""contrast_ratio"": 0.896774193548387, ""sharpness_ratio"": 0.7434007278069699, ""ink_change_ratio"": 1.1025367798707548, ""passed"": true, ""reasons"": []}","ahmedheakl/arocrbench_hindawi","train","5693b901e43bb5c72b4b77e4a3efeadfd01739a8"
"dist_278bc33dc00f5615","dist_278bc33dc00f5615.png","skew","originals/arabic_ocr_000040.png","arabic_ocr_000040","783","arabic_ocr_000040.txt","distorted/skew/dist_278bc33dc00f5615.png","ground_truth/arabic_ocr_000040.txt","b3b2a1df1c60b3549ca7a622d8c42689c9bd8c03e60c3478d978e78f3410a036","7b4186b0aefd78a49500b9e5b6f9d45c55d7913a2d409f6304267a1d89d5815e","a3791e715317a7f49ef9a4acaa21fe30e4fe720a114b86ba4ce9716415d5df21","rotation","atomic","","3104899041720565672","heavy","[{""distortion"": ""rotation"", ""severity"": ""heavy""}]","{""contrast"": 0.8745098039215686, ""sharpness"": 0.008509140461683273, ""ink_ratio"": 0.09431897598116747, ""contrast_ratio"": 0.9695652173913043, ""sharpness_ratio"": 0.7439424024419458, ""ink_change_ratio"": 1.1125513186938343, ""passed"": true, ""reasons"": []}","mohres/The_Arabic_E-Book_Corpus","train","7d26ca7c2041064a7f36f03ecb4c5c1dd1a15e1a"
"dist_00b5396e3c2f2616","dist_00b5396e3c2f2616.png","skew","originals/arabic_ocr_000077.png","arabic_ocr_000077","036","arabic_ocr_000077.txt","distorted/skew/dist_00b5396e3c2f2616.png","ground_truth/arabic_ocr_000077.txt","480d68fcea3f9b1bef2110c6514bbdc5e384e7a3f61cafc17f202cc75411f143","0facd721f7d7e6c6262e085d064ab169b02a1eaa5ed9d11f19abaeb96732c187","c8e4cd5475194e69e6014ea3205b571920c4ae292e7657828e5d6a9123c6d75f","skew","atomic","","3592080608712826109","heavy","[{""distortion"": ""skew"", ""severity"": ""heavy""}]","{""contrast"": 0.9411764705882353, ""sharpness"": 0.0035727631766349077, ""ink_ratio"": 0.1567480079681275, ""contrast_ratio"": 0.9876543209876544, ""sharpness_ratio"": 0.6902655333013772, ""ink_change_ratio"": 0.9347130063570135, ""passed"": true, ""reasons"": []}","calfa-ai/iskandar","train","8cd27a8a823b4bf7d5f119a3f94ec798fc792ab0"
"dist_fe77e3f44caeb643","dist_fe77e3f44caeb643.png","skew","originals/arabic_ocr_000014.png","arabic_ocr_000014","9","arabic_ocr_000014.txt","distorted/skew/dist_fe77e3f44caeb643.png","ground_truth/arabic_ocr_000014.txt","ca546d43f0879b8c81aee920c5772da47c37c67a441dd3d5b3f41e65c077c81e","020db3f7756f93ae8bd3fcac45c5c20095ca0a1f6e02b92da11802f6ed21df83","d3d3c5235a50e7889fc134b83f9537c6c2b868b86dff8359ee648e6d1cff5cf2","rotation","atomic","","8244947357753980189","light","[{""distortion"": ""rotation"", ""severity"": ""light""}]","{""contrast"": 0.7450980392156863, ""sharpness"": 0.008197259157896042, ""ink_ratio"": 0.17097516024334156, ""contrast_ratio"": 0.7949790794979079, ""sharpness_ratio"": 0.5368185322891674, ""ink_change_ratio"": 1.2940217995087087, ""passed"": true, ""reasons"": []}","ahmedheakl/arocrbench_historicalbooks","train","cbe0684cfc878f281be6d6b11c22f41d32842c00"
"dist_aba301438b699cd8","dist_aba301438b699cd8.png","skew","originals/arabic_ocr_000051.png","arabic_ocr_000051","0258","arabic_ocr_000051.txt","distorted/skew/dist_aba301438b699cd8.png","ground_truth/arabic_ocr_000051.txt","ec8599964281dbd859b43c44f668529ad10515994165ce8e7016ba0cd2dba8c6","4ced79ce1de6661a658fc6d1981858683c67c5efd91573106da54c3f8dfc0e08","9aae7e57c6b567ca8cde4481f27ecbb1b1d7b579193fd77690b5d839049b2473","skew","atomic","","1448025135418904399","light","[{""distortion"": ""skew"", ""severity"": ""light""}]","{""contrast"": 0.6470588235294118, ""sharpness"": 0.006366163957864046, ""ink_ratio"": 0.05427584221134466, ""contrast_ratio"": 0.942857142857143, ""sharpness_ratio"": 0.8695147756478955, ""ink_change_ratio"": 1.0175438596491229, ""passed"": true, ""reasons"": []}","calfa-ai/tarima","train","8ccf8adb3dec69f0eb5a54eede92fc0ce465509b"
"dist_639c5d7215003e5b","dist_639c5d7215003e5b.png","skew","originals/arabic_ocr_000088.png","arabic_ocr_000088","4721","arabic_ocr_000088.txt","distorted/skew/dist_639c5d7215003e5b.png","ground_truth/arabic_ocr_000088.txt","9ac43f4782a59903a64934e353c12944e68139443aa31cbea879c7d017f0ad48","147fcd39b6e3fab00665e7cb2121247647a0f6733fbcd9a0d103f293cde8a98b","54c1c426b44f8dad2224be2bcc2112b9a7707c59f569e0c96b007c6faa8d7d97","rotation","atomic","","7677530639780962947","medium","[{""distortion"": ""rotation"", ""severity"": ""medium""}]","{""contrast"": 0.023529411764705882, ""sharpness"": 0.0014128091279417276, ""ink_ratio"": 0.012553297682709448, ""contrast_ratio"": 1.2, ""sharpness_ratio"": 0.797111179712182, ""ink_change_ratio"": 1.1033632755379152, ""passed"": true, ""reasons"": []}","MohamedRashad/arabic-img2md","train","b259f4e285483107f1585960cfd62e17bdc6c712"
"dist_0ea747eb9ddc1721","dist_0ea747eb9ddc1721.png","skew","originals/arabic_ocr_000025.png","arabic_ocr_000025","200","arabic_ocr_000025.txt","distorted/skew/dist_0ea747eb9ddc1721.png","ground_truth/arabic_ocr_000025.txt","a1d6ea6d517b64894ed31d28e959ae9eca2a0572b1950931008f1d9aff00ef48","8a6edbbf00471efd39b1a9dccd6bfb8a468cd6ccb17df99e733eb7ea24a61ecc","5036b5e6a87781e9fbb5b95eb9e675e3a93138263cbebbc34a7cc893113c9c68","skew","atomic","","8985615530816450882","medium","[{""distortion"": ""skew"", ""severity"": ""medium""}]","{""contrast"": 0.47058823529411764, ""sharpness"": 0.00042039871914312243, ""ink_ratio"": 0.035385121790651744, ""contrast_ratio"": 1.0, ""sharpness_ratio"": 0.6679546888465067, ""ink_change_ratio"": 1.0808848173388448, ""passed"": true, ""reasons"": []}","ahmedheakl/arocrbench_tables","train","1fc7dbf1414f82f04c091087af31d30446bd1867"
"dist_230e8b6d9ab74c61","dist_230e8b6d9ab74c61.png","skew","originals/arabic_ocr_000062.png","arabic_ocr_000062","0030","arabic_ocr_000062.txt","distorted/skew/dist_230e8b6d9ab74c61.png","ground_truth/arabic_ocr_000062.txt","9328e9b1621eedeb60a323750feeb1fb959162b5a646c135468035831113153b","f31417e9ecdc5ea5bff649fac6acfceafb2e3bc1455a5df2835b49c83f4702e8","7dc7448083d3446279fbbd2441696d287c8380264eecc3fc211aa249397eb51f","rotation","atomic","","777078552096331761","heavy","[{""distortion"": ""rotation"", ""severity"": ""heavy""}]","{""contrast"": 0.8645490196078432, ""sharpness"": 0.021870099008083344, ""ink_ratio"": 0.22912801484230055, ""contrast_ratio"": 0.9669298245614036, ""sharpness_ratio"": 0.7979118711665447, ""ink_change_ratio"": 0.9356060606060607, ""passed"": true, ""reasons"": []}","calfa-ai/RASAM-1","train","0dd7531ae68fb0bfc5cb7b189955cb3002a1ec95"
"dist_b30c74fa8514a77a","dist_b30c74fa8514a77a.png","skew","originals/arabic_ocr_000099.png","arabic_ocr_000099","segment_00030_page_00004","arabic_ocr_000099.txt","distorted/skew/dist_b30c74fa8514a77a.png","ground_truth/arabic_ocr_000099.txt","577b25b6483677d3de5b65ce98a52d8363509ef0e17d29935fc36452397670e3","76bd996b541486f5aaff1059bb77d27c292bccd989f2c321604714cd9a8fb479","e69115006fdd1ae655df9c23af8014ec617a732cccfc4983a0f89b9ca61a029d","skew","atomic","","8684461270795783131","heavy","[{""distortion"": ""skew"", ""severity"": ""heavy""}]","{""contrast"": 0.7137254901960784, ""sharpness"": 0.001526659936644137, ""ink_ratio"": 0.024218579952132908, ""contrast_ratio"": 0.7137254901960784, ""sharpness_ratio"": 0.7287461278494316, ""ink_change_ratio"": 1.1113658566812263, ""passed"": true, ""reasons"": []}","craneset/arabic-ocr","train","c7df81cbef12277b46aa592bb0114636d642e6ad"
"dist_a9aa4238ed838c7a","dist_a9aa4238ed838c7a.png","perspective","originals/arabic_ocr_000004.png","arabic_ocr_000004","31","arabic_ocr_000004.txt","distorted/perspective/dist_a9aa4238ed838c7a.png","ground_truth/arabic_ocr_000004.txt","aa7daaf4e31e0df07f873c6823723c1e943c2712b24a772e62e8171b60f296be","7b8a2e41912ba578ed86083a819726224c7a1d4454d525f5a2734fa26d0395d9","a4065a58a731361fb63b7542ba432c934f9b9ccd14a7351f2ef1bac26541fc33","perspective","atomic","","1707372100177686232","light","[{""distortion"": ""perspective"", ""severity"": ""light""}]","{""contrast"": 0.6, ""sharpness"": 0.002927962224930525, ""ink_ratio"": 0.03276749917239857, ""contrast_ratio"": 0.8547486033519553, ""sharpness_ratio"": 0.7420284542833719, ""ink_change_ratio"": 1.1042454291911994, ""passed"": true, ""reasons"": []}","ahmedheakl/arocrbench_hindawi","train","5693b901e43bb5c72b4b77e4a3efeadfd01739a8"
"dist_2825472e1a33c89d","dist_2825472e1a33c89d.png","perspective","originals/arabic_ocr_000041.png","arabic_ocr_000041","870","arabic_ocr_000041.txt","distorted/perspective/dist_2825472e1a33c89d.png","ground_truth/arabic_ocr_000041.txt","a9d972665e8c7b50b9f1e7e2241dbc01182cb7ebad3bc91811dc4610fad9933c","d863afb6626834e89e903702f2070a3c22153946faaedb38f7521453a817ac9f","f603581576cd816cb1f29635be7fce92bb97d775ad198422a4369ec40ae4b6b3","perspective","atomic","","4406234997094968980","medium","[{""distortion"": ""perspective"", ""severity"": ""medium""}]","{""contrast"": 0.8862745098039215, ""sharpness"": 0.009902583435177803, ""ink_ratio"": 0.10904476404163754, ""contrast_ratio"": 0.9826086956521739, ""sharpness_ratio"": 0.7397450538747185, ""ink_change_ratio"": 1.091436223820634, ""passed"": true, ""reasons"": []}","mohres/The_Arabic_E-Book_Corpus","train","7d26ca7c2041064a7f36f03ecb4c5c1dd1a15e1a"
"dist_975457a46b52ec18","dist_975457a46b52ec18.png","perspective","originals/arabic_ocr_000078.png","arabic_ocr_000078","026","arabic_ocr_000078.txt","distorted/perspective/dist_975457a46b52ec18.png","ground_truth/arabic_ocr_000078.txt","1c9443937a47c822225f414212d2a843470e3dee40120dec17265c4c8cd8d921","5f6c7e5ce4d8cef4cb0cfa7659d9ee3e74028e2da3ca5558d098fddf2537c970","421e99ab2cb8f74ab6dc5ab951c19f5db109bff13f33bb1dc991ca6b9ef72894","perspective","atomic","","6733250439208476347","heavy","[{""distortion"": ""perspective"", ""severity"": ""heavy""}]","{""contrast"": 0.796078431372549, ""sharpness"": 0.004153210204094648, ""ink_ratio"": 0.09173936750272628, ""contrast_ratio"": 0.875, ""sharpness_ratio"": 0.7214156389598616, ""ink_change_ratio"": 0.9186319860468644, ""passed"": true, ""reasons"": []}","calfa-ai/iskandar","train","8cd27a8a823b4bf7d5f119a3f94ec798fc792ab0"
"dist_8d1d8fcc002efd40","dist_8d1d8fcc002efd40.png","perspective","originals/arabic_ocr_000015.png","arabic_ocr_000015","0","arabic_ocr_000015.txt","distorted/perspective/dist_8d1d8fcc002efd40.png","ground_truth/arabic_ocr_000015.txt","9a2ca0aaba5defaac06043daf01311eb3a2c32673c16592b51d360d8465a5ab2","03a0d3f7d2047ca2d4c8e260e1c805e1f28f82d25d920cf293706e8b1952c15a","3dcf46141a5bb91988fe66cc40d756f5cf273b48310f697d88d84a37f5f8fa75","perspective","atomic","","2635564705135287811","light","[{""distortion"": ""perspective"", ""severity"": ""light""}]","{""contrast"": 0.5803921568627451, ""sharpness"": 0.0006242427625693381, ""ink_ratio"": 0.04972656254053824, ""contrast_ratio"": 0.9866666666666667, ""sharpness_ratio"": 0.8380446672337813, ""ink_change_ratio"": 1.0142453961758273, ""passed"": true, ""reasons"": []}","ahmedheakl/arocrbench_khattparagraph","train","d0e44472833d6de53ff23ca0cb1d36c77a213581"
"dist_cbbb9ceb002dbfbd","dist_cbbb9ceb002dbfbd.png","perspective","originals/arabic_ocr_000052.png","arabic_ocr_000052","94","arabic_ocr_000052.txt","distorted/perspective/dist_cbbb9ceb002dbfbd.png","ground_truth/arabic_ocr_000052.txt","b3791ae5da9563f1552d01050231a263d5dd80fea37e2931c205e7f80809f5bb","2a1d49454c0b52892a0bce2a7339f047be3ba6f0bee2c5c4629bd5108f98771b","241c8da51e8300f15e280945115da40ac7ce3ee421aa9493068ffe6b86c0855e","perspective","atomic","","7705658869071938252","medium","[{""distortion"": ""perspective"", ""severity"": ""medium""}]","{""contrast"": 0.9882352941176471, ""sharpness"": 0.007336165755987167, ""ink_ratio"": 0.1311858076563959, ""contrast_ratio"": 0.9921259842519685, ""sharpness_ratio"": 0.7841527079090523, ""ink_change_ratio"": 0.9071344022382439, ""passed"": true, ""reasons"": []}","calfa-ai/tarima","train","8ccf8adb3dec69f0eb5a54eede92fc0ce465509b"
"dist_3519aa126ee9aadd","dist_3519aa126ee9aadd.png","perspective","originals/arabic_ocr_000089.png","arabic_ocr_000089","5900","arabic_ocr_000089.txt","distorted/perspective/dist_3519aa126ee9aadd.png","ground_truth/arabic_ocr_000089.txt","bd7ad54211b74571c457388ff57b24a05abd2a1598538a5659fb67cd47870f6d","24f9db4d19edc385d2895c7b43119708b95216ee517f53282d5e5ca62680784a","f566d9e7ec330ac869af2f1c522898893f20a01aebb361abe7fc38ce4dfa03da","perspective","atomic","","8101427552789717777","heavy","[{""distortion"": ""perspective"", ""severity"": ""heavy""}]","{""contrast"": 0.5882352941176471, ""sharpness"": 0.0031129259150475264, ""ink_ratio"": 0.028353092546640934, ""contrast_ratio"": 0.9202453987730063, ""sharpness_ratio"": 0.7620688939739404, ""ink_change_ratio"": 1.109648412912508, ""passed"": true, ""reasons"": []}","MohamedRashad/arabic-img2md","train","b259f4e285483107f1585960cfd62e17bdc6c712"
"dist_a77c42d15ad5ed3f","dist_a77c42d15ad5ed3f.png","perspective","originals/arabic_ocr_000026.png","arabic_ocr_000026","409","arabic_ocr_000026.txt","distorted/perspective/dist_a77c42d15ad5ed3f.png","ground_truth/arabic_ocr_000026.txt","42a9bbc26c5d485f7378df624f89cd1de207ed3d0c499474bb898b2d74d604c1","13c1be7dae0b30cdd0da702f74de7e209ad476aa61feac83e393524aace07d12","174336c5b029760e7118fc68ad90c1f86d52705af2e96002b90baed7caf58258","perspective","atomic","","8599722565034290203","light","[{""distortion"": ""perspective"", ""severity"": ""light""}]","{""contrast"": 0.5803921568627451, ""sharpness"": 0.0011590925278142095, ""ink_ratio"": 0.12617916666666668, ""contrast_ratio"": 1.0, ""sharpness_ratio"": 0.7175647136048403, ""ink_change_ratio"": 1.0027317428519396, ""passed"": true, ""reasons"": []}","ahmedheakl/arocrbench_tables","train","1fc7dbf1414f82f04c091087af31d30446bd1867"
"dist_35aca835fbc76cd9","dist_35aca835fbc76cd9.png","perspective","originals/arabic_ocr_000063.png","arabic_ocr_000063","00025","arabic_ocr_000063.txt","distorted/perspective/dist_35aca835fbc76cd9.png","ground_truth/arabic_ocr_000063.txt","f1623c2328032672678116ae4e52f41b7c429ce7ce4ca9076854971cc0fd9495","650b639ee582d628f839b89d37705b8b0d90a970ae81d97cd97268a7011f95ea","91a771f725a9203ef504a24872de1912e1b7d9b66589398e3d341c722d0abe50","perspective","atomic","","8705340162087072835","medium","[{""distortion"": ""perspective"", ""severity"": ""medium""}]","{""contrast"": 0.6784313725490196, ""sharpness"": 0.0005726603558287024, ""ink_ratio"": 0.13922866048815785, ""contrast_ratio"": 1.0, ""sharpness_ratio"": 0.7449066363360415, ""ink_change_ratio"": 1.0085556241573528, ""passed"": true, ""reasons"": []}","calfa-ai/RASAM-1","train","0dd7531ae68fb0bfc5cb7b189955cb3002a1ec95"
"dist_4bb08c1b35aff61e","dist_4bb08c1b35aff61e.png","perspective","originals/arabic_ocr_000100.png","arabic_ocr_000100","segment_00030_page_00005","arabic_ocr_000100.txt","distorted/perspective/dist_4bb08c1b35aff61e.png","ground_truth/arabic_ocr_000100.txt","81b429dc410333438435beb7baef5092b25b049267f97099f285b57286b3f6b7","2b529506f4ed66bd63b37b464403c2c678b8d320d103ca2fb47d7ae93e2eaedb","e12479e59fc610d00df75d6ff5a67f6606695a3dd156f654e90edeba548505f7","perspective","atomic","","6023035450955203972","heavy","[{""distortion"": ""perspective"", ""severity"": ""heavy""}]","{""contrast"": 1.0, ""sharpness"": 0.001806118176318705, ""ink_ratio"": 0.029047292944258257, ""contrast_ratio"": 1.0, ""sharpness_ratio"": 0.7308295487252296, ""ink_change_ratio"": 1.127308346732021, ""passed"": true, ""reasons"": []}","craneset/arabic-ocr","train","c7df81cbef12277b46aa592bb0114636d642e6ad"
"dist_729d2a4a45866e0b","dist_729d2a4a45866e0b.png","perspective","originals/arabic_ocr_000037.png","arabic_ocr_000037","522","arabic_ocr_000037.txt","distorted/perspective/dist_729d2a4a45866e0b.png","ground_truth/arabic_ocr_000037.txt","437c80cbb933a630e98aeb9b745ea2a2bc4e70e26c7e55528250e977faae0bc4","d83f614e08b35b09cc5065da57a06466100d9dac05bc1408e5195eedfdb8592a","1a77461fecc8897915ed4de70fca36be08f2163e02e25ab584e7da731d72993a","perspective","atomic","","1904752421254034876","light","[{""distortion"": ""perspective"", ""severity"": ""light""}]","{""contrast"": 0.7647058823529411, ""sharpness"": 0.00455261068418622, ""ink_ratio"": 0.0507719682201052, ""contrast_ratio"": 0.8552631578947367, ""sharpness_ratio"": 0.7303357466060644, ""ink_change_ratio"": 1.112177582612374, ""passed"": true, ""reasons"": []}","mohres/The_Arabic_E-Book_Corpus","train","7d26ca7c2041064a7f36f03ecb4c5c1dd1a15e1a"
"dist_e363e7af388af2bf","dist_e363e7af388af2bf.png","perspective","originals/arabic_ocr_000074.png","arabic_ocr_000074","l145b-019","arabic_ocr_000074.txt","distorted/perspective/dist_e363e7af388af2bf.png","ground_truth/arabic_ocr_000074.txt","2183f9e5db65af02b9fd9aec0e88094783f575b274ccd77d97943975df6b1409","dd2ddea9e74995e6971cf24484c214beb6ba37bf9e3364ea9ee2447195bb7c27","1b88d267c49a356f46a708ceedf1b27cbc61e8482f351b333ceaf30ebbab3734","perspective","atomic","","4311106805355605109","medium","[{""distortion"": ""perspective"", ""severity"": ""medium""}]","{""contrast"": 0.47058823529411764, ""sharpness"": 0.001667361124418676, ""ink_ratio"": 0.07657764388631261, ""contrast_ratio"": 0.7843137254901961, ""sharpness_ratio"": 0.5813464892573349, ""ink_change_ratio"": 0.9051747132568685, ""passed"": true, ""reasons"": []}","calfa-ai/baybars","train","ce04cd0779386abf25ee24faf84518df33ed41b3"
"dist_a411d7bc07b65f5e","dist_a411d7bc07b65f5e.png","perspective","originals/arabic_ocr_000011.png","arabic_ocr_000011","3","arabic_ocr_000011.txt","distorted/perspective/dist_a411d7bc07b65f5e.png","ground_truth/arabic_ocr_000011.txt","1ea123024aa74f03eba84ccb1e7673206de498eb7d87ec8a139bb12776dceb2f","bee3f767682ca18bf1fc0e9976566b4bd627b6ff010ac17318d9729c978730e3","6371b7838698de8d73404080650213b2a649dd4aaa7e58ced928430b32a78d4a","perspective","atomic","","388140186811839297","heavy","[{""distortion"": ""perspective"", ""severity"": ""heavy""}]","{""contrast"": 1.0, ""sharpness"": 0.009155300445854664, ""ink_ratio"": 0.1271352740618108, ""contrast_ratio"": 1.0, ""sharpness_ratio"": 0.7127462764438718, ""ink_change_ratio"": 1.0408675871220499, ""passed"": true, ""reasons"": []}","ahmedheakl/arocrbench_historicalbooks","train","cbe0684cfc878f281be6d6b11c22f41d32842c00"
"dist_033f8766bce6a60e","dist_033f8766bce6a60e.png","low_resolution","originals/arabic_ocr_000016.png","arabic_ocr_000016","17","arabic_ocr_000016.txt","distorted/low_resolution/dist_033f8766bce6a60e.png","ground_truth/arabic_ocr_000016.txt","27472bb8a797fb259b7316704847f1f6a7a958991087897837a6357822469354","75aa25f5cbafe1f5de1fb62480dbd2e4045a9244f7014d8e69ba9ee6bd24e2f2","02fdb2e97d996ca5afe98cb901098d50cf21702fa6177b7781e219db7411b4cf","low_resolution","atomic","","1117411268833038649","light","[{""distortion"": ""low_resolution"", ""severity"": ""light""}]","{""contrast"": 0.3176470588235294, ""sharpness"": 0.0004548854485619813, ""ink_ratio"": 0.05114401565473263, ""contrast_ratio"": 0.941860465116279, ""sharpness_ratio"": 0.6939736353205398, ""ink_change_ratio"": 1.057915182212302, ""passed"": true, ""reasons"": []}","ahmedheakl/arocrbench_khattparagraph","train","d0e44472833d6de53ff23ca0cb1d36c77a213581"
"dist_154bb6c32a7df689","dist_154bb6c32a7df689.png","low_resolution","originals/arabic_ocr_000053.png","arabic_ocr_000053","0006","arabic_ocr_000053.txt","distorted/low_resolution/dist_154bb6c32a7df689.png","ground_truth/arabic_ocr_000053.txt","0f3efe9bc2bcf34e6dcf4397b7980b1f0afdb754877d3f009ed3229ba80112b8","0ab07df101cec47e7252f7e284226ba012e90fe3fbf19a8e6b51783f27231f74","f521f87432de8c8e769cb271945fabb08ad662c77dc088750a3f5a2231ba65ef","low_resolution","atomic","","2956311210719383298","medium","[{""distortion"": ""low_resolution"", ""severity"": ""medium""}]","{""contrast"": 0.9019607843137255, ""sharpness"": 0.0057198526337742805, ""ink_ratio"": 0.15590822179732314, ""contrast_ratio"": 0.9913793103448276, ""sharpness_ratio"": 0.31640053038017346, ""ink_change_ratio"": 0.8171978352375227, ""passed"": true, ""reasons"": []}","calfa-ai/tarima","train","8ccf8adb3dec69f0eb5a54eede92fc0ce465509b"
"dist_b85f0212281d7066","dist_b85f0212281d7066.png","low_resolution","originals/arabic_ocr_000090.png","arabic_ocr_000090","7133","arabic_ocr_000090.txt","distorted/low_resolution/dist_b85f0212281d7066.png","ground_truth/arabic_ocr_000090.txt","b6059adef22c4617ef1551ae5678feb86833e40587fc12a102d8aba1c4d17732","eccf56b734ec99fc8f1fc1cf825035e9f16f67d50dc4dc9459811d992dcaacf8","165f7f8dd39d0ec3bc10f3f89d79ca4f4391b729eb7b897a432995b86c139cdf","low_resolution","atomic","","5244890926239288842","heavy","[{""distortion"": ""low_resolution"", ""severity"": ""heavy""}]","{""contrast"": 0.7686274509803922, ""sharpness"": 0.0019774853717535734, ""ink_ratio"": 0.08734260249554367, ""contrast_ratio"": 0.7686274509803922, ""sharpness_ratio"": 0.24493285916551294, ""ink_change_ratio"": 1.3559463368557765, ""passed"": true, ""reasons"": []}","MohamedRashad/arabic-img2md","train","b259f4e285483107f1585960cfd62e17bdc6c712"
"dist_f92f15fb365aaabf","dist_f92f15fb365aaabf.png","low_resolution","originals/arabic_ocr_000027.png","arabic_ocr_000027","9","arabic_ocr_000027.txt","distorted/low_resolution/dist_f92f15fb365aaabf.png","ground_truth/arabic_ocr_000027.txt","eba5155f63751f7fb084da07dc252bfd6097e8543b003825b9cb5e36af956726","0321b99506ca9c487c75abb0dde6a3d6e44d525663e48accbb244000378cd53c","d41f564132bde37c78e9cbf0247801d0627cb6326472c38174b2a42e3c629e18","low_resolution","atomic","","4583986447291172324","light","[{""distortion"": ""low_resolution"", ""severity"": ""light""}]","{""contrast"": 0.0, ""sharpness"": 0.00023591150238644332, ""ink_ratio"": 0.004524680913671975, ""contrast_ratio"": 1.0, ""sharpness_ratio"": 0.5556828932214545, ""ink_change_ratio"": 1.1787040364115462, ""passed"": true, ""reasons"": []}","ahmedheakl/arocrbench_historyar","train","4e8d71775498cb10b873453910a2819714b46463"
"dist_334bb643f71a8b15","dist_334bb643f71a8b15.png","low_resolution","originals/arabic_ocr_000064.png","arabic_ocr_000064","0031","arabic_ocr_000064.txt","distorted/low_resolution/dist_334bb643f71a8b15.png","ground_truth/arabic_ocr_000064.txt","4866bc7156bc85249a6a7c3b09ede01a1ca7a5d0fa5e5027605ad3bbbab296f2","7f01893cc5371fc825001cb3099730d86a23dddd0985c3ffac65c8ff9694f01f","b2a6cdeee7492fd0ef31f210f7d5b688eafa185006c7a6de4a9e820f00e89ea8","low_resolution","atomic","","6768311249020427584","medium","[{""distortion"": ""low_resolution"", ""severity"": ""medium""}]","{""contrast"": 0.8666666666666667, ""sharpness"": 0.0041161589324474335, ""ink_ratio"": 0.17916205858902806, ""contrast_ratio"": 0.9954954954954955, ""sharpness_ratio"": 0.2850673386296774, ""ink_change_ratio"": 0.8889739663093416, ""passed"": true, ""reasons"": []}","calfa-ai/RASAM-1","train","0dd7531ae68fb0bfc5cb7b189955cb3002a1ec95"
"dist_8963c3872ede911b","dist_8963c3872ede911b.png","low_resolution","originals/arabic_ocr_000001.png","arabic_ocr_000001","0","arabic_ocr_000001.txt","distorted/low_resolution/dist_8963c3872ede911b.png","ground_truth/arabic_ocr_000001.txt","188d12ce90e30b42a72a4b0b4bb251cfe698e4cd49652b4e40e04cb0f160dadf","9533aec7cd912d05baf1872b04a28334c67c97f063327f14f4f2252bfec772bf","7fec94d92083ee121a5548775892020d83ff584ad1e4ca07cb389bcf9ddde629","low_resolution","atomic","","1733164866633535723","heavy","[{""distortion"": ""low_resolution"", ""severity"": ""heavy""}]","{""contrast"": 0.43529411764705883, ""sharpness"": 0.0006038964493200183, ""ink_ratio"": 0.0393901497039026, ""contrast_ratio"": 0.7207792207792209, ""sharpness_ratio"": 0.17343418360175786, ""ink_change_ratio"": 1.4777404053471324, ""passed"": true, ""reasons"": []}","ahmedheakl/arocrbench_hindawi","train","5693b901e43bb5c72b4b77e4a3efeadfd01739a8"
"dist_0e18242bc28dd996","dist_0e18242bc28dd996.png","low_resolution","originals/arabic_ocr_000038.png","arabic_ocr_000038","609","arabic_ocr_000038.txt","distorted/low_resolution/dist_0e18242bc28dd996.png","ground_truth/arabic_ocr_000038.txt","f1ba67b48beb6c9d7bbeba6c872e98d596cd34fbb9dded4184e1ab6e1c7b13bf","3887bdf857aa8f37d260a06e3f3fd518e643cdf5c7f6f213a71b05ab22427c6f","35294d78164acd07d50da1612bd225682796d1254c7897ac43c385f22df13481","low_resolution","atomic","","2665903822232897721","light","[{""distortion"": ""low_resolution"", ""severity"": ""light""}]","{""contrast"": 0.8156862745098039, ""sharpness"": 0.0064214495941996574, ""ink_ratio"": 0.10805532055761945, ""contrast_ratio"": 0.9043478260869565, ""sharpness_ratio"": 0.543102331266965, ""ink_change_ratio"": 1.2208813643848995, ""passed"": true, ""reasons"": []}","mohres/The_Arabic_E-Book_Corpus","train","7d26ca7c2041064a7f36f03ecb4c5c1dd1a15e1a"
"dist_208318d9d5970cf9","dist_208318d9d5970cf9.png","low_resolution","originals/arabic_ocr_000075.png","arabic_ocr_000075","l056-023","arabic_ocr_000075.txt","distorted/low_resolution/dist_208318d9d5970cf9.png","ground_truth/arabic_ocr_000075.txt","7d6e0c4e7432579ab6f8820d44d9cdf93d43c4952cd562f0bc4e50da9a0e0fdf","c3b0ed1d01c3cc07ac0c6387c53565ea866a2b48ed7482d5781866141a04f133","8337bb9110bff76d04814cb8eca195eef915e54b5613f2143686c57aed8aa8d7","low_resolution","atomic","","2565421724015562462","medium","[{""distortion"": ""low_resolution"", ""severity"": ""medium""}]","{""contrast"": 0.5568627450980392, ""sharpness"": 0.001488599693402648, ""ink_ratio"": 0.07048132048132048, ""contrast_ratio"": 0.7759562841530054, ""sharpness_ratio"": 0.35354768277736254, ""ink_change_ratio"": 0.8305493689680773, ""passed"": true, ""reasons"": []}","calfa-ai/baybars","train","ce04cd0779386abf25ee24faf84518df33ed41b3"
"dist_81fc571c6b770658","dist_81fc571c6b770658.png","low_resolution","originals/arabic_ocr_000012.png","arabic_ocr_000012","5","arabic_ocr_000012.txt","distorted/low_resolution/dist_81fc571c6b770658.png","ground_truth/arabic_ocr_000012.txt","8a340c4a4003cc16953d619296f6e4bd581067691d4ec0f059b1e6d542e245ee","a1ace0aacef379ad3d6f6ecdff5f6c4b1dd8000086fcc4095354586131af3eeb","c6ba8f26fffebc6605e2b902bf3dc5dcedd4ab11f2029ddedfb88f395fba8933","low_resolution","atomic","","1771069491518152385","heavy","[{""distortion"": ""low_resolution"", ""severity"": ""heavy""}]","{""contrast"": 0.5647058823529412, ""sharpness"": 0.0009237660560756922, ""ink_ratio"": 0.15735433467407942, ""contrast_ratio"": 0.6260869565217391, ""sharpness_ratio"": 0.08620724495069197, ""ink_change_ratio"": 1.6483756768013327, ""passed"": true, ""reasons"": []}","ahmedheakl/arocrbench_historicalbooks","train","cbe0684cfc878f281be6d6b11c22f41d32842c00"
"dist_59074c5f6aa64b08","dist_59074c5f6aa64b08.png","low_resolution","originals/arabic_ocr_000049.png","arabic_ocr_000049","1566","arabic_ocr_000049.txt","distorted/low_resolution/dist_59074c5f6aa64b08.png","ground_truth/arabic_ocr_000049.txt","738ce319bee6e3002f04ee61504ef2ad29f8d1440bae25030ff49ce3b23346b3","564d88283b6ea5616b7466ae9c0d89ad175123dd146660d9d45f155417f1fcc1","a41c07a9f7c58d166b24ee9dafec6913dc0319ad7b509b1d79d11a32bb2bd08e","low_resolution","atomic","","1324073749046137246","light","[{""distortion"": ""low_resolution"", ""severity"": ""light""}]","{""contrast"": 0.8117647058823529, ""sharpness"": 0.006053301505744457, ""ink_ratio"": 0.10070943833449811, ""contrast_ratio"": 0.9, ""sharpness_ratio"": 0.5443336583024185, ""ink_change_ratio"": 1.2173702814459118, ""passed"": true, ""reasons"": []}","mohres/The_Arabic_E-Book_Corpus","train","7d26ca7c2041064a7f36f03ecb4c5c1dd1a15e1a"
"dist_99ee522573a6ffcc","dist_99ee522573a6ffcc.png","low_resolution","originals/arabic_ocr_000086.png","arabic_ocr_000086","2333","arabic_ocr_000086.txt","distorted/low_resolution/dist_99ee522573a6ffcc.png","ground_truth/arabic_ocr_000086.txt","bd6f167bb630439408a7b0f79144d773df2793122e9e0eb07ae92ba93dd214d9","7b33641a168d5e288025c34dd9a558d262be25aea887f369f2bede14b7998eb0","3120942addfc84331f4af59e83ea6fd539c979386b16b7f07308080219420769","low_resolution","atomic","","4832606121643813698","medium","[{""distortion"": ""low_resolution"", ""severity"": ""medium""}]","{""contrast"": 0.7450980392156863, ""sharpness"": 0.0026083746924996376, ""ink_ratio"": 0.058066310160427806, ""contrast_ratio"": 0.76, ""sharpness_ratio"": 0.378935013477481, ""ink_change_ratio"": 1.2814388217522659, ""passed"": true, ""reasons"": []}","MohamedRashad/arabic-img2md","train","b259f4e285483107f1585960cfd62e17bdc6c712"
"dist_51d58e6e236dcd74","dist_51d58e6e236dcd74.png","low_resolution","originals/arabic_ocr_000023.png","arabic_ocr_000023","0","arabic_ocr_000023.txt","distorted/low_resolution/dist_51d58e6e236dcd74.png","ground_truth/arabic_ocr_000023.txt","2ebf4e02d5906fb59f57fb81818093cd72ab052d883f5d5dbf62e1b794111f21","bb941b48ccf31edcbb5770763d0a59032af88d442a738496105a05d8c7c890c4","051f7b9709c4196c4fbb38801e76aa9bdad3f1c05a632fa0560362dc976b1f92","low_resolution","atomic","","6279772564584289228","heavy","[{""distortion"": ""low_resolution"", ""severity"": ""heavy""}]","{""contrast"": 0.7490196078431373, ""sharpness"": 0.00028370413929224014, ""ink_ratio"": 0.062125, ""contrast_ratio"": 0.9947916666666666, ""sharpness_ratio"": 0.12144742607205634, ""ink_change_ratio"": 1.1149539174814456, ""passed"": true, ""reasons"": []}","ahmedheakl/arocrbench_tables","train","1fc7dbf1414f82f04c091087af31d30446bd1867"
"dist_e3f542e1b39b79be","dist_e3f542e1b39b79be.png","contrast","originals/arabic_ocr_000028.png","arabic_ocr_000028","61","arabic_ocr_000028.txt","distorted/contrast/dist_e3f542e1b39b79be.png","ground_truth/arabic_ocr_000028.txt","ef708221a99b1d01031adfb65ebb69d91ffb611b9a8ca0ce0fdeb532e5bb4af0","d5afce4db2e4c6b555be6e41edce86b1f96df412e224a34e26f507c3e0dce472","aa154ff293ebc36cd45ba44295e86b0cead8cb576b4bae19ee6597c82a645e33","low_contrast","atomic","","4650384534477339035","light","[{""distortion"": ""low_contrast"", ""severity"": ""light""}]","{""contrast"": 0.0, ""sharpness"": 0.0001831231638789177, ""ink_ratio"": 0.002715452238202082, ""contrast_ratio"": 1.0, ""sharpness_ratio"": 0.6746856074253264, ""ink_change_ratio"": 0.9989851150202977, ""passed"": true, ""reasons"": []}","ahmedheakl/arocrbench_historyar","train","4e8d71775498cb10b873453910a2819714b46463"
"dist_ccf6347f9a1acb4d","dist_ccf6347f9a1acb4d.png","contrast","originals/arabic_ocr_000065.png","arabic_ocr_000065","181992","arabic_ocr_000065.txt","distorted/contrast/dist_ccf6347f9a1acb4d.png","ground_truth/arabic_ocr_000065.txt","8315c21c16547d1ecbd64ebb3597e6353b24b079d07b894367c2ffbc710fa47d","47da0af568462a876c0386437478d6d05c2dd134baa59ad5f10f7f48b91daab6","7dbeecac488efc0903cb3bea1eab296b9f72044e6c3d65523bd8de5853a63851","brightness","atomic","","6548915363186007334","light","[{""distortion"": ""brightness"", ""severity"": ""light""}]","{""contrast"": 0.8509803921568627, ""sharpness"": 0.003025888232514262, ""ink_ratio"": 0.141716258908236, ""contrast_ratio"": 1.107142857142857, ""sharpness_ratio"": 1.2235793078333006, ""ink_change_ratio"": 1.0001036967905845, ""passed"": true, ""reasons"": []}","calfa-ai/RASAM-2","train","dd04242a1f18e519df0944d19ae2d868e404d6e5"
"dist_cc0b59fbbf260b74","dist_cc0b59fbbf260b74.png","contrast","originals/arabic_ocr_000002.png","arabic_ocr_000002","7","arabic_ocr_000002.txt","distorted/contrast/dist_cc0b59fbbf260b74.png","ground_truth/arabic_ocr_000002.txt","b1fdf251405a5f4e557344eae1c986c0e27b490a42cf873f0ee207279029ad75","512818b69641b088f22896187c60831b1df0ed351a554e9b80fe0585f567794d","c9810389318ee6fd730b9f5554ed60b2ba89bd58f4b766a6aad7f7de359c810d","low_contrast","atomic","","8914446845646603228","medium","[{""distortion"": ""low_contrast"", ""severity"": ""medium""}]","{""contrast"": 0.33725490196078434, ""sharpness"": 0.00127233169041574, ""ink_ratio"": 0.024776547614668777, ""contrast_ratio"": 0.6231884057971016, ""sharpness_ratio"": 0.3862607367041155, ""ink_change_ratio"": 0.9898785796947042, ""passed"": true, ""reasons"": []}","ahmedheakl/arocrbench_hindawi","train","5693b901e43bb5c72b4b77e4a3efeadfd01739a8"
"dist_ae59acc6ae533002","dist_ae59acc6ae533002.png","contrast","originals/arabic_ocr_000039.png","arabic_ocr_000039","696","arabic_ocr_000039.txt","distorted/contrast/dist_ae59acc6ae533002.png","ground_truth/arabic_ocr_000039.txt","54c67c35c6738d15e9cdb9865fedf690f886f63034efb7535457e0f0f60e8a1a","f1d35f65a7c98e816b1539bb40bf1780c7e6def0d645ee25eb82731256694507","e0c06098aec328860cc06519b559891ab69dd81241cc422804e1d2b616f58bc5","brightness","atomic","","7231494228322769152","medium","[{""distortion"": ""brightness"", ""severity"": ""medium""}]","{""contrast"": 0.7568627450980392, ""sharpness"": 0.008863679133355618, ""ink_ratio"": 0.094473001802332, ""contrast_ratio"": 0.8391304347826086, ""sharpness_ratio"": 0.7029502882174303, ""ink_change_ratio"": 1.0006964330937214, ""passed"": true, ""reasons"": []}","mohres/The_Arabic_E-Book_Corpus","train","7d26ca7c2041064a7f36f03ecb4c5c1dd1a15e1a"
"dist_7544e0a7213cb78b","dist_7544e0a7213cb78b.png","contrast","originals/arabic_ocr_000076.png","arabic_ocr_000076","79","arabic_ocr_000076.txt","distorted/contrast/dist_7544e0a7213cb78b.png","ground_truth/arabic_ocr_000076.txt","30270a34670558dd08c08b1b47f55f36090d21bbdc1773ea5d7b5308ca6a5bda","35567386283a28e45a8b8876bc5e8f4b38d0f24db80edc130b3853c90de739ea","a07e6e910da85bb929a820542c7b0b0d4c79dfbb08d6e375bfc31f7e7afb2fd3","low_contrast","atomic","","7890835689600237649","heavy","[{""distortion"": ""low_contrast"", ""severity"": ""heavy""}]","{""contrast"": 0.4470588235294118, ""sharpness"": 0.000756247725803405, ""ink_ratio"": 0.06439447060002003, ""contrast_ratio"": 0.4470588235294118, ""sharpness_ratio"": 0.2020723390846377, ""ink_change_ratio"": 0.6655106371965422, ""passed"": true, ""reasons"": []}","calfa-ai/iskandar","train","8cd27a8a823b4bf7d5f119a3f94ec798fc792ab0"
"dist_0baa1e5ce96840e2","dist_0baa1e5ce96840e2.png","contrast","originals/arabic_ocr_000013.png","arabic_ocr_000013","7","arabic_ocr_000013.txt","distorted/contrast/dist_0baa1e5ce96840e2.png","ground_truth/arabic_ocr_000013.txt","b9b58eafd646dcdb439c4ab2a6679d02d9992f375a1d74c5f6f5b32c0ded6bd0","6e0ede8339bbd5540668083a59b58cb3d0ab4d148573e9c90999951213eece8c","e3dd4954a1d53e7d2f0f29c079cfc5731e8c182e522614da6f7bf42d592047db","brightness","atomic","","4332146663282360557","heavy","[{""distortion"": ""brightness"", ""severity"": ""heavy""}]","{""contrast"": 1.0, ""sharpness"": 0.014517956413328648, ""ink_ratio"": 0.07241490203839303, ""contrast_ratio"": 1.0, ""sharpness_ratio"": 0.9920756329148765, ""ink_change_ratio"": 0.6994408869349135, ""passed"": true, ""reasons"": []}","ahmedheakl/arocrbench_historicalbooks","train","cbe0684cfc878f281be6d6b11c22f41d32842c00"
"dist_209202aced8b9f00","dist_209202aced8b9f00.png","contrast","originals/arabic_ocr_000050.png","arabic_ocr_000050","1653","arabic_ocr_000050.txt","distorted/contrast/dist_209202aced8b9f00.png","ground_truth/arabic_ocr_000050.txt","f9b72174ee00d9a436ce0e74984411ea33bc318e3578af2b35f4065534c6c44a","91ccca350b89aa4a2b8c860fce22d6fa2c1aebb44f8f9bfb74e912bcb47b544f","a2c70068c9fbd1e025979462d9718da6e1653c452a4549cdb7c59cde05cbd59e","low_contrast","atomic","","6502222094170395695","light","[{""distortion"": ""low_contrast"", ""severity"": ""light""}]","{""contrast"": 0.7411764705882353, ""sharpness"": 0.0077529908157885075, ""ink_ratio"": 0.0858489351528304, ""contrast_ratio"": 0.8217391304347826, ""sharpness_ratio"": 0.6748605422111372, ""ink_change_ratio"": 0.9974891552877322, ""passed"": true, ""reasons"": []}","mohres/The_Arabic_E-Book_Corpus","train","7d26ca7c2041064a7f36f03ecb4c5c1dd1a15e1a"
"dist_2b9eecf866d26ec3","dist_2b9eecf866d26ec3.png","contrast","originals/arabic_ocr_000087.png","arabic_ocr_000087","3500","arabic_ocr_000087.txt","distorted/contrast/dist_2b9eecf866d26ec3.png","ground_truth/arabic_ocr_000087.txt","1064164c832199c95542698c171fc3c40cb5f638632d6cc8f03f8639ce8dcc0b","3a0b3ae24c86c15cd5791f59ce85f8b616deb6fa9f65fa59712ce00d6b5fabdb","56d5b11dd43cba383f43c5bee85d3816e1ab9ce26b8ec66ec6d85b9e99e2dfb7","brightness","atomic","","5390630843669998523","light","[{""distortion"": ""brightness"", ""severity"": ""light""}]","{""contrast"": 0.9686274509803922, ""sharpness"": 0.006805050652474165, ""ink_ratio"": 0.03767464993496059, ""contrast_ratio"": 1.0, ""sharpness_ratio"": 1.0476162927861772, ""ink_change_ratio"": 0.9650056347689745, ""passed"": true, ""reasons"": []}","MohamedRashad/arabic-img2md","train","b259f4e285483107f1585960cfd62e17bdc6c712"
"dist_8d409a5aaa683048","dist_8d409a5aaa683048.png","contrast","originals/arabic_ocr_000024.png","arabic_ocr_000024","44","arabic_ocr_000024.txt","distorted/contrast/dist_8d409a5aaa683048.png","ground_truth/arabic_ocr_000024.txt","380e3f2d9d4321dea897bd4934596768b285c578e86a1101504f0c06dfd62dbe","84246a47983df041a5616c4b50cc75a72930cc7c280d35db2660fe3f736b0289","2fb2a8a6ea18ce0e833fb6b0202163028927c5090605a2e8a860a853f6646597","low_contrast","atomic","","8634859656727177131","medium","[{""distortion"": ""low_contrast"", ""severity"": ""medium""}]","{""contrast"": 0.43529411764705883, ""sharpness"": 0.0003906480851583183, ""ink_ratio"": 0.031990625, ""contrast_ratio"": 0.6235955056179776, ""sharpness_ratio"": 0.3851925066313911, ""ink_change_ratio"": 0.6429334059078443, ""passed"": true, ""reasons"": []}","ahmedheakl/arocrbench_tables","train","1fc7dbf1414f82f04c091087af31d30446bd1867"
"dist_7c8b0600c11615bc","dist_7c8b0600c11615bc.png","contrast","originals/arabic_ocr_000061.png","arabic_ocr_000061","0056","arabic_ocr_000061.txt","distorted/contrast/dist_7c8b0600c11615bc.png","ground_truth/arabic_ocr_000061.txt","7b8c3997998bd93cbc86a7a25ecfaed81bf3fb8c58b01ccd37d7a4d66af39ee4","a7e4b09309bf3d395528d3520b0d5e288fff33e0a5b2df6b23976a438b9488cd","69df63c1656f532609ba9cec9c910edb7308cde27e5610691393ca3a375bc861","brightness","atomic","","4880280126624936740","medium","[{""distortion"": ""brightness"", ""severity"": ""medium""}]","{""contrast"": 0.9882352941176471, ""sharpness"": 0.023051369935274124, ""ink_ratio"": 0.15306069558907376, ""contrast_ratio"": 1.1101321585903086, ""sharpness_ratio"": 1.3352186230458487, ""ink_change_ratio"": 0.9783004803710452, ""passed"": true, ""reasons"": []}","calfa-ai/RASAM-1","train","0dd7531ae68fb0bfc5cb7b189955cb3002a1ec95"
"dist_b30b9a0bb8fd6030","dist_b30b9a0bb8fd6030.png","contrast","originals/arabic_ocr_000098.png","arabic_ocr_000098","segment_00030_page_00003","arabic_ocr_000098.txt","distorted/contrast/dist_b30b9a0bb8fd6030.png","ground_truth/arabic_ocr_000098.txt","5b301811d134509e481b048a7a976ac32589e108a50514d493f4580468197d92","8c34dd6662e312eb15acb4ad83919b84acb2fc39c900920cdfd45b3c2393c349","2770e35b347ca2e81533d2401c94097b5bf1594cff2a64b7c8ebc91a62dee52d","low_contrast","atomic","","1734155703214285667","heavy","[{""distortion"": ""low_contrast"", ""severity"": ""heavy""}]","{""contrast"": 0.4470588235294118, ""sharpness"": 0.0005134289967827499, ""ink_ratio"": 0.02690541526069821, ""contrast_ratio"": 0.4470588235294118, ""sharpness_ratio"": 0.19986154365972106, ""ink_change_ratio"": 1.0, ""passed"": true, ""reasons"": []}","craneset/arabic-ocr","train","c7df81cbef12277b46aa592bb0114636d642e6ad"
"dist_a80c0de9bb23748a","dist_a80c0de9bb23748a.png","contrast","originals/arabic_ocr_000035.png","arabic_ocr_000035","348","arabic_ocr_000035.txt","distorted/contrast/dist_a80c0de9bb23748a.png","ground_truth/arabic_ocr_000035.txt","f7e59b4f586dcb9637c08b4ac52077a7c2ff5510b69a678139b693f9efc9c954","f58c9742ac03adff9dc92771e058785ebc6cc4ec3aa70b0d19f926b1da088355","77faa0140343e7629f462ca4fb1a73fa322212e8da7111ef0c6e2d46fdefc956","brightness","atomic","","3072844740192482119","heavy","[{""distortion"": ""brightness"", ""severity"": ""heavy""}]","{""contrast"": 0.5803921568627451, ""sharpness"": 0.0024561008904129267, ""ink_ratio"": 0.04216307426343473, ""contrast_ratio"": 0.6577777777777779, ""sharpness_ratio"": 0.4314042961661932, ""ink_change_ratio"": 0.9984865312166546, ""passed"": true, ""reasons"": []}","mohres/The_Arabic_E-Book_Corpus","train","7d26ca7c2041064a7f36f03ecb4c5c1dd1a15e1a"
"dist_a849595d065dabb6","dist_a849595d065dabb6.png","shadow","originals/arabic_ocr_000040.png","arabic_ocr_000040","783","arabic_ocr_000040.txt","distorted/shadow/dist_a849595d065dabb6.png","ground_truth/arabic_ocr_000040.txt","44e83d4839794580516200312ff966f971ef762c7d3c78588bfe733e1b1ce7f9","7b4186b0aefd78a49500b9e5b6f9d45c55d7913a2d409f6304267a1d89d5815e","a3791e715317a7f49ef9a4acaa21fe30e4fe720a114b86ba4ce9716415d5df21","uneven_lighting","atomic","","3074275845201370394","light","[{""distortion"": ""uneven_lighting"", ""severity"": ""light""}]","{""contrast"": 0.8823529411764706, ""sharpness"": 0.010112394578754902, ""ink_ratio"": 0.08478730643322176, ""contrast_ratio"": 0.9782608695652173, ""sharpness_ratio"": 0.8841126963688206, ""ink_change_ratio"": 1.0001193142683595, ""passed"": true, ""reasons"": []}","mohres/The_Arabic_E-Book_Corpus","train","7d26ca7c2041064a7f36f03ecb4c5c1dd1a15e1a"
"dist_c0e6db2baa353d95","dist_c0e6db2baa353d95.png","shadow","originals/arabic_ocr_000077.png","arabic_ocr_000077","036","arabic_ocr_000077.txt","distorted/shadow/dist_c0e6db2baa353d95.png","ground_truth/arabic_ocr_000077.txt","c1952097a2224b113644ce800bb0f36e9409c4f6ea1a8fdffeb7ec93f26c9a77","0facd721f7d7e6c6262e085d064ab169b02a1eaa5ed9d11f19abaeb96732c187","c8e4cd5475194e69e6014ea3205b571920c4ae292e7657828e5d6a9123c6d75f","shadow","atomic","","218315859768156387","light","[{""distortion"": ""shadow"", ""severity"": ""light""}]","{""contrast"": 0.9490196078431372, ""sharpness"": 0.004794563632458448, ""ink_ratio"": 0.1623194721115538, ""contrast_ratio"": 0.9958847736625515, ""sharpness_ratio"": 0.9263200103353817, ""ink_change_ratio"": 0.9679365226671616, ""passed"": true, ""reasons"": []}","calfa-ai/iskandar","train","8cd27a8a823b4bf7d5f119a3f94ec798fc792ab0"
"dist_f1c6ffc21d06cc08","dist_f1c6ffc21d06cc08.png","shadow","originals/arabic_ocr_000014.png","arabic_ocr_000014","9","arabic_ocr_000014.txt","distorted/shadow/dist_f1c6ffc21d06cc08.png","ground_truth/arabic_ocr_000014.txt","2a3ae8304aade67a32f5ce5acd2b5e2e664d09412da2324686f2a04b01f9382e","020db3f7756f93ae8bd3fcac45c5c20095ca0a1f6e02b92da11802f6ed21df83","d3d3c5235a50e7889fc134b83f9537c6c2b868b86dff8359ee648e6d1cff5cf2","uneven_lighting","atomic","","6571809849735699971","medium","[{""distortion"": ""uneven_lighting"", ""severity"": ""medium""}]","{""contrast"": 0.8980392156862745, ""sharpness"": 0.011661799624562263, ""ink_ratio"": 0.13213837196026942, ""contrast_ratio"": 0.9581589958158996, ""sharpness_ratio"": 0.763702847222739, ""ink_change_ratio"": 1.000086408018664, ""passed"": true, ""reasons"": []}","ahmedheakl/arocrbench_historicalbooks","train","cbe0684cfc878f281be6d6b11c22f41d32842c00"
"dist_b0e3aad1fa20ae94","dist_b0e3aad1fa20ae94.png","shadow","originals/arabic_ocr_000051.png","arabic_ocr_000051","0258","arabic_ocr_000051.txt","distorted/shadow/dist_b0e3aad1fa20ae94.png","ground_truth/arabic_ocr_000051.txt","5cc40b96de0f790392d0e4234a2516f84b487259a4460c392f4a9c13cf6d5812","4ced79ce1de6661a658fc6d1981858683c67c5efd91573106da54c3f8dfc0e08","9aae7e57c6b567ca8cde4481f27ecbb1b1d7b579193fd77690b5d839049b2473","shadow","atomic","","662112719134988308","medium","[{""distortion"": ""shadow"", ""severity"": ""medium""}]","{""contrast"": 0.6980392156862745, ""sharpness"": 0.0067430660128593445, ""ink_ratio"": 0.05334005182839044, ""contrast_ratio"": 1.0171428571428571, ""sharpness_ratio"": 0.9209934852695094, ""ink_change_ratio"": 1.0, ""passed"": true, ""reasons"": []}","calfa-ai/tarima","train","8ccf8adb3dec69f0eb5a54eede92fc0ce465509b"
"dist_9092d54abd6459ae","dist_9092d54abd6459ae.png","shadow","originals/arabic_ocr_000088.png","arabic_ocr_000088","4721","arabic_ocr_000088.txt","distorted/shadow/dist_9092d54abd6459ae.png","ground_truth/arabic_ocr_000088.txt","ef7c2007e29e06cc79dc4f41f15a5c55a692e2595f9635e378fcbf1ef47d536b","147fcd39b6e3fab00665e7cb2121247647a0f6733fbcd9a0d103f293cde8a98b","54c1c426b44f8dad2224be2bcc2112b9a7707c59f569e0c96b007c6faa8d7d97","uneven_lighting","atomic","","4959194682668478786","heavy","[{""distortion"": ""uneven_lighting"", ""severity"": ""heavy""}]","{""contrast"": 0.2980392156862745, ""sharpness"": 0.0010753079550340772, ""ink_ratio"": 0.01137825311942959, ""contrast_ratio"": 15.2, ""sharpness_ratio"": 0.6066919979769982, ""ink_change_ratio"": 1.0000835596406936, ""passed"": true, ""reasons"": []}","MohamedRashad/arabic-img2md","train","b259f4e285483107f1585960cfd62e17bdc6c712"
"dist_95e0d416a18260b4","dist_95e0d416a18260b4.png","shadow","originals/arabic_ocr_000025.png","arabic_ocr_000025","200","arabic_ocr_000025.txt","distorted/shadow/dist_95e0d416a18260b4.png","ground_truth/arabic_ocr_000025.txt","0dddd4a3f06fcca78736b1a793eb4d8b9c5bdba5f8e93dad4a43863a4180e0ca","8a6edbbf00471efd39b1a9dccd6bfb8a468cd6ccb17df99e733eb7ea24a61ecc","5036b5e6a87781e9fbb5b95eb9e675e3a93138263cbebbc34a7cc893113c9c68","shadow","atomic","","4145775068116945381","heavy","[{""distortion"": ""shadow"", ""severity"": ""heavy""}]","{""contrast"": 0.47058823529411764, ""sharpness"": 0.0006098895100876689, ""ink_ratio"": 0.035085216882451906, ""contrast_ratio"": 1.0, ""sharpness_ratio"": 0.9690290179087522, ""ink_change_ratio"": 1.071723829739694, ""passed"": true, ""reasons"": []}","ahmedheakl/arocrbench_tables","train","1fc7dbf1414f82f04c091087af31d30446bd1867"
"dist_7ffbb7c9291660a0","dist_7ffbb7c9291660a0.png","shadow","originals/arabic_ocr_000062.png","arabic_ocr_000062","0030","arabic_ocr_000062.txt","distorted/shadow/dist_7ffbb7c9291660a0.png","ground_truth/arabic_ocr_000062.txt","6940e5c6c88e2d58205b02a9fdd57b48f1ae93e006f5ca2622b37332ab2b6221","f31417e9ecdc5ea5bff649fac6acfceafb2e3bc1455a5df2835b49c83f4702e8","7dc7448083d3446279fbbd2441696d287c8380264eecc3fc211aa249397eb51f","uneven_lighting","atomic","","6147124060956097915","light","[{""distortion"": ""uneven_lighting"", ""severity"": ""light""}]","{""contrast"": 0.8470588235294118, ""sharpness"": 0.024408655241131783, ""ink_ratio"": 0.24953617810760667, ""contrast_ratio"": 0.9473684210526315, ""sharpness_ratio"": 0.8905289257681046, ""ink_change_ratio"": 1.018939393939394, ""passed"": true, ""reasons"": []}","calfa-ai/RASAM-1","train","0dd7531ae68fb0bfc5cb7b189955cb3002a1ec95"
"dist_7c0579f7859b40e2","dist_7c0579f7859b40e2.png","shadow","originals/arabic_ocr_000099.png","arabic_ocr_000099","segment_00030_page_00004","arabic_ocr_000099.txt","distorted/shadow/dist_7c0579f7859b40e2.png","ground_truth/arabic_ocr_000099.txt","ac73d052256617b47ed07622a5b3fe6a2f58faf97e5ab1fcc81213b1d9ffab9d","76bd996b541486f5aaff1059bb77d27c292bccd989f2c321604714cd9a8fb479","e69115006fdd1ae655df9c23af8014ec617a732cccfc4983a0f89b9ca61a029d","shadow","atomic","","6902740864414506891","light","[{""distortion"": ""shadow"", ""severity"": ""light""}]","{""contrast"": 1.0, ""sharpness"": 0.0020807127002626657, ""ink_ratio"": 0.02179172574588058, ""contrast_ratio"": 1.0, ""sharpness_ratio"": 0.9932214025453944, ""ink_change_ratio"": 1.0, ""passed"": true, ""reasons"": []}","craneset/arabic-ocr","train","c7df81cbef12277b46aa592bb0114636d642e6ad"
"dist_b7936cf3eb5b461d","dist_b7936cf3eb5b461d.png","shadow","originals/arabic_ocr_000036.png","arabic_ocr_000036","435","arabic_ocr_000036.txt","distorted/shadow/dist_b7936cf3eb5b461d.png","ground_truth/arabic_ocr_000036.txt","531d21846afbabcfc9101c692aa1edb9777755159f45b36c48aaec82bf221449","203ec3d11858cba53ea55aa2035353bf8b6d9020d64d1cd01299dc84e723e13d","8511aefb4872f3bdcb1238c9a6debde3d04e30e82e5bd48704e4cde779a9b994","uneven_lighting","atomic","","6132174023278733833","medium","[{""distortion"": ""uneven_lighting"", ""severity"": ""medium""}]","{""contrast"": 0.8509803921568627, ""sharpness"": 0.007509521208703518, ""ink_ratio"": 0.07643680803325119, ""contrast_ratio"": 0.9434782608695652, ""sharpness_ratio"": 0.7306416088077645, ""ink_change_ratio"": 1.0000842191381976, ""passed"": true, ""reasons"": []}","mohres/The_Arabic_E-Book_Corpus","train","7d26ca7c2041064a7f36f03ecb4c5c1dd1a15e1a"
"dist_80e9b86c7bab031c","dist_80e9b86c7bab031c.png","faded","originals/arabic_ocr_000049.png","arabic_ocr_000049","1566","arabic_ocr_000049.txt","distorted/faded/dist_80e9b86c7bab031c.png","ground_truth/arabic_ocr_000049.txt","9ead3bd22b25d502cdc8b44d78a7dbe2c1b100d6aad401f1376830956ee4db14","564d88283b6ea5616b7466ae9c0d89ad175123dd146660d9d45f155417f1fcc1","a41c07a9f7c58d166b24ee9dafec6913dc0319ad7b509b1d79d11a32bb2bd08e","faded_scan","atomic","","2228792585087641803","light","[{""distortion"": ""faded_scan"", ""severity"": ""light""}]","{""contrast"": 0.7254901960784313, ""sharpness"": 0.007163839880377054, ""ink_ratio"": 0.08179414793835289, ""contrast_ratio"": 0.8043478260869564, ""sharpness_ratio"": 0.6441970825140363, ""ink_change_ratio"": 0.9887232670846117, ""passed"": true, ""reasons"": []}","mohres/The_Arabic_E-Book_Corpus","train","7d26ca7c2041064a7f36f03ecb4c5c1dd1a15e1a"
"dist_47852de68f0a35e3","dist_47852de68f0a35e3.png","faded","originals/arabic_ocr_000086.png","arabic_ocr_000086","2333","arabic_ocr_000086.txt","distorted/faded/dist_47852de68f0a35e3.png","ground_truth/arabic_ocr_000086.txt","69ba7c02d3f65f754f91f9dc91c794106844212166c05fdca7ca618a495799a8","7b33641a168d5e288025c34dd9a558d262be25aea887f369f2bede14b7998eb0","3120942addfc84331f4af59e83ea6fd539c979386b16b7f07308080219420769","paper_degradation","atomic","","2954686628095206578","light","[{""distortion"": ""paper_degradation"", ""severity"": ""light""}]","{""contrast"": 0.9647058823529412, ""sharpness"": 0.0064284163527190685, ""ink_ratio"": 0.04546310160427808, ""contrast_ratio"": 0.9840000000000001, ""sharpness_ratio"": 0.9338965158115595, ""ink_change_ratio"": 1.0033043806646527, ""passed"": true, ""reasons"": []}","MohamedRashad/arabic-img2md","train","b259f4e285483107f1585960cfd62e17bdc6c712"
"dist_c7fd8f1223f18ef6","dist_c7fd8f1223f18ef6.png","faded","originals/arabic_ocr_000023.png","arabic_ocr_000023","0","arabic_ocr_000023.txt","distorted/faded/dist_c7fd8f1223f18ef6.png","ground_truth/arabic_ocr_000023.txt","6c5dc3a04235d11a4d931d721f99d4da82f7eefb375f044ed8cdc2f69ecc8e62","bb941b48ccf31edcbb5770763d0a59032af88d442a738496105a05d8c7c890c4","051f7b9709c4196c4fbb38801e76aa9bdad3f1c05a632fa0560362dc976b1f92","stains","atomic","","692466706122940459","light","[{""distortion"": ""stains"", ""severity"": ""light""}]","{""contrast"": 0.7254901960784313, ""sharpness"": 0.002172691747546196, ""ink_ratio"": 0.056948958333333334, ""contrast_ratio"": 0.9635416666666666, ""sharpness_ratio"": 0.9300809676085711, ""ink_change_ratio"": 1.022059785758352, ""passed"": true, ""reasons"": []}","ahmedheakl/arocrbench_tables","train","1fc7dbf1414f82f04c091087af31d30446bd1867"
"dist_aa62db315d05ab96","dist_aa62db315d05ab96.png","faded","originals/arabic_ocr_000060.png","arabic_ocr_000060","0186","arabic_ocr_000060.txt","distorted/faded/dist_aa62db315d05ab96.png","ground_truth/arabic_ocr_000060.txt","9fbb370581805295cbc4e1ef8abec49230d62ff4c3d548a177f798df04791a85","230bf594b9f0895e8a1d6c0af7bc581d2cfc4b4dde02705d8286722cca2795f8","2ac686daf84fa6bda4b091c61473fc13b4cb2bbe5038862242ec49639bdaa25c","faded_scan","atomic","","8351071307190499557","medium","[{""distortion"": ""faded_scan"", ""severity"": ""medium""}]","{""contrast"": 0.5568627450980392, ""sharpness"": 0.005667069461196661, ""ink_ratio"": 0.06291803933313367, ""contrast_ratio"": 0.6283185840707965, ""sharpness_ratio"": 0.38422449658445756, ""ink_change_ratio"": 0.35047963297650486, ""passed"": true, ""reasons"": []}","calfa-ai/RASAM-1","train","0dd7531ae68fb0bfc5cb7b189955cb3002a1ec95"
"dist_dc766d973a2a0f31","dist_dc766d973a2a0f31.png","faded","originals/arabic_ocr_000097.png","arabic_ocr_000097","segment_00030_page_00002","arabic_ocr_000097.txt","distorted/faded/dist_dc766d973a2a0f31.png","ground_truth/arabic_ocr_000097.txt","27256691a8f720c25ec2d62638f0b16406db1ca245170fdf5a01c183a73c1605","a2620be67b7049c5c916f5086f73cdc2ee9a6a7a707b44e642646d5740869a39","f83ac0d41d576758eeea4465ea1e0a97e6687b0a6b7ab06e870ea75980963452","paper_degradation","atomic","","8000658801858591056","medium","[{""distortion"": ""paper_degradation"", ""severity"": ""medium""}]","{""contrast"": 0.9529411764705882, ""sharpness"": 0.002328131813555956, ""ink_ratio"": 0.03675272024872684, ""contrast_ratio"": 0.9529411764705882, ""sharpness_ratio"": 0.9600534060161074, ""ink_change_ratio"": 1.4538989681324663, ""passed"": true, ""reasons"": []}","craneset/arabic-ocr","train","c7df81cbef12277b46aa592bb0114636d642e6ad"
"dist_4ab1961707049a0f","dist_4ab1961707049a0f.png","faded","originals/arabic_ocr_000034.png","arabic_ocr_000034","261","arabic_ocr_000034.txt","distorted/faded/dist_4ab1961707049a0f.png","ground_truth/arabic_ocr_000034.txt","3dcf8ffc2b3f944b6d287aedb1cf81a59b1e540f88aa49aef632ffaa97dc5404","e4126041560b3800c14b2934abb836eec9a06bd882c86f76e77cc8e3743b44bc","a3b270421b11806d1bb9264c4d2c7f1695b1faab9e6d3543b72f508f07bfed93","stains","atomic","","2691454180767970612","medium","[{""distortion"": ""stains"", ""severity"": ""medium""}]","{""contrast"": 0.8666666666666667, ""sharpness"": 0.010687409900128841, ""ink_ratio"": 0.08814736822746165, ""contrast_ratio"": 0.9608695652173913, ""sharpness_ratio"": 0.9142688080489622, ""ink_change_ratio"": 1.0141073790002646, ""passed"": true, ""reasons"": []}","mohres/The_Arabic_E-Book_Corpus","train","7d26ca7c2041064a7f36f03ecb4c5c1dd1a15e1a"
"dist_4ef9d46a31fb09b2","dist_4ef9d46a31fb09b2.png","faded","originals/arabic_ocr_000071.png","arabic_ocr_000071","l019-089","arabic_ocr_000071.txt","distorted/faded/dist_4ef9d46a31fb09b2.png","ground_truth/arabic_ocr_000071.txt","627aa5d010070cc5bf4b09d7ecb54cb0af05b606704f83c97931518bf52e7fc3","ec4049c303e1e2e493f3dae15a35763502f3e390a571405f7064bdf35fe89fc6","aee0c404c5ee088adcddc147114c648ac8e5ecea09203377c06e103e19f59d04","faded_scan","atomic","","1288229061796361648","heavy","[{""distortion"": ""faded_scan"", ""severity"": ""heavy""}]","{""contrast"": 0.27058823529411763, ""sharpness"": 0.00017684178601484746, ""ink_ratio"": 0.0448592227643817, ""contrast_ratio"": 0.46938775510204084, ""sharpness_ratio"": 0.21736363880268653, ""ink_change_ratio"": 0.3213429256594724, ""passed"": true, ""reasons"": []}","calfa-ai/baybars","train","ce04cd0779386abf25ee24faf84518df33ed41b3"
"dist_2d81d1a4372623bf","dist_2d81d1a4372623bf.png","faded","originals/arabic_ocr_000008.png","arabic_ocr_000008","177","arabic_ocr_000008.txt","distorted/faded/dist_2d81d1a4372623bf.png","ground_truth/arabic_ocr_000008.txt","b403298280a723c786745105a84c83f8393ef21dc1ad77bf1202a078db99753f","4436cff6e00617505b3faf18011cd61095264600b19fcf6f2f136896e1d4c6ba","ff35d3488d863d96c2cc7c3fc06dea0980f9b71b8d87d6d76dc745d1e93131fd","paper_degradation","atomic","","439486309320636373","heavy","[{""distortion"": ""paper_degradation"", ""severity"": ""heavy""}]","{""contrast"": 0.8235294117647058, ""sharpness"": 0.004821483511477709, ""ink_ratio"": 0.10569573693309302, ""contrast_ratio"": 0.9333333333333333, ""sharpness_ratio"": 0.8517500718768136, ""ink_change_ratio"": 2.5041011731642757, ""passed"": true, ""reasons"": []}","ahmedheakl/arocrbench_hindawi","train","5693b901e43bb5c72b4b77e4a3efeadfd01739a8"
"dist_4d04d2ed0cf27a7c","dist_4d04d2ed0cf27a7c.png","faded","originals/arabic_ocr_000045.png","arabic_ocr_000045","1218","arabic_ocr_000045.txt","distorted/faded/dist_4d04d2ed0cf27a7c.png","ground_truth/arabic_ocr_000045.txt","757ce8545ffcbdf4779c19e8ae3f6af1847a1899945424efd737711fad7e970a","18746fca32511792ce764de83e8fe40204d93b01c530a9da19fe6c58ad0d3feb","3d65800d138deed0e59505e9e016823ca1231c408b29a66dcc1898cd2d8cf7ed","stains","atomic","","1908201415237628430","heavy","[{""distortion"": ""stains"", ""severity"": ""heavy""}]","{""contrast"": 0.8666666666666667, ""sharpness"": 0.00886168610304594, ""ink_ratio"": 0.08386039283481075, ""contrast_ratio"": 0.9608695652173913, ""sharpness_ratio"": 0.8538212219618977, ""ink_change_ratio"": 1.0838854983152777, ""passed"": true, ""reasons"": []}","mohres/The_Arabic_E-Book_Corpus","train","7d26ca7c2041064a7f36f03ecb4c5c1dd1a15e1a"
"dist_fe3e5d48bcf3b381","dist_fe3e5d48bcf3b381.png","bleedthrough","originals/arabic_ocr_000058.png","arabic_ocr_000058","122","arabic_ocr_000058.txt","distorted/bleedthrough/dist_fe3e5d48bcf3b381.png","ground_truth/arabic_ocr_000058.txt","d3fc751a7f3f61cde5e086e7d8c9ffffa78cb38401d65dcc56a840bbb5d00da8","3a9bcf46b1ce195a6350d14774c0a013206b9f7037dc2d797df22f7422ab846b","f7eee34abd47d15ac0ba3dbe1e2676f93ce1b1370af6161b69cbb9bece9e8f6b","bleedthrough","atomic","","597187108076597863","light","[{""distortion"": ""bleedthrough"", ""severity"": ""light""}]","{""contrast"": 0.9921568627450981, ""sharpness"": 0.0036600613966584206, ""ink_ratio"": 0.1427051963069921, ""contrast_ratio"": 0.9921568627450981, ""sharpness_ratio"": 0.9903627674336762, ""ink_change_ratio"": 1.0316624755518302, ""passed"": true, ""reasons"": []}","calfa-ai/tarima","train","8ccf8adb3dec69f0eb5a54eede92fc0ce465509b"
"dist_d343e3e07de58530","dist_d343e3e07de58530.png","bleedthrough","originals/arabic_ocr_000095.png","arabic_ocr_000095","13650","arabic_ocr_000095.txt","distorted/bleedthrough/dist_d343e3e07de58530.png","ground_truth/arabic_ocr_000095.txt","cd85d05adaa26478732121f89af18cc2795a42a41b5f20c21fcbce97216fb7d5","4b5932941e17e5f291bea44bfbc5c0be6b696f3a20c1d8eab8ef25b831c857ca","7f261f75a31d7525b1ee236ebc6f5a67c31bf95cb85a55e815bfaf0951f942b6","bleedthrough","atomic","","2306835126240770659","medium","[{""distortion"": ""bleedthrough"", ""severity"": ""medium""}]","{""contrast"": 1.0, ""sharpness"": 0.008272393606603146, ""ink_ratio"": 0.07202119519473564, ""contrast_ratio"": 1.0, ""sharpness_ratio"": 0.9936293014101113, ""ink_change_ratio"": 1.0718987370602773, ""passed"": true, ""reasons"": []}","MohamedRashad/arabic-img2md","train","b259f4e285483107f1585960cfd62e17bdc6c712"
"dist_b619ce11ebbfb44b","dist_b619ce11ebbfb44b.png","bleedthrough","originals/arabic_ocr_000032.png","arabic_ocr_000032","87","arabic_ocr_000032.txt","distorted/bleedthrough/dist_b619ce11ebbfb44b.png","ground_truth/arabic_ocr_000032.txt","b38333890048f359ff8caa50c1446436d56d0cc5d8c3d76e718f88f6edfad3d3","ce17841c7f0e0d9ca3dae1263df1fe313910018aa89055c781adb3b36c7fb12d","26e3a01ac25e74863c4314168228c7909629623b66f899902af7a7b11538a8df","bleedthrough","atomic","","1557177207193157209","heavy","[{""distortion"": ""bleedthrough"", ""severity"": ""heavy""}]","{""contrast"": 0.9058823529411765, ""sharpness"": 0.010541741736233234, ""ink_ratio"": 0.08827932467723544, ""contrast_ratio"": 1.0043478260869565, ""sharpness_ratio"": 1.0003116940869679, ""ink_change_ratio"": 1.1116231675968598, ""passed"": true, ""reasons"": []}","mohres/The_Arabic_E-Book_Corpus","train","7d26ca7c2041064a7f36f03ecb4c5c1dd1a15e1a"
"dist_d8dc97b4cf17a670","dist_d8dc97b4cf17a670.png","bleedthrough","originals/arabic_ocr_000069.png","arabic_ocr_000069","49803","arabic_ocr_000069.txt","distorted/bleedthrough/dist_d8dc97b4cf17a670.png","ground_truth/arabic_ocr_000069.txt","7e49c6f8023045bd97f70f754937145ed148cbe70c34ef127988372e02879e8c","ba67de2bb7e784ec1900c5292e06cb0d38ac37255e9e8682731f0ed4925f6fe6","fc0f57ea6d0946a6cabefeeb501e88e3e7132039544b95c409e61e37eeaa278a","bleedthrough","atomic","","5947108646928451921","light","[{""distortion"": ""bleedthrough"", ""severity"": ""light""}]","{""contrast"": 0.8509803921568627, ""sharpness"": 0.004321034532040358, ""ink_ratio"": 0.17358837710950387, ""contrast_ratio"": 0.9774774774774775, ""sharpness_ratio"": 0.9606898193921762, ""ink_change_ratio"": 1.0038155336243901, ""passed"": true, ""reasons"": []}","calfa-ai/RASAM-2","train","dd04242a1f18e519df0944d19ae2d868e404d6e5"
"dist_14a68aa4d4edd0b2","dist_14a68aa4d4edd0b2.png","bleedthrough","originals/arabic_ocr_000006.png","arabic_ocr_000006","88","arabic_ocr_000006.txt","distorted/bleedthrough/dist_14a68aa4d4edd0b2.png","ground_truth/arabic_ocr_000006.txt","813ebf0e1f9ed8f461edd555a6c5468978ebcf83171ff1e31d7ab377a09558f7","00cca059f3cb7218239212c941e6ce3ca7d8d29a645ad45bbb621df2604599b4","5a93ab59f6b8c56604b82921abbd9b77da1a61e8b4e5246d457aa1bc28d538e9","bleedthrough","atomic","","6471762480020011226","medium","[{""distortion"": ""bleedthrough"", ""severity"": ""medium""}]","{""contrast"": 0.49019607843137253, ""sharpness"": 0.0031161708757281303, ""ink_ratio"": 0.038706458969360355, ""contrast_ratio"": 1.0162601626016259, ""sharpness_ratio"": 1.000552462975636, ""ink_change_ratio"": 1.6352952602952602, ""passed"": true, ""reasons"": []}","ahmedheakl/arocrbench_hindawi","train","5693b901e43bb5c72b4b77e4a3efeadfd01739a8"
"dist_209fef3d1ebc4d1a","dist_209fef3d1ebc4d1a.png","bleedthrough","originals/arabic_ocr_000043.png","arabic_ocr_000043","1044","arabic_ocr_000043.txt","distorted/bleedthrough/dist_209fef3d1ebc4d1a.png","ground_truth/arabic_ocr_000043.txt","e143230d9510acfc35e9d9225c4c41323264849a20c23991b5afe3759f5172ac","7c362f59c42e203e7605240c572ff54409a80dcaa7b1d697b14b0ea06f2ea685","7b29907bbb113e2df024d9dc0992217c5307edec213de9e952e75786b39a6995","bleedthrough","atomic","","3877783504280781391","heavy","[{""distortion"": ""bleedthrough"", ""severity"": ""heavy""}]","{""contrast"": 0.9058823529411765, ""sharpness"": 0.01150105893611908, ""ink_ratio"": 0.09833284290285799, ""contrast_ratio"": 1.0043478260869565, ""sharpness_ratio"": 1.000173483071956, ""ink_change_ratio"": 1.1516776788743317, ""passed"": true, ""reasons"": []}","mohres/The_Arabic_E-Book_Corpus","train","7d26ca7c2041064a7f36f03ecb4c5c1dd1a15e1a"
"dist_a6de1c456d2fe1c7","dist_a6de1c456d2fe1c7.png","bleedthrough","originals/arabic_ocr_000080.png","arabic_ocr_000080","179","arabic_ocr_000080.txt","distorted/bleedthrough/dist_a6de1c456d2fe1c7.png","ground_truth/arabic_ocr_000080.txt","b7d4857eb1da11c864aaa8d896b78005a10bdcc423727ced9f59c773b6293d43","aef23f3ab9be379de233c38afc5041b797814e82f2ce47954dc8260efc547d23","a0948ceaa8529d9946f286f76bb3f0ca37318214b0f50d3084d0ff349f43c66b","bleedthrough","atomic","","6883082908955182156","light","[{""distortion"": ""bleedthrough"", ""severity"": ""light""}]","{""contrast"": 0.9411764705882353, ""sharpness"": 0.006808425299823284, ""ink_ratio"": 0.11000099413460583, ""contrast_ratio"": 1.0, ""sharpness_ratio"": 1.0000720933782985, ""ink_change_ratio"": 0.9994580435371693, ""passed"": true, ""reasons"": []}","calfa-ai/iskandar","train","8cd27a8a823b4bf7d5f119a3f94ec798fc792ab0"
"dist_9b86d75d76752479","dist_9b86d75d76752479.png","bleedthrough","originals/arabic_ocr_000017.png","arabic_ocr_000017","54","arabic_ocr_000017.txt","distorted/bleedthrough/dist_9b86d75d76752479.png","ground_truth/arabic_ocr_000017.txt","455c3733a0c9b257d130499ba309b003e42816bf462eeeb266d46567f0174aa0","953644d78d77521a35b3b2e27bb80b424865774a6705b14e4b15d6dc67327f08","67c8bd0bd51d768a04ef0e18f695e86c6cd990a8666f8ecc714065516582769b","bleedthrough","atomic","","1738695143025138291","medium","[{""distortion"": ""bleedthrough"", ""severity"": ""medium""}]","{""contrast"": 0.44313725490196076, ""sharpness"": 0.0006164007936604321, ""ink_ratio"": 0.0424641070616514, ""contrast_ratio"": 1.0089285714285714, ""sharpness_ratio"": 1.000789314540994, ""ink_change_ratio"": 1.0788899969051957, ""passed"": true, ""reasons"": []}","ahmedheakl/arocrbench_khattparagraph","train","d0e44472833d6de53ff23ca0cb1d36c77a213581"
"dist_fff4dc4b3f86b385","dist_fff4dc4b3f86b385.png","bleedthrough","originals/arabic_ocr_000054.png","arabic_ocr_000054","000021","arabic_ocr_000054.txt","distorted/bleedthrough/dist_fff4dc4b3f86b385.png","ground_truth/arabic_ocr_000054.txt","998bf1bcae42ee6bdc1113baa447b3114b49f9a09fd8e41d1774a13b608147d1","1431b915797ef2399b42e1c02ef9979707c16761b4ff244500093ce61ed07082","0e8ba830ecd576431f51b453598cf179f381fdcaf247f9a31d22b0534fe3820c","bleedthrough","atomic","","584452872882069469","heavy","[{""distortion"": ""bleedthrough"", ""severity"": ""heavy""}]","{""contrast"": 0.6823529411764706, ""sharpness"": 0.0017961595440283418, ""ink_ratio"": 0.10082034214982191, ""contrast_ratio"": 0.935483870967742, ""sharpness_ratio"": 0.648000001679965, ""ink_change_ratio"": 1.1263249442843941, ""passed"": true, ""reasons"": []}","calfa-ai/tarima","train","8ccf8adb3dec69f0eb5a54eede92fc0ce465509b"
"dist_f15370acb8f8b631","dist_f15370acb8f8b631.png","combined","originals/arabic_ocr_000067.png","arabic_ocr_000067","180494","arabic_ocr_000067.txt","distorted/combined/dist_f15370acb8f8b631.png","ground_truth/arabic_ocr_000067.txt","2c4afa8f8845095ea117347ff1647f792b853dcc03d55f72222a88975383794c","1edfd7951c002f17e1f03b6978973cc0bc39346eadd42bccdc18ba7bb5e67f4b","b90b82b4f9e8bea1b930889769d5303a9abbc6bf9fd0cd14e3ff386671ffcaf9","","profile","old_book_light","1012251361908403412","combined","[{""distortion"": ""paper_degradation"", ""severity"": ""light""}, {""distortion"": ""bleedthrough"", ""severity"": ""light""}, {""distortion"": ""faded_scan"", ""severity"": ""light""}, {""distortion"": ""gaussian_blur"", ""severity"": ""light""}]","{""contrast"": 0.29411764705882354, ""sharpness"": 0.00044520627125166357, ""ink_ratio"": 0.014265407655599553, ""contrast_ratio"": 0.7211538461538461, ""sharpness_ratio"": 0.3295316373116723, ""ink_change_ratio"": 0.307103825136612, ""passed"": true, ""reasons"": []}","calfa-ai/RASAM-2","train","dd04242a1f18e519df0944d19ae2d868e404d6e5"
"dist_a2e6646527859cc9","dist_a2e6646527859cc9.png","combined","originals/arabic_ocr_000008.png","arabic_ocr_000008","177","arabic_ocr_000008.txt","distorted/combined/dist_a2e6646527859cc9.png","ground_truth/arabic_ocr_000008.txt","ad9a3289aa4f22242adcc347274dddc286584a5d70effc1ec10389901307afb7","4436cff6e00617505b3faf18011cd61095264600b19fcf6f2f136896e1d4c6ba","ff35d3488d863d96c2cc7c3fc06dea0980f9b71b8d87d6d76dc745d1e93131fd","","profile","old_book_light","314713068526934388","combined","[{""distortion"": ""paper_degradation"", ""severity"": ""light""}, {""distortion"": ""bleedthrough"", ""severity"": ""light""}, {""distortion"": ""faded_scan"", ""severity"": ""light""}, {""distortion"": ""gaussian_blur"", ""severity"": ""light""}]","{""contrast"": 0.5176470588235295, ""sharpness"": 0.00161338213365525, ""ink_ratio"": 0.055835509618567696, ""contrast_ratio"": 0.5866666666666668, ""sharpness_ratio"": 0.2850156689397152, ""ink_change_ratio"": 1.322832587170354, ""passed"": true, ""reasons"": []}","ahmedheakl/arocrbench_hindawi","train","5693b901e43bb5c72b4b77e4a3efeadfd01739a8"
"dist_a6aa584f1f563af1","dist_a6aa584f1f563af1.png","combined","originals/arabic_ocr_000049.png","arabic_ocr_000049","1566","arabic_ocr_000049.txt","distorted/combined/dist_a6aa584f1f563af1.png","ground_truth/arabic_ocr_000049.txt","0df3f103b1680e52d719d52c2355e824bb0775ed38184942dbb7bec80736b023","564d88283b6ea5616b7466ae9c0d89ad175123dd146660d9d45f155417f1fcc1","a41c07a9f7c58d166b24ee9dafec6913dc0319ad7b509b1d79d11a32bb2bd08e","","profile","old_book_light","4650784133483637254","combined","[{""distortion"": ""paper_degradation"", ""severity"": ""light""}, {""distortion"": ""bleedthrough"", ""severity"": ""light""}, {""distortion"": ""faded_scan"", ""severity"": ""light""}, {""distortion"": ""gaussian_blur"", ""severity"": ""light""}]","{""contrast"": 0.615686274509804, ""sharpness"": 0.0031587479170411825, ""ink_ratio"": 0.09864595210946409, ""contrast_ratio"": 0.682608695652174, ""sharpness_ratio"": 0.28404545977207385, ""ink_change_ratio"": 1.1924269707883153, ""passed"": true, ""reasons"": []}","mohres/The_Arabic_E-Book_Corpus","train","7d26ca7c2041064a7f36f03ecb4c5c1dd1a15e1a"
"dist_85645a47fbcd4a17","dist_85645a47fbcd4a17.png","combined","originals/arabic_ocr_000090.png","arabic_ocr_000090","7133","arabic_ocr_000090.txt","distorted/combined/dist_85645a47fbcd4a17.png","ground_truth/arabic_ocr_000090.txt","2e2067855f3224e5eec9220c1ea5ad39dd3f821102b4634642202b25ac80ede9","eccf56b734ec99fc8f1fc1cf825035e9f16f67d50dc4dc9459811d992dcaacf8","165f7f8dd39d0ec3bc10f3f89d79ca4f4391b729eb7b897a432995b86c139cdf","","profile","old_book_light","2386440267960737820","combined","[{""distortion"": ""paper_degradation"", ""severity"": ""light""}, {""distortion"": ""bleedthrough"", ""severity"": ""light""}, {""distortion"": ""faded_scan"", ""severity"": ""light""}, {""distortion"": ""gaussian_blur"", ""severity"": ""light""}]","{""contrast"": 0.7215686274509804, ""sharpness"": 0.002735156798735261, ""ink_ratio"": 0.06974640522875818, ""contrast_ratio"": 0.7215686274509804, ""sharpness_ratio"": 0.3387786248887119, ""ink_change_ratio"": 1.0827749571993626, ""passed"": true, ""reasons"": []}","MohamedRashad/arabic-img2md","train","b259f4e285483107f1585960cfd62e17bdc6c712"
"dist_a65adc130f4620a6","dist_a65adc130f4620a6.png","combined","originals/arabic_ocr_000071.png","arabic_ocr_000071","l019-089","arabic_ocr_000071.txt","distorted/combined/dist_a65adc130f4620a6.png","ground_truth/arabic_ocr_000071.txt","9d8d45bb7f979cd3fc3e45fa28b258b2c3e15a81ed105472b7d9edb7403bdb4d","ec4049c303e1e2e493f3dae15a35763502f3e390a571405f7064bdf35fe89fc6","aee0c404c5ee088adcddc147114c648ac8e5ecea09203377c06e103e19f59d04","","profile","old_book_medium","2577038178172016636","combined","[{""distortion"": ""paper_degradation"", ""severity"": ""medium""}, {""distortion"": ""bleedthrough"", ""severity"": ""light""}, {""distortion"": ""faded_scan"", ""severity"": ""medium""}, {""distortion"": ""low_contrast"", ""severity"": ""medium""}, {""distortion"": ""gaussian_blur"", ""severity"": ""light""}]","{""contrast"": 0.2, ""sharpness"": 5.370397775550373e-05, ""ink_ratio"": 0.038413315015712095, ""contrast_ratio"": 0.34693877551020413, ""sharpness_ratio"": 0.06600980620120375, ""ink_change_ratio"": 0.2751685444097552, ""passed"": true, ""reasons"": []}","calfa-ai/baybars","train","ce04cd0779386abf25ee24faf84518df33ed41b3"
"dist_ec5b8eed91673c91","dist_ec5b8eed91673c91.png","combined","originals/arabic_ocr_000012.png","arabic_ocr_000012","5","arabic_ocr_000012.txt","distorted/combined/dist_ec5b8eed91673c91.png","ground_truth/arabic_ocr_000012.txt","1e6291251ba709c66dc7b8978615005c8c4be872a31a2367b16b8d9031dd0924","a1ace0aacef379ad3d6f6ecdff5f6c4b1dd8000086fcc4095354586131af3eeb","c6ba8f26fffebc6605e2b902bf3dc5dcedd4ab11f2029ddedfb88f395fba8933","","profile","old_book_medium","4713163809889994594","combined","[{""distortion"": ""paper_degradation"", ""severity"": ""medium""}, {""distortion"": ""bleedthrough"", ""severity"": ""light""}, {""distortion"": ""faded_scan"", ""severity"": ""medium""}, {""distortion"": ""low_contrast"", ""severity"": ""medium""}, {""distortion"": ""gaussian_blur"", ""severity"": ""light""}]","{""contrast"": 0.2235294117647059, ""sharpness"": 0.0003594802983570844, ""ink_ratio"": 0.10651642358741245, ""contrast_ratio"": 0.24782608695652175, ""sharpness_ratio"": 0.033547244923749116, ""ink_change_ratio"": 1.1158197973066777, ""passed"": true, ""reasons"": []}","ahmedheakl/arocrbench_historicalbooks","train","cbe0684cfc878f281be6d6b11c22f41d32842c00"
"dist_7a00641622c00848","dist_7a00641622c00848.png","combined","originals/arabic_ocr_000053.png","arabic_ocr_000053","0006","arabic_ocr_000053.txt","distorted/combined/dist_7a00641622c00848.png","ground_truth/arabic_ocr_000053.txt","2986f9d45512b84ec631b2d8b597f78ef57692a030479f92c57883677857aebb","0ab07df101cec47e7252f7e284226ba012e90fe3fbf19a8e6b51783f27231f74","f521f87432de8c8e769cb271945fabb08ad662c77dc088750a3f5a2231ba65ef","","profile","old_book_medium","1512478349875995000","combined","[{""distortion"": ""paper_degradation"", ""severity"": ""medium""}, {""distortion"": ""bleedthrough"", ""severity"": ""light""}, {""distortion"": ""faded_scan"", ""severity"": ""medium""}, {""distortion"": ""low_contrast"", ""severity"": ""medium""}, {""distortion"": ""gaussian_blur"", ""severity"": ""light""}]","{""contrast"": 0.30980392156862746, ""sharpness"": 0.0010422234190627933, ""ink_ratio"": 0.028910133843212237, ""contrast_ratio"": 0.3405172413793104, ""sharpness_ratio"": 0.0576518423951967, ""ink_change_ratio"": 0.15153337342152737, ""passed"": true, ""reasons"": []}","calfa-ai/tarima","train","8ccf8adb3dec69f0eb5a54eede92fc0ce465509b"
"dist_76b5dc4a775c7562","dist_76b5dc4a775c7562.png","combined","originals/arabic_ocr_000094.png","arabic_ocr_000094","12550","arabic_ocr_000094.txt","distorted/combined/dist_76b5dc4a775c7562.png","ground_truth/arabic_ocr_000094.txt","569f9d024c59abd63d58118619fba32a694e005e1b1941101d2af4b4c199fc25","0417e57e72df903865ead6e4439c7e986f7a81e3e064dc6508e662790db80a5a","075729f4ccfe640ef8742489677ea1d85b336ada0f5414e4a3c408a59d6c468e","","profile","old_book_medium","3148521130023371711","combined","[{""distortion"": ""paper_degradation"", ""severity"": ""medium""}, {""distortion"": ""bleedthrough"", ""severity"": ""light""}, {""distortion"": ""faded_scan"", ""severity"": ""medium""}, {""distortion"": ""low_contrast"", ""severity"": ""medium""}, {""distortion"": ""gaussian_blur"", ""severity"": ""light""}]","{""contrast"": 0.23137254901960785, ""sharpness"": 0.0002788312267512083, ""ink_ratio"": 0.03608845359247073, ""contrast_ratio"": 0.29064039408867, ""sharpness_ratio"": 0.06162357560211283, ""ink_change_ratio"": 1.140549429289998, ""passed"": true, ""reasons"": []}","MohamedRashad/arabic-img2md","train","b259f4e285483107f1585960cfd62e17bdc6c712"
"dist_e61e905caae83169","dist_e61e905caae83169.png","combined","originals/arabic_ocr_000035.png","arabic_ocr_000035","348","arabic_ocr_000035.txt","distorted/combined/dist_e61e905caae83169.png","ground_truth/arabic_ocr_000035.txt","64bd45d0fd6c62b1b2063ffbd6774b173138f7e55582fa77f035fb3ea806da14","f58c9742ac03adff9dc92771e058785ebc6cc4ec3aa70b0d19f926b1da088355","77faa0140343e7629f462ca4fb1a73fa322212e8da7111ef0c6e2d46fdefc956","","profile","old_book_medium","6567455184807043806","combined","[{""distortion"": ""paper_degradation"", ""severity"": ""medium""}, {""distortion"": ""bleedthrough"", ""severity"": ""light""}, {""distortion"": ""faded_scan"", ""severity"": ""medium""}, {""distortion"": ""low_contrast"", ""severity"": ""medium""}, {""distortion"": ""gaussian_blur"", ""severity"": ""light""}]","{""contrast"": 0.23921568627450981, ""sharpness"": 0.0003356014785822481, ""ink_ratio"": 0.048199507117372274, ""contrast_ratio"": 0.27111111111111114, ""sharpness_ratio"": 0.05894705719347208, ""ink_change_ratio"": 1.1414385575227022, ""passed"": true, ""reasons"": []}","mohres/The_Arabic_E-Book_Corpus","train","7d26ca7c2041064a7f36f03ecb4c5c1dd1a15e1a"
"dist_8577d0eb1449cbdc","dist_8577d0eb1449cbdc.png","combined","originals/arabic_ocr_000076.png","arabic_ocr_000076","79","arabic_ocr_000076.txt","distorted/combined/dist_8577d0eb1449cbdc.png","ground_truth/arabic_ocr_000076.txt","98b651b88a66760b1c30a72504df0995ac30b3f556d43c82659363a56409c871","35567386283a28e45a8b8876bc5e8f4b38d0f24db80edc130b3853c90de739ea","a07e6e910da85bb929a820542c7b0b0d4c79dfbb08d6e375bfc31f7e7afb2fd3","","profile","bad_scan_medium","1433513871578423577","combined","[{""distortion"": ""rotation"", ""severity"": ""medium""}, {""distortion"": ""uneven_lighting"", ""severity"": ""medium""}, {""distortion"": ""gaussian_noise"", ""severity"": ""medium""}, {""distortion"": ""jpeg_compression"", ""severity"": ""medium""}]","{""contrast"": 0.9529411764705882, ""sharpness"": 0.0024120782036334276, ""ink_ratio"": 0.08714815185815887, ""contrast_ratio"": 0.9529411764705882, ""sharpness_ratio"": 0.6445166947715048, ""ink_change_ratio"": 0.9006677364252809, ""passed"": true, ""reasons"": []}","calfa-ai/iskandar","train","8cd27a8a823b4bf7d5f119a3f94ec798fc792ab0"
"dist_9fe6d2c99ddda577","dist_9fe6d2c99ddda577.png","combined","originals/arabic_ocr_000017.png","arabic_ocr_000017","54","arabic_ocr_000017.txt","distorted/combined/dist_9fe6d2c99ddda577.png","ground_truth/arabic_ocr_000017.txt","2f477ea7b429267bd3b66a5ca598533d97d239e1cc10f7c0ad70cd1fd414b085","953644d78d77521a35b3b2e27bb80b424865774a6705b14e4b15d6dc67327f08","67c8bd0bd51d768a04ef0e18f695e86c6cd990a8666f8ecc714065516582769b","","profile","bad_scan_medium","5001194491474000972","combined","[{""distortion"": ""rotation"", ""severity"": ""medium""}, {""distortion"": ""uneven_lighting"", ""severity"": ""medium""}, {""distortion"": ""gaussian_noise"", ""severity"": ""medium""}, {""distortion"": ""jpeg_compression"", ""severity"": ""medium""}]","{""contrast"": 0.45098039215686275, ""sharpness"": 0.00046245072735473514, ""ink_ratio"": 0.05241668290781524, ""contrast_ratio"": 1.0267857142857144, ""sharpness_ratio"": 0.7508357406387267, ""ink_change_ratio"": 1.3317561294315876, ""passed"": true, ""reasons"": []}","ahmedheakl/arocrbench_khattparagraph","train","d0e44472833d6de53ff23ca0cb1d36c77a213581"
"dist_8fc3e5ac85004989","dist_8fc3e5ac85004989.png","combined","originals/arabic_ocr_000058.png","arabic_ocr_000058","122","arabic_ocr_000058.txt","distorted/combined/dist_8fc3e5ac85004989.png","ground_truth/arabic_ocr_000058.txt","c43f9f7f9cef5ff73cd34691a88b4afd4a4a473b9f2c6831c1928943dcef11d7","3a9bcf46b1ce195a6350d14774c0a013206b9f7037dc2d797df22f7422ab846b","f7eee34abd47d15ac0ba3dbe1e2676f93ce1b1370af6161b69cbb9bece9e8f6b","","profile","bad_scan_medium","3982693738929901301","combined","[{""distortion"": ""rotation"", ""severity"": ""medium""}, {""distortion"": ""uneven_lighting"", ""severity"": ""medium""}, {""distortion"": ""gaussian_noise"", ""severity"": ""medium""}, {""distortion"": ""jpeg_compression"", ""severity"": ""medium""}]","{""contrast"": 0.9372549019607843, ""sharpness"": 0.002290514064952731, ""ink_ratio"": 0.13287284105595784, ""contrast_ratio"": 0.9372549019607843, ""sharpness_ratio"": 0.619781911386349, ""ink_change_ratio"": 0.9605811679240012, ""passed"": true, ""reasons"": []}","calfa-ai/tarima","train","8ccf8adb3dec69f0eb5a54eede92fc0ce465509b"
"dist_56aa5b782b287797","dist_56aa5b782b287797.png","combined","originals/arabic_ocr_000099.png","arabic_ocr_000099","segment_00030_page_00004","arabic_ocr_000099.txt","distorted/combined/dist_56aa5b782b287797.png","ground_truth/arabic_ocr_000099.txt","023690afddaa9dba68aed0a81f6207cd1fd7b8e364c016b82be7ff5798686a0f","76bd996b541486f5aaff1059bb77d27c292bccd989f2c321604714cd9a8fb479","e69115006fdd1ae655df9c23af8014ec617a732cccfc4983a0f89b9ca61a029d","","profile","bad_scan_medium","1824854424436466857","combined","[{""distortion"": ""rotation"", ""severity"": ""medium""}, {""distortion"": ""uneven_lighting"", ""severity"": ""medium""}, {""distortion"": ""gaussian_noise"", ""severity"": ""medium""}, {""distortion"": ""jpeg_compression"", ""severity"": ""medium""}]","{""contrast"": 0.6588235294117647, ""sharpness"": 0.0010566391283646226, ""ink_ratio"": 0.03661989975629752, ""contrast_ratio"": 0.6588235294117647, ""sharpness_ratio"": 0.504383232209891, ""ink_change_ratio"": 1.680449735066072, ""passed"": true, ""reasons"": []}","craneset/arabic-ocr","train","c7df81cbef12277b46aa592bb0114636d642e6ad"
"dist_24278ad2b62fc43f","dist_24278ad2b62fc43f.png","combined","originals/arabic_ocr_000040.png","arabic_ocr_000040","783","arabic_ocr_000040.txt","distorted/combined/dist_24278ad2b62fc43f.png","ground_truth/arabic_ocr_000040.txt","c2bd1bc00261793a3c4db9004de0e43e2f44598609c28d190b2cff9c7f1f8d47","7b4186b0aefd78a49500b9e5b6f9d45c55d7913a2d409f6304267a1d89d5815e","a3791e715317a7f49ef9a4acaa21fe30e4fe720a114b86ba4ce9716415d5df21","","profile","bad_scan_medium","343602360403406156","combined","[{""distortion"": ""rotation"", ""severity"": ""medium""}, {""distortion"": ""uneven_lighting"", ""severity"": ""medium""}, {""distortion"": ""gaussian_noise"", ""severity"": ""medium""}, {""distortion"": ""jpeg_compression"", ""severity"": ""medium""}]","{""contrast"": 0.8431372549019608, ""sharpness"": 0.0065848310478031635, ""ink_ratio"": 0.10615367638945084, ""contrast_ratio"": 0.9347826086956521, ""sharpness_ratio"": 0.5757026871792801, ""ink_change_ratio"": 1.2521490126744292, ""passed"": true, ""reasons"": []}","mohres/The_Arabic_E-Book_Corpus","train","7d26ca7c2041064a7f36f03ecb4c5c1dd1a15e1a"
"dist_7388976f99c0123b","dist_7388976f99c0123b.png","combined","originals/arabic_ocr_000081.png","arabic_ocr_000081","0","arabic_ocr_000081.txt","distorted/combined/dist_7388976f99c0123b.png","ground_truth/arabic_ocr_000081.txt","691e67566d8ab3d2369f133547cb320b63334d7bdf848a659f6704f01961369d","fa553d1e39b806bb0567bf549ca681f578b7ffb1b6d73dd0711b6c37e83ff010","d692a26930d6af7aa82724f67ce0512ba091669e88fa91633ce269c475f3acf4","","profile","bad_scan_heavy","2968897681831000906","combined","[{""distortion"": ""rotation"", ""severity"": ""heavy""}, {""distortion"": ""shadow"", ""severity"": ""medium""}, {""distortion"": ""gaussian_noise"", ""severity"": ""medium""}, {""distortion"": ""salt_pepper_noise"", ""severity"": ""light""}, {""distortion"": ""low_resolution"", ""severity"": ""light""}, {""distortion"": ""jpeg_compression"", ""severity"": ""heavy""}]","{""contrast"": 0.35294117647058826, ""sharpness"": 0.00119260442443192, ""ink_ratio"": 0.05958604330859285, ""contrast_ratio"": 6.428571428571429, ""sharpness_ratio"": 0.5068237001120174, ""ink_change_ratio"": 3.860258761711198, ""passed"": true, ""reasons"": []}","MohamedRashad/arabic-img2md","train","b259f4e285483107f1585960cfd62e17bdc6c712"
"dist_c4cd49fedca675f6","dist_c4cd49fedca675f6.png","combined","originals/arabic_ocr_000022.png","arabic_ocr_000022","464","arabic_ocr_000022.txt","distorted/combined/dist_c4cd49fedca675f6.png","ground_truth/arabic_ocr_000022.txt","e741ba0048926951d06b9abb654110d6e07d66413350e8b785bf10cc2d770c68","bef2f74b7af15cdb68f0101d09348f3335caed762418570d61d6b6c5a321f697","3b4340e50b7b3433c5cfe5fecf8cbec015ee580e130b9c1b0f24decb196b015f","","profile","bad_scan_heavy","8433912648335781885","combined","[{""distortion"": ""rotation"", ""severity"": ""heavy""}, {""distortion"": ""shadow"", ""severity"": ""medium""}, {""distortion"": ""gaussian_noise"", ""severity"": ""medium""}, {""distortion"": ""salt_pepper_noise"", ""severity"": ""light""}, {""distortion"": ""low_resolution"", ""severity"": ""light""}, {""distortion"": ""jpeg_compression"", ""severity"": ""heavy""}]","{""contrast"": 0.6941176470588235, ""sharpness"": 0.0026217286940664053, ""ink_ratio"": 0.1521713265913147, ""contrast_ratio"": 0.9567567567567568, ""sharpness_ratio"": 0.42070728884192876, ""ink_change_ratio"": 1.2572743000943691, ""passed"": true, ""reasons"": []}","ahmedheakl/arocrbench_doclaynet","train","92853b44e9259cbdbbbb3cb84ae9ced036d58c3f"
"dist_e929d5935b7d6a17","dist_e929d5935b7d6a17.png","combined","originals/arabic_ocr_000063.png","arabic_ocr_000063","00025","arabic_ocr_000063.txt","distorted/combined/dist_e929d5935b7d6a17.png","ground_truth/arabic_ocr_000063.txt","40ce07b21f66ceebdbf0c89e9ae27fee45004ea7273880cd368e3a65166f6f7c","650b639ee582d628f839b89d37705b8b0d90a970ae81d97cd97268a7011f95ea","91a771f725a9203ef504a24872de1912e1b7d9b66589398e3d341c722d0abe50","","profile","bad_scan_heavy","6995882433650303379","combined","[{""distortion"": ""rotation"", ""severity"": ""heavy""}, {""distortion"": ""shadow"", ""severity"": ""medium""}, {""distortion"": ""gaussian_noise"", ""severity"": ""medium""}, {""distortion"": ""salt_pepper_noise"", ""severity"": ""light""}, {""distortion"": ""low_resolution"", ""severity"": ""light""}, {""distortion"": ""jpeg_compression"", ""severity"": ""heavy""}]","{""contrast"": 0.6705882352941176, ""sharpness"": 0.00046457163989543915, ""ink_ratio"": 0.14268667724249257, ""contrast_ratio"": 0.9884393063583814, ""sharpness_ratio"": 0.6043067135507222, ""ink_change_ratio"": 1.0336050804531078, ""passed"": true, ""reasons"": []}","calfa-ai/RASAM-1","train","0dd7531ae68fb0bfc5cb7b189955cb3002a1ec95"
"dist_4c265aa169cf1581","dist_4c265aa169cf1581.png","combined","originals/arabic_ocr_000004.png","arabic_ocr_000004","31","arabic_ocr_000004.txt","distorted/combined/dist_4c265aa169cf1581.png","ground_truth/arabic_ocr_000004.txt","fff566569b66c57c1330cead9ff0734a0afe7b8422b9288e99899339e5c6d682","7b8a2e41912ba578ed86083a819726224c7a1d4454d525f5a2734fa26d0395d9","a4065a58a731361fb63b7542ba432c934f9b9ccd14a7351f2ef1bac26541fc33","","profile","bad_scan_heavy","4509293118445544983","combined","[{""distortion"": ""rotation"", ""severity"": ""heavy""}, {""distortion"": ""shadow"", ""severity"": ""medium""}, {""distortion"": ""gaussian_noise"", ""severity"": ""medium""}, {""distortion"": ""salt_pepper_noise"", ""severity"": ""light""}, {""distortion"": ""low_resolution"", ""severity"": ""light""}, {""distortion"": ""jpeg_compression"", ""severity"": ""heavy""}]","{""contrast"": 0.5568627450980392, ""sharpness"": 0.0016429823590442538, ""ink_ratio"": 0.07518942877110384, ""contrast_ratio"": 0.7932960893854749, ""sharpness_ratio"": 0.4163782066298289, ""ink_change_ratio"": 2.5338394793926247, ""passed"": true, ""reasons"": []}","ahmedheakl/arocrbench_hindawi","train","5693b901e43bb5c72b4b77e4a3efeadfd01739a8"
"dist_3380a91f74f0d92a","dist_3380a91f74f0d92a.png","combined","originals/arabic_ocr_000085.png","arabic_ocr_000085","1500","arabic_ocr_000085.txt","distorted/combined/dist_3380a91f74f0d92a.png","ground_truth/arabic_ocr_000085.txt","4830e6d0288da22b2cdc19fbb828216804615b228a366dc72d8165d511c31c05","f4b4b5d4f9f1dc09f89470fc0383c18d3be0e222b110e249298a5ba359491dfe","2f6c6bafb8da0c00f1210f04a096e77f5811bf4f2eaef70f4a94b1e6b25fa548","","profile","phone_photo_light","4726233464902785867","combined","[{""distortion"": ""perspective"", ""severity"": ""light""}, {""distortion"": ""uneven_lighting"", ""severity"": ""light""}, {""distortion"": ""motion_blur"", ""severity"": ""light""}, {""distortion"": ""jpeg_compression"", ""severity"": ""light""}]","{""contrast"": 0.6235294117647059, ""sharpness"": 0.0012746975990012288, ""ink_ratio"": 0.05359514882546484, ""contrast_ratio"": 0.6463414634146342, ""sharpness_ratio"": 0.23777759835780635, ""ink_change_ratio"": 1.4263735592391968, ""passed"": true, ""reasons"": []}","MohamedRashad/arabic-img2md","train","b259f4e285483107f1585960cfd62e17bdc6c712"
"dist_b1a7e7bd5f4cc22c","dist_b1a7e7bd5f4cc22c.png","combined","originals/arabic_ocr_000026.png","arabic_ocr_000026","409","arabic_ocr_000026.txt","distorted/combined/dist_b1a7e7bd5f4cc22c.png","ground_truth/arabic_ocr_000026.txt","788ea011b3de359633f1c79dbba0586165380e6a9d10f4ad6fd7a72d17ce3085","13c1be7dae0b30cdd0da702f74de7e209ad476aa61feac83e393524aace07d12","174336c5b029760e7118fc68ad90c1f86d52705af2e96002b90baed7caf58258","","profile","phone_photo_light","528961591348948474","combined","[{""distortion"": ""perspective"", ""severity"": ""light""}, {""distortion"": ""uneven_lighting"", ""severity"": ""light""}, {""distortion"": ""motion_blur"", ""severity"": ""light""}, {""distortion"": ""jpeg_compression"", ""severity"": ""light""}]","{""contrast"": 0.5764705882352941, ""sharpness"": 0.0006458209827542305, ""ink_ratio"": 0.12925, ""contrast_ratio"": 0.9932432432432431, ""sharpness_ratio"": 0.39981135018093833, ""ink_change_ratio"": 1.0271353123292661, ""passed"": true, ""reasons"": []}","ahmedheakl/arocrbench_tables","train","1fc7dbf1414f82f04c091087af31d30446bd1867"
"dist_f858e4da71691130","dist_f858e4da71691130.png","combined","originals/arabic_ocr_000067.png","arabic_ocr_000067","180494","arabic_ocr_000067.txt","distorted/combined/dist_f858e4da71691130.png","ground_truth/arabic_ocr_000067.txt","b56353648dc58b2402208202d65e4d859e4bbbadc2c94758b0b2becc2e867b0d","1edfd7951c002f17e1f03b6978973cc0bc39346eadd42bccdc18ba7bb5e67f4b","b90b82b4f9e8bea1b930889769d5303a9abbc6bf9fd0cd14e3ff386671ffcaf9","","profile","phone_photo_light","1470968779364312681","combined","[{""distortion"": ""perspective"", ""severity"": ""light""}, {""distortion"": ""uneven_lighting"", ""severity"": ""light""}, {""distortion"": ""motion_blur"", ""severity"": ""light""}, {""distortion"": ""jpeg_compression"", ""severity"": ""light""}]","{""contrast"": 0.3254901960784314, ""sharpness"": 0.0004351709212642163, ""ink_ratio"": 0.014123261244796426, ""contrast_ratio"": 0.7980769230769231, ""sharpness_ratio"": 0.32210369766683783, ""ink_change_ratio"": 0.3040437158469945, ""passed"": true, ""reasons"": []}","calfa-ai/RASAM-2","train","dd04242a1f18e519df0944d19ae2d868e404d6e5"
"dist_d6c44a17ddd4d4e3","dist_d6c44a17ddd4d4e3.png","combined","originals/arabic_ocr_000008.png","arabic_ocr_000008","177","arabic_ocr_000008.txt","distorted/combined/dist_d6c44a17ddd4d4e3.png","ground_truth/arabic_ocr_000008.txt","108b1e6ff9e25357157a3f8ffb8ce9f8c41a7d5b9f0c685428d53f8e57338ff9","4436cff6e00617505b3faf18011cd61095264600b19fcf6f2f136896e1d4c6ba","ff35d3488d863d96c2cc7c3fc06dea0980f9b71b8d87d6d76dc745d1e93131fd","","profile","phone_photo_light","8417529167671845530","combined","[{""distortion"": ""perspective"", ""severity"": ""light""}, {""distortion"": ""uneven_lighting"", ""severity"": ""light""}, {""distortion"": ""motion_blur"", ""severity"": ""light""}, {""distortion"": ""jpeg_compression"", ""severity"": ""light""}]","{""contrast"": 0.5372549019607843, ""sharpness"": 0.0013240819098427892, ""ink_ratio"": 0.06081215286717916, ""contrast_ratio"": 0.6088888888888889, ""sharpness_ratio"": 0.2339086837473671, ""ink_change_ratio"": 1.4407372308094506, ""passed"": true, ""reasons"": []}","ahmedheakl/arocrbench_hindawi","train","5693b901e43bb5c72b4b77e4a3efeadfd01739a8"
"dist_493f92654c7a786c","dist_493f92654c7a786c.png","combined","originals/arabic_ocr_000089.png","arabic_ocr_000089","5900","arabic_ocr_000089.txt","distorted/combined/dist_493f92654c7a786c.png","ground_truth/arabic_ocr_000089.txt","1246d656a0280ca83b4d38bd26beb56fe7a2c2cabb030ea5194ba5c531944776","24f9db4d19edc385d2895c7b43119708b95216ee517f53282d5e5ca62680784a","f566d9e7ec330ac869af2f1c522898893f20a01aebb361abe7fc38ce4dfa03da","","profile","phone_photo_medium","5179732175893507188","combined","[{""distortion"": ""perspective"", ""severity"": ""medium""}, {""distortion"": ""shadow"", ""severity"": ""medium""}, {""distortion"": ""uneven_lighting"", ""severity"": ""medium""}, {""distortion"": ""motion_blur"", ""severity"": ""medium""}, {""distortion"": ""jpeg_compression"", ""severity"": ""medium""}]","{""contrast"": 0.4196078431372549, ""sharpness"": 0.0005318508483469486, ""ink_ratio"": 0.04603161474129216, ""contrast_ratio"": 0.6564417177914111, ""sharpness_ratio"": 0.13020129576475098, ""ink_change_ratio"": 1.8015286395108352, ""passed"": true, ""reasons"": []}","MohamedRashad/arabic-img2md","train","b259f4e285483107f1585960cfd62e17bdc6c712"
"dist_197d6b7cd62f0e99","dist_197d6b7cd62f0e99.png","combined","originals/arabic_ocr_000030.png","arabic_ocr_000030","193","arabic_ocr_000030.txt","distorted/combined/dist_197d6b7cd62f0e99.png","ground_truth/arabic_ocr_000030.txt","7fae0fde229c360ff8c92e793e01f27c2ba7f3451ee1b00141fae4c035e454c1","95a30a88b5d63c9349bf1e7a13e085ed3e7df93a0f8a3e990f91c2f99786c7e9","5f5a05e10fc880b7d6a7dd045d00291c266065c589385fa6cc3b32e568fb7b9e","","profile","phone_photo_medium","1374742269174587595","combined","[{""distortion"": ""perspective"", ""severity"": ""medium""}, {""distortion"": ""shadow"", ""severity"": ""medium""}, {""distortion"": ""uneven_lighting"", ""severity"": ""medium""}, {""distortion"": ""motion_blur"", ""severity"": ""medium""}, {""distortion"": ""jpeg_compression"", ""severity"": ""medium""}]","{""contrast"": 0.37254901960784315, ""sharpness"": 4.257088221493177e-05, ""ink_ratio"": 0.007053922830764703, ""contrast_ratio"": 1.0, ""sharpness_ratio"": 0.1173801946711708, ""ink_change_ratio"": 2.137661975755887, ""passed"": true, ""reasons"": []}","ahmedheakl/arocrbench_historyar","train","4e8d71775498cb10b873453910a2819714b46463"
"dist_dd893602456c12af","dist_dd893602456c12af.png","combined","originals/arabic_ocr_000071.png","arabic_ocr_000071","l019-089","arabic_ocr_000071.txt","distorted/combined/dist_dd893602456c12af.png","ground_truth/arabic_ocr_000071.txt","d00474d7d8cd32bf4cafd6d671e100b09c0dcff0a6c6d295da15ff1dad93331a","ec4049c303e1e2e493f3dae15a35763502f3e390a571405f7064bdf35fe89fc6","aee0c404c5ee088adcddc147114c648ac8e5ecea09203377c06e103e19f59d04","","profile","phone_photo_medium","5533381531767079222","combined","[{""distortion"": ""perspective"", ""severity"": ""medium""}, {""distortion"": ""shadow"", ""severity"": ""medium""}, {""distortion"": ""uneven_lighting"", ""severity"": ""medium""}, {""distortion"": ""motion_blur"", ""severity"": ""medium""}, {""distortion"": ""jpeg_compression"", ""severity"": ""medium""}]","{""contrast"": 0.5019607843137255, ""sharpness"": 0.00010462952923262492, ""ink_ratio"": 0.12388396734410283, ""contrast_ratio"": 0.870748299319728, ""sharpness_ratio"": 0.12860453240562705, ""ink_change_ratio"": 0.8874259083299398, ""passed"": true, ""reasons"": []}","calfa-ai/baybars","train","ce04cd0779386abf25ee24faf84518df33ed41b3"
"dist_8b647513b8a11360","dist_8b647513b8a11360.png","combined","originals/arabic_ocr_000012.png","arabic_ocr_000012","5","arabic_ocr_000012.txt","distorted/combined/dist_8b647513b8a11360.png","ground_truth/arabic_ocr_000012.txt","900f6804410af467d7e716797f4d4078f6dc323cb22b0b5387e7404b7a09507f","a1ace0aacef379ad3d6f6ecdff5f6c4b1dd8000086fcc4095354586131af3eeb","c6ba8f26fffebc6605e2b902bf3dc5dcedd4ab11f2029ddedfb88f395fba8933","","profile","phone_photo_medium","3008488170933443020","combined","[{""distortion"": ""perspective"", ""severity"": ""medium""}, {""distortion"": ""shadow"", ""severity"": ""medium""}, {""distortion"": ""uneven_lighting"", ""severity"": ""medium""}, {""distortion"": ""motion_blur"", ""severity"": ""medium""}, {""distortion"": ""jpeg_compression"", ""severity"": ""medium""}]","{""contrast"": 0.5098039215686274, ""sharpness"": 0.00034377523115836084, ""ink_ratio"": 0.1520482271007415, ""contrast_ratio"": 0.5652173913043478, ""sharpness_ratio"": 0.03208162430902445, ""ink_change_ratio"": 1.5927911981118978, ""passed"": true, ""reasons"": []}","ahmedheakl/arocrbench_historicalbooks","train","cbe0684cfc878f281be6d6b11c22f41d32842c00"
"dist_48ca82ad05989502","dist_48ca82ad05989502.png","combined","originals/arabic_ocr_000053.png","arabic_ocr_000053","0006","arabic_ocr_000053.txt","distorted/combined/dist_48ca82ad05989502.png","ground_truth/arabic_ocr_000053.txt","b3cc3274ac7f4ab72bdf5173bd81b10a0764ab4ecd00abb9348a9ea0790753fc","0ab07df101cec47e7252f7e284226ba012e90fe3fbf19a8e6b51783f27231f74","f521f87432de8c8e769cb271945fabb08ad662c77dc088750a3f5a2231ba65ef","","profile","phone_photo_medium","6907445778814386546","combined","[{""distortion"": ""perspective"", ""severity"": ""medium""}, {""distortion"": ""shadow"", ""severity"": ""medium""}, {""distortion"": ""uneven_lighting"", ""severity"": ""medium""}, {""distortion"": ""motion_blur"", ""severity"": ""medium""}, {""distortion"": ""jpeg_compression"", ""severity"": ""medium""}]","{""contrast"": 0.7726274509803939, ""sharpness"": 0.0017351936548948288, ""ink_ratio"": 0.0922753346080306, ""contrast_ratio"": 0.8492241379310363, ""sharpness_ratio"": 0.09598432474977309, ""ink_change_ratio"": 0.48366406093405495, ""passed"": true, ""reasons"": []}","calfa-ai/tarima","train","8ccf8adb3dec69f0eb5a54eede92fc0ce465509b"
"dist_a3de949b253710bc","dist_a3de949b253710bc.png","combined","originals/arabic_ocr_000094.png","arabic_ocr_000094","12550","arabic_ocr_000094.txt","distorted/combined/dist_a3de949b253710bc.png","ground_truth/arabic_ocr_000094.txt","2fe0d4b3cd8365a115ad7ffb4ed62c939937fc34becc5f6d2812323b0bafc50e","0417e57e72df903865ead6e4439c7e986f7a81e3e064dc6508e662790db80a5a","075729f4ccfe640ef8742489677ea1d85b336ada0f5414e4a3c408a59d6c468e","","profile","faded_archive","2758194412024352685","combined","[{""distortion"": ""paper_degradation"", ""severity"": ""medium""}, {""distortion"": ""stains"", ""severity"": ""medium""}, {""distortion"": ""faded_scan"", ""severity"": ""heavy""}, {""distortion"": ""low_contrast"", ""severity"": ""light""}]","{""contrast"": 0.2784313725490196, ""sharpness"": 0.0005088241305202246, ""ink_ratio"": 0.030321371183717194, ""contrast_ratio"": 0.3497536945812808, ""sharpness_ratio"": 0.11245355350127227, ""ink_change_ratio"": 0.9582849680789322, ""passed"": true, ""reasons"": []}","MohamedRashad/arabic-img2md","train","b259f4e285483107f1585960cfd62e17bdc6c712"
"dist_6c23f887c352bdba","dist_6c23f887c352bdba.png","combined","originals/arabic_ocr_000035.png","arabic_ocr_000035","348","arabic_ocr_000035.txt","distorted/combined/dist_6c23f887c352bdba.png","ground_truth/arabic_ocr_000035.txt","99caca9e9879d6620dcc3b564f04bb87db5f87daefa46e124992dde43887b94d","f58c9742ac03adff9dc92771e058785ebc6cc4ec3aa70b0d19f926b1da088355","77faa0140343e7629f462ca4fb1a73fa322212e8da7111ef0c6e2d46fdefc956","","profile","faded_archive","3451082834028427201","combined","[{""distortion"": ""paper_degradation"", ""severity"": ""medium""}, {""distortion"": ""stains"", ""severity"": ""medium""}, {""distortion"": ""faded_scan"", ""severity"": ""heavy""}, {""distortion"": ""low_contrast"", ""severity"": ""light""}]","{""contrast"": 0.2980392156862745, ""sharpness"": 0.0006298388470895588, ""ink_ratio"": 0.04015384190973627, ""contrast_ratio"": 0.3377777777777778, ""sharpness_ratio"": 0.11062867392272155, ""ink_change_ratio"": 0.9509048147906186, ""passed"": true, ""reasons"": []}","mohres/The_Arabic_E-Book_Corpus","train","7d26ca7c2041064a7f36f03ecb4c5c1dd1a15e1a"
"dist_9ce6cd54119cc24e","dist_9ce6cd54119cc24e.png","combined","originals/arabic_ocr_000076.png","arabic_ocr_000076","79","arabic_ocr_000076.txt","distorted/combined/dist_9ce6cd54119cc24e.png","ground_truth/arabic_ocr_000076.txt","5b0d9a04dbeededa53e24c0b2344050bb755a75b6cfa9fe950df4c6572f85396","35567386283a28e45a8b8876bc5e8f4b38d0f24db80edc130b3853c90de739ea","a07e6e910da85bb929a820542c7b0b0d4c79dfbb08d6e375bfc31f7e7afb2fd3","","profile","faded_archive","8233641415126864991","combined","[{""distortion"": ""paper_degradation"", ""severity"": ""medium""}, {""distortion"": ""stains"", ""severity"": ""medium""}, {""distortion"": ""faded_scan"", ""severity"": ""heavy""}, {""distortion"": ""low_contrast"", ""severity"": ""light""}]","{""contrast"": 0.34901960784313724, ""sharpness"": 0.0004429133259691298, ""ink_ratio"": 0.047615947110087146, ""contrast_ratio"": 0.34901960784313724, ""sharpness_ratio"": 0.11834816652870878, ""ink_change_ratio"": 0.4921062166778819, ""passed"": true, ""reasons"": []}","calfa-ai/iskandar","train","8cd27a8a823b4bf7d5f119a3f94ec798fc792ab0"
"dist_1506e80c4b0d2427","dist_1506e80c4b0d2427.png","combined","originals/arabic_ocr_000017.png","arabic_ocr_000017","54","arabic_ocr_000017.txt","distorted/combined/dist_1506e80c4b0d2427.png","ground_truth/arabic_ocr_000017.txt","8aafece57c7eda77f3323d2285f504bd1caae80515aaf0f9e6a98f4bc686cc65","953644d78d77521a35b3b2e27bb80b424865774a6705b14e4b15d6dc67327f08","67c8bd0bd51d768a04ef0e18f695e86c6cd990a8666f8ecc714065516582769b","","profile","faded_archive","8664651754709863578","combined","[{""distortion"": ""paper_degradation"", ""severity"": ""medium""}, {""distortion"": ""stains"", ""severity"": ""medium""}, {""distortion"": ""faded_scan"", ""severity"": ""heavy""}, {""distortion"": ""low_contrast"", ""severity"": ""light""}]","{""contrast"": 0.1568627450980392, ""sharpness"": 9.919372678268701e-05, ""ink_ratio"": 0.03618230147902726, ""contrast_ratio"": 0.35714285714285715, ""sharpness_ratio"": 0.1610510934680914, ""ink_change_ratio"": 0.9192875073071765, ""passed"": true, ""reasons"": []}","ahmedheakl/arocrbench_khattparagraph","train","d0e44472833d6de53ff23ca0cb1d36c77a213581"
"dist_f1c56a73b1c8186c","dist_f1c56a73b1c8186c.png","combined","originals/arabic_ocr_000058.png","arabic_ocr_000058","122","arabic_ocr_000058.txt","distorted/combined/dist_f1c56a73b1c8186c.png","ground_truth/arabic_ocr_000058.txt","01d76d9623440cebc6165068f40a8873ef50e9ef3b0af1be879003e7321f9dcf","3a9bcf46b1ce195a6350d14774c0a013206b9f7037dc2d797df22f7422ab846b","f7eee34abd47d15ac0ba3dbe1e2676f93ce1b1370af6161b69cbb9bece9e8f6b","","profile","faded_archive","4721265753408676170","combined","[{""distortion"": ""paper_degradation"", ""severity"": ""medium""}, {""distortion"": ""stains"", ""severity"": ""medium""}, {""distortion"": ""faded_scan"", ""severity"": ""heavy""}, {""distortion"": ""low_contrast"", ""severity"": ""light""}]","{""contrast"": 0.34901960784313724, ""sharpness"": 0.0004361128667369485, ""ink_ratio"": 0.07350458534051486, ""contrast_ratio"": 0.34901960784313724, ""sharpness_ratio"": 0.11800620230288089, ""ink_change_ratio"": 0.5313886560491757, ""passed"": true, ""reasons"": []}","calfa-ai/tarima","train","8ccf8adb3dec69f0eb5a54eede92fc0ce465509b"
"dist_b6c0707da478e4e4","dist_b6c0707da478e4e4.png","combined","originals/arabic_ocr_000099.png","arabic_ocr_000099","segment_00030_page_00004","arabic_ocr_000099.txt","distorted/combined/dist_b6c0707da478e4e4.png","ground_truth/arabic_ocr_000099.txt","807e11436e517c7b853c36024d86a65c91edb7d9f82f22764cc17afb737a3ac6","76bd996b541486f5aaff1059bb77d27c292bccd989f2c321604714cd9a8fb479","e69115006fdd1ae655df9c23af8014ec617a732cccfc4983a0f89b9ca61a029d","","profile","compressed_scan","6722594248889959225","combined","[{""distortion"": ""low_resolution"", ""severity"": ""medium""}, {""distortion"": ""gaussian_noise"", ""severity"": ""light""}, {""distortion"": ""jpeg_compression"", ""severity"": ""heavy""}]","{""contrast"": 0.5843137254901961, ""sharpness"": 0.0006580379558727145, ""ink_ratio"": 0.028528709797308403, ""contrast_ratio"": 0.5843137254901961, ""sharpness_ratio"": 0.3141122661372208, ""ink_change_ratio"": 1.3091533057083078, ""passed"": true, ""reasons"": []}","craneset/arabic-ocr","train","c7df81cbef12277b46aa592bb0114636d642e6ad"
"dist_3c27c998d245a8e7","dist_3c27c998d245a8e7.png","combined","originals/arabic_ocr_000040.png","arabic_ocr_000040","783","arabic_ocr_000040.txt","distorted/combined/dist_3c27c998d245a8e7.png","ground_truth/arabic_ocr_000040.txt","e59082c99e016eb07f246e122909ce542b7872aa6bb87e1f78bd14869c8a72dc","7b4186b0aefd78a49500b9e5b6f9d45c55d7913a2d409f6304267a1d89d5815e","a3791e715317a7f49ef9a4acaa21fe30e4fe720a114b86ba4ce9716415d5df21","","profile","compressed_scan","5289585362629199093","combined","[{""distortion"": ""low_resolution"", ""severity"": ""medium""}, {""distortion"": ""gaussian_noise"", ""severity"": ""light""}, {""distortion"": ""jpeg_compression"", ""severity"": ""heavy""}]","{""contrast"": 0.7215686274509804, ""sharpness"": 0.0035959919914603233, ""ink_ratio"": 0.11480303086033766, ""contrast_ratio"": 0.7999999999999999, ""sharpness_ratio"": 0.31439261501622706, ""ink_change_ratio"": 1.3541735588734565, ""passed"": true, ""reasons"": []}","mohres/The_Arabic_E-Book_Corpus","train","7d26ca7c2041064a7f36f03ecb4c5c1dd1a15e1a"
"dist_e9e844c03ed4df24","dist_e9e844c03ed4df24.png","combined","originals/arabic_ocr_000081.png","arabic_ocr_000081","0","arabic_ocr_000081.txt","distorted/combined/dist_e9e844c03ed4df24.png","ground_truth/arabic_ocr_000081.txt","d72156fbf92cb65f363a69e5ea30d2c5137440dce096b20c54fb0dd603da79d1","fa553d1e39b806bb0567bf549ca681f578b7ffb1b6d73dd0711b6c37e83ff010","d692a26930d6af7aa82724f67ce0512ba091669e88fa91633ce269c475f3acf4","","profile","compressed_scan","1583577949816250007","combined","[{""distortion"": ""low_resolution"", ""severity"": ""medium""}, {""distortion"": ""gaussian_noise"", ""severity"": ""light""}, {""distortion"": ""jpeg_compression"", ""severity"": ""heavy""}]","{""contrast"": 0.2784313725490196, ""sharpness"": 0.0008280278998427093, ""ink_ratio"": 0.020952253424133444, ""contrast_ratio"": 5.071428571428572, ""sharpness_ratio"": 0.3518888202969445, ""ink_change_ratio"": 1.3573836315867744, ""passed"": true, ""reasons"": []}","MohamedRashad/arabic-img2md","train","b259f4e285483107f1585960cfd62e17bdc6c712"
"dist_4ad67030107c0434","dist_4ad67030107c0434.png","combined","originals/arabic_ocr_000022.png","arabic_ocr_000022","464","arabic_ocr_000022.txt","distorted/combined/dist_4ad67030107c0434.png","ground_truth/arabic_ocr_000022.txt","2cab7282e545907c6a448c788c48a793126441e5d611760a0a072fce8b7d6a30","bef2f74b7af15cdb68f0101d09348f3335caed762418570d61d6b6c5a321f697","3b4340e50b7b3433c5cfe5fecf8cbec015ee580e130b9c1b0f24decb196b015f","","profile","compressed_scan","1979087421172072219","combined","[{""distortion"": ""low_resolution"", ""severity"": ""medium""}, {""distortion"": ""gaussian_noise"", ""severity"": ""light""}, {""distortion"": ""jpeg_compression"", ""severity"": ""heavy""}]","{""contrast"": 0.6509803921568628, ""sharpness"": 0.002161971526220441, ""ink_ratio"": 0.13458750743604997, ""contrast_ratio"": 0.8972972972972973, ""sharpness_ratio"": 0.3469303217408394, ""ink_change_ratio"": 1.1119927650204466, ""passed"": true, ""reasons"": []}","ahmedheakl/arocrbench_doclaynet","train","92853b44e9259cbdbbbb3cb84ae9ced036d58c3f"
