timestamp,gpu_utilization_pct,memory_used_mib,power_draw_w,temperature_c
1787787767.1013794,8.0,16661.0,86.82,35.0
1787787767.6209638,3.0,16799.0,87.04,35.0
1787787768.1432402,0.0,16843.0,99.75,35.0
1787787768.6605034,0.0,16843.0,98.74,35.0
1787787769.1804733,0.0,16843.0,92.52,35.0
1787787769.6998713,100.0,21551.0,264.16,51.0
1787787770.2235916,100.0,21551.0,369.35,54.0
1787787770.7456443,100.0,21551.0,573.68,55.0
1787787771.2635372,100.0,21551.0,580.6,52.0
1787787771.7830405,100.0,21551.0,584.52,56.0
1787787772.3018496,100.0,31027.0,589.08,56.0
1787787772.8222823,100.0,31027.0,600.21,57.0
1787787773.3436503,94.0,31027.0,527.41,49.0
1787787773.867151,95.0,31027.0,394.03,48.0
1787787774.3938036,94.0,31027.0,374.93,48.0
1787787774.9180682,94.0,31027.0,375.7,48.0
1787787775.442344,94.0,31027.0,375.26,48.0
1787787775.9673188,94.0,31027.0,375.9,49.0
1787787776.4894876,94.0,31027.0,378.34,49.0
1787787777.0121906,94.0,31027.0,377.54,49.0
1787787777.5367906,95.0,31027.0,377.69,49.0
1787787778.0609016,94.0,31027.0,378.11,49.0
1787787778.5876715,95.0,31027.0,378.8,50.0
1787787779.1126263,95.0,31027.0,379.0,50.0
1787787779.6366715,94.0,31027.0,379.42,50.0
1787787780.1594908,95.0,31027.0,380.32,50.0
1787787780.6815512,95.0,31027.0,380.27,50.0
1787787781.2065625,94.0,31027.0,380.81,50.0
1787787781.7289386,94.0,31027.0,380.29,51.0
1787787782.2533138,95.0,31027.0,380.11,51.0
1787787782.7787771,95.0,31027.0,381.07,51.0
1787787783.305298,94.0,31027.0,382.21,51.0
1787787783.8299384,94.0,31027.0,383.63,51.0
1787787784.3555076,94.0,31027.0,383.85,52.0
1787787784.8798637,94.0,31027.0,382.99,52.0
1787787785.4046767,94.0,31027.0,381.6,52.0
1787787785.9297628,94.0,31027.0,382.75,52.0
1787787786.454876,94.0,31027.0,383.64,52.0
1787787786.9798155,94.0,31027.0,383.69,52.0
1787787787.5059955,95.0,31027.0,383.67,53.0
1787787788.0287552,94.0,31027.0,384.61,52.0
1787787788.5538366,93.0,31027.0,384.47,53.0
1787787789.0776527,94.0,31027.0,383.32,53.0
1787787789.6029906,95.0,31027.0,384.26,53.0
1787787790.1263344,94.0,31027.0,383.72,53.0
1787787790.6507554,94.0,31027.0,384.36,53.0
1787787791.1789443,95.0,31027.0,385.29,53.0
1787787791.704208,94.0,31027.0,385.99,53.0
1787787792.2297611,94.0,31027.0,384.32,54.0
1787787792.7551856,94.0,31027.0,384.51,54.0
1787787793.2797933,95.0,31027.0,385.1,54.0
1787787793.8050091,94.0,31027.0,385.62,54.0
1787787794.330133,95.0,31027.0,386.54,54.0
1787787794.856368,94.0,31027.0,386.8,54.0
1787787795.3812926,94.0,31027.0,386.7,54.0
1787787795.9069908,95.0,31027.0,387.51,55.0
1787787796.433783,94.0,31027.0,388.23,55.0
1787787796.9597692,94.0,31027.0,357.14,50.0
1787787797.480706,0.0,31027.0,206.98,47.0
1787787797.997989,0.0,31027.0,98.83,47.0
1787787798.518597,0.0,31027.0,98.83,47.0
1787787799.0380785,0.0,31027.0,86.02,46.0
1787787799.5596776,0.0,31027.0,86.02,46.0
1787787800.07856,100.0,31029.0,180.72,60.0
1787787800.5994565,100.0,31029.0,313.64,65.0
1787787801.1227708,100.0,31029.0,590.46,66.0
1787787801.6475093,100.0,31029.0,600.15,67.0
1787787802.168279,100.0,31029.0,602.98,68.0
1787787802.687927,100.0,31029.0,604.94,68.0
1787787803.2095783,100.0,31029.0,604.19,67.0
1787787803.7283247,100.0,31029.0,599.05,66.0
1787787804.249346,100.0,31029.0,598.58,66.0
1787787804.767307,100.0,31029.0,600.86,63.0
1787787805.2879074,100.0,31029.0,599.24,65.0
1787787805.810038,100.0,49977.0,593.4,67.0
1787787806.330711,100.0,49977.0,599.6,68.0
1787787806.8550472,100.0,49977.0,598.91,64.0
1787787807.377872,95.0,49977.0,544.2,59.0
1787787807.9054341,96.0,49977.0,420.35,59.0
1787787808.4317474,95.0,49977.0,393.95,58.0
1787787808.955736,95.0,49977.0,394.2,58.0
1787787809.484326,96.0,49977.0,393.22,58.0
1787787810.0114098,96.0,49977.0,392.16,58.0
1787787810.539353,96.0,49977.0,391.91,58.0
1787787811.0665324,96.0,49977.0,393.13,58.0
1787787811.592492,95.0,49977.0,393.79,58.0
1787787812.119593,95.0,49977.0,394.01,58.0
1787787812.645257,95.0,49977.0,393.63,58.0
1787787813.17213,95.0,49977.0,393.28,58.0
1787787813.7004669,95.0,49977.0,392.95,58.0
1787787814.2271116,96.0,49977.0,393.9,58.0
1787787814.7534013,96.0,49977.0,394.13,58.0
1787787815.2808337,95.0,49977.0,394.06,58.0
1787787815.8099391,96.0,49977.0,394.61,58.0
1787787816.335725,96.0,49977.0,394.51,58.0
1787787816.8638513,95.0,49977.0,394.93,58.0
1787787817.389199,95.0,49977.0,394.79,58.0
1787787817.916633,95.0,49977.0,394.8,59.0
1787787818.4449093,96.0,49977.0,394.9,58.0
1787787818.971739,96.0,49977.0,395.15,59.0
1787787819.499434,95.0,49977.0,394.7,59.0
1787787820.0265894,95.0,49977.0,395.08,59.0
1787787820.5544913,95.0,49977.0,395.89,59.0
1787787821.0805025,96.0,49977.0,396.06,59.0
1787787821.6066875,96.0,49977.0,396.07,59.0
1787787822.1334746,95.0,49977.0,395.6,59.0
1787787822.6586905,95.0,49977.0,396.54,59.0
1787787823.182866,95.0,49977.0,396.2,59.0
1787787823.7098074,96.0,49977.0,395.66,59.0
1787787824.2358513,95.0,49977.0,396.09,59.0
1787787824.7626958,96.0,49977.0,396.13,59.0
1787787825.2893534,95.0,49977.0,396.23,59.0
1787787825.8164246,95.0,49977.0,396.07,59.0
1787787826.34543,95.0,49977.0,396.43,59.0
1787787826.8722558,95.0,49977.0,396.5,59.0
1787787827.3996613,95.0,49977.0,396.74,59.0
1787787827.9258654,95.0,49977.0,396.46,59.0
1787787828.4532955,96.0,49977.0,396.17,59.0
1787787828.9786577,95.0,49977.0,396.67,59.0
1787787829.5069742,96.0,49977.0,397.55,59.0
1787787830.0329177,96.0,49977.0,397.56,59.0
1787787830.5617247,96.0,49977.0,396.56,59.0
1787787831.0865998,95.0,49977.0,396.38,59.0
1787787831.6143079,96.0,49977.0,397.42,59.0
1787787832.1419516,95.0,49977.0,397.4,59.0
1787787832.6698055,95.0,49977.0,397.25,59.0
1787787833.196008,96.0,49977.0,397.52,59.0
1787787833.7223318,95.0,49977.0,397.5,59.0
1787787834.2497394,95.0,49977.0,397.98,59.0
1787787834.7777402,95.0,49977.0,397.4,60.0
1787787835.3027422,95.0,49977.0,397.59,59.0
1787787835.8294713,96.0,49977.0,399.07,59.0
1787787836.3541615,95.0,49977.0,398.81,60.0
1787787836.881421,95.0,49977.0,399.87,60.0
1787787837.409478,96.0,49977.0,399.45,60.0
1787787837.935057,96.0,49977.0,397.89,60.0
1787787838.4612112,95.0,49977.0,398.94,60.0
1787787838.9879987,96.0,49977.0,399.93,60.0
1787787839.512671,96.0,49977.0,399.81,60.0
1787787840.0401466,96.0,49977.0,399.59,60.0
1787787840.5659947,96.0,49977.0,399.51,60.0
1787787841.093884,96.0,49977.0,398.88,60.0
1787787841.622577,95.0,49977.0,398.97,60.0
1787787842.1508446,95.0,49977.0,399.8,60.0
1787787842.6775057,74.0,49977.0,366.21,57.0
1787787843.1964314,0.0,49977.0,211.98,53.0
1787787843.7167375,0.0,49977.0,95.16,52.0
1787787844.236949,100.0,49977.0,260.25,65.0
1787787844.7628405,100.0,49977.0,481.28,68.0
1787787845.2844317,100.0,49977.0,607.15,68.0
1787787845.8045914,100.0,49977.0,604.93,72.0
1787787846.3261304,100.0,49977.0,600.29,72.0
1787787846.84714,100.0,49977.0,595.94,68.0
1787787847.370698,100.0,49977.0,595.92,70.0
1787787847.894196,94.0,49977.0,525.7,62.0
1787787848.420274,94.0,49977.0,422.14,62.0
1787787848.9458222,94.0,49977.0,396.38,61.0
1787787849.472382,94.0,49977.0,396.43,61.0
1787787849.9970348,94.0,49977.0,396.73,61.0
1787787850.5229683,95.0,49977.0,396.33,61.0
1787787851.0474112,94.0,49977.0,394.97,61.0
1787787851.572042,94.0,49977.0,396.02,61.0
1787787852.0975635,95.0,49977.0,397.19,61.0
1787787852.6223683,95.0,49977.0,395.86,61.0
1787787853.1464233,94.0,49977.0,395.35,61.0
1787787853.6732776,94.0,49977.0,395.59,61.0
1787787854.199725,94.0,49977.0,395.18,61.0
1787787854.724272,94.0,49977.0,395.52,61.0
1787787855.251558,94.0,49977.0,395.83,61.0
1787787855.776648,94.0,49977.0,395.44,61.0
1787787856.3044796,94.0,49977.0,396.04,61.0
1787787856.8313835,94.0,49977.0,396.68,61.0
1787787857.3588798,94.0,49977.0,397.15,61.0
1787787857.8828826,94.0,49977.0,398.25,61.0
1787787858.4088242,94.0,49977.0,397.21,61.0
1787787858.9327364,94.0,49977.0,396.22,61.0
1787787859.4584005,94.0,49977.0,397.25,61.0
1787787859.9844522,94.0,49977.0,395.56,61.0
1787787860.5094244,94.0,49977.0,395.02,61.0
1787787861.0328326,94.0,49977.0,396.03,61.0
1787787861.5566845,95.0,49977.0,396.35,61.0
1787787862.0791404,95.0,49977.0,396.67,61.0
1787787862.6042473,94.0,49977.0,396.39,61.0
1787787863.130752,94.0,49977.0,397.19,61.0
1787787863.6569507,94.0,49977.0,397.64,61.0
1787787864.1819854,94.0,49977.0,396.93,61.0
1787787864.7080026,94.0,49977.0,396.77,61.0
1787787865.2332854,94.0,49977.0,396.54,61.0
1787787865.7572682,95.0,49977.0,396.65,61.0
1787787866.2817154,94.0,49977.0,395.72,61.0
1787787866.80683,95.0,49977.0,395.86,61.0
1787787867.3320704,95.0,49977.0,396.52,61.0
1787787867.8570142,95.0,49977.0,396.87,61.0
1787787868.3834202,95.0,49977.0,398.48,61.0
1787787868.907738,95.0,49977.0,398.59,61.0
1787787869.43346,95.0,49977.0,398.02,61.0
1787787869.9585319,95.0,49977.0,397.6,61.0
1787787870.4841456,95.0,49977.0,398.09,61.0
1787787871.0094256,95.0,49977.0,398.36,61.0
1787787871.5386457,0.0,49977.0,359.93,56.0
1787787872.0706599,0.0,49977.0,177.15,54.0
1787787872.6331303,0.0,49977.0,103.34,53.0
1787787873.1984859,0.0,49977.0,103.34,53.0
1787787873.7351396,0.0,49977.0,90.58,52.0
1787787874.2847912,0.0,49977.0,90.58,52.0
1787787874.8167663,0.0,49977.0,91.03,52.0
1787787875.374559,0.0,49977.0,90.55,51.0
1787787875.9216566,0.0,49977.0,90.55,51.0
1787787876.489545,0.0,49977.0,89.33,51.0
1787787877.0518515,0.0,49977.0,89.33,51.0
1787787877.5991557,0.0,49977.0,88.12,50.0
1787787878.1572068,0.0,49977.0,88.12,50.0
1787787878.6759403,0.0,49977.0,87.88,49.0
1787787879.1961396,0.0,49977.0,87.88,49.0
1787787879.730558,100.0,49977.0,257.07,66.0
1787787880.2544067,100.0,49977.0,350.5,68.0
1787787880.7754476,100.0,49977.0,603.7,67.0
1787787881.2947206,100.0,49977.0,604.23,68.0
1787787881.8157525,100.0,49977.0,602.23,65.0
1787787882.3359149,100.0,49977.0,597.27,67.0
1787787882.8576202,100.0,49977.0,596.73,66.0
1787787883.386583,94.0,49977.0,519.99,60.0
1787787883.9123487,94.0,49977.0,394.55,60.0
1787787884.4382555,94.0,49977.0,396.02,60.0
1787787884.9643881,94.0,49977.0,393.57,59.0
1787787885.489545,94.0,49977.0,391.38,60.0
1787787886.01555,95.0,49977.0,393.62,60.0
1787787886.5414166,95.0,49977.0,393.97,60.0
1787787887.0657604,94.0,49977.0,394.03,60.0
1787787887.5924108,95.0,49977.0,394.2,60.0
1787787888.116955,94.0,49977.0,394.52,60.0
1787787888.6427498,94.0,49977.0,393.82,60.0
1787787889.168315,94.0,49977.0,393.57,60.0
1787787889.6942852,94.0,49977.0,393.8,60.0
1787787890.2193568,95.0,49977.0,394.26,60.0
1787787890.743295,94.0,49977.0,394.51,60.0
1787787891.2678227,94.0,49977.0,394.61,60.0
1787787891.7918983,94.0,49977.0,394.72,60.0
1787787892.3172498,94.0,49977.0,393.71,60.0
1787787892.8427703,94.0,49977.0,394.28,60.0
1787787893.3679962,94.0,49977.0,396.1,60.0
1787787893.8923564,94.0,49977.0,395.7,60.0
1787787894.4170306,94.0,49977.0,395.88,60.0
1787787894.9444025,94.0,49977.0,395.05,60.0
1787787895.468345,94.0,49977.0,393.81,60.0
1787787895.99412,94.0,49977.0,395.2,60.0
1787787896.5183964,94.0,49977.0,396.41,60.0
1787787897.0456936,94.0,49977.0,394.74,60.0
1787787897.5713875,95.0,49977.0,394.08,60.0
1787787898.0971959,95.0,49977.0,394.89,60.0
1787787898.6210744,94.0,49977.0,394.75,60.0
1787787899.1468656,94.0,49977.0,396.28,60.0
1787787899.67231,94.0,49977.0,396.05,60.0
1787787900.197782,94.0,49977.0,395.11,60.0
1787787900.7228162,95.0,49977.0,394.88,60.0
1787787901.247749,94.0,49977.0,394.56,60.0
1787787901.7756102,94.0,49977.0,394.88,60.0
1787787902.3012104,94.0,49977.0,394.97,60.0
1787787902.8276262,95.0,49977.0,396.16,60.0
1787787903.3528566,94.0,49977.0,397.32,60.0
1787787903.8784993,94.0,49977.0,396.36,60.0
1787787904.4055083,95.0,49977.0,396.24,61.0
1787787904.936041,0.0,49977.0,356.46,55.0
1787787905.4792693,0.0,49977.0,198.64,53.0
1787787906.0642438,0.0,49977.0,94.64,53.0
1787787906.633328,0.0,49977.0,94.64,53.0
1787787907.2016852,0.0,49977.0,91.97,52.0
1787787907.7650206,0.0,49977.0,91.97,51.0
1787787908.3280587,0.0,49977.0,91.74,51.0
1787787908.8948085,0.0,49977.0,91.28,51.0
1787787909.4725099,0.0,49977.0,91.28,51.0
1787787910.045479,0.0,49977.0,90.45,50.0
1787787910.6031504,0.0,49977.0,90.45,50.0
1787787911.1265562,0.0,49977.0,90.07,50.0
1787787911.646699,0.0,49977.0,90.07,50.0
1787787912.1673305,100.0,49977.0,182.63,64.0
1787787912.6872697,100.0,49977.0,293.75,67.0
1787787913.2082877,100.0,49977.0,599.22,68.0
1787787913.7335188,100.0,49977.0,606.24,69.0
1787787914.2561166,100.0,49977.0,602.35,69.0
1787787914.7766247,100.0,49977.0,595.1,68.0
1787787915.2999814,100.0,49977.0,596.3,65.0
1787787915.822541,95.0,49977.0,537.77,60.0
1787787916.3485298,95.0,49977.0,437.15,60.0
1787787916.8736148,94.0,49977.0,394.95,60.0
1787787917.3987412,94.0,49977.0,396.21,59.0
1787787917.9216254,94.0,49977.0,391.33,60.0
1787787918.4478984,94.0,49977.0,392.75,59.0
1787787918.9706063,94.0,49977.0,392.11,59.0
1787787919.4953704,94.0,49977.0,393.18,60.0
1787787920.0208044,94.0,49977.0,393.75,59.0
1787787920.545623,94.0,49977.0,393.83,59.0
1787787921.0710561,94.0,49977.0,394.13,60.0
1787787921.5963497,94.0,49977.0,393.25,60.0
1787787922.1224134,94.0,49977.0,392.53,60.0
1787787922.6484532,94.0,49977.0,393.8,60.0
1787787923.1740413,94.0,49977.0,394.18,60.0
1787787923.696405,94.0,49977.0,393.29,60.0
1787787924.2208016,94.0,49977.0,393.84,60.0
1787787924.7466197,94.0,49977.0,394.29,60.0
1787787925.2734954,94.0,49977.0,393.86,60.0
1787787925.7965336,94.0,49977.0,393.8,60.0
1787787926.3229604,94.0,49977.0,394.28,60.0
1787787926.847471,94.0,49977.0,394.6,60.0
1787787927.3718657,94.0,49977.0,396.73,60.0
1787787927.8953283,94.0,49977.0,396.7,60.0
1787787928.4227126,94.0,49977.0,394.62,60.0
1787787928.9474936,94.0,49977.0,394.63,60.0
1787787929.4737537,94.0,49977.0,395.21,60.0
1787787929.9993682,95.0,49977.0,394.9,60.0
1787787930.5243042,95.0,49977.0,395.69,60.0
1787787931.0501413,94.0,49977.0,397.07,60.0
1787787931.5763912,94.0,49977.0,396.13,60.0
1787787932.1022797,95.0,49977.0,394.79,60.0
1787787932.628748,94.0,49977.0,395.02,60.0
1787787933.154493,95.0,49977.0,397.29,60.0
1787787933.678755,95.0,49977.0,396.04,60.0
1787787934.2045784,95.0,49977.0,395.29,60.0
1787787934.728646,95.0,49977.0,396.51,60.0
1787787935.2536554,94.0,49977.0,395.85,60.0
1787787935.7784927,95.0,49977.0,396.22,60.0
1787787936.3032625,95.0,49977.0,396.9,60.0
1787787936.828536,94.0,49977.0,396.72,60.0
1787787937.3543713,95.0,49977.0,396.24,60.0
1787787937.8789108,95.0,49977.0,396.59,60.0
1787787938.4053447,95.0,49977.0,397.01,60.0
1787787938.9355168,10.0,49977.0,319.65,54.0
1787787939.4727232,0.0,49977.0,141.99,53.0
1787787940.008723,0.0,49977.0,100.21,53.0
1787787940.5763052,0.0,49977.0,100.21,52.0
1787787941.143066,0.0,49977.0,91.08,52.0
1787787941.7050235,0.0,49977.0,90.55,51.0
1787787942.2667024,0.0,49977.0,90.55,51.0
1787787942.839554,0.0,49977.0,90.55,51.0
1787787943.4020054,0.0,49977.0,90.55,51.0
1787787943.968726,0.0,49977.0,90.07,50.0
1787787944.541354,0.0,49977.0,90.07,49.0
1787787945.0932722,0.0,49977.0,91.52,49.0
1787787945.613316,0.0,49977.0,91.52,49.0
1787787946.1339545,85.0,49977.0,149.21,63.0
1787787946.6548135,100.0,49977.0,457.23,68.0
1787787947.1738849,100.0,49977.0,607.38,68.0
1787787947.6924033,100.0,49977.0,604.02,64.0
1787787948.2102258,100.0,49977.0,600.97,66.0
1787787948.7314174,100.0,49977.0,597.46,70.0
1787787949.2547367,100.0,49977.0,597.0,68.0
1787787949.7779403,94.0,49977.0,556.04,61.0
1787787950.3010654,94.0,49977.0,453.44,60.0
1787787950.8262846,94.0,49977.0,393.95,60.0
1787787951.3523967,94.0,49977.0,393.78,60.0
1787787951.8784714,94.0,49977.0,392.18,59.0
1787787952.4045746,94.0,49977.0,393.33,59.0
1787787952.93137,94.0,49977.0,392.28,59.0
1787787953.4568558,94.0,49977.0,393.66,59.0
1787787953.9809144,94.0,49977.0,392.87,59.0
1787787954.5063782,95.0,49977.0,394.45,60.0
1787787955.0313573,94.0,49977.0,395.59,60.0
1787787955.5559444,95.0,49977.0,393.45,60.0
1787787956.0830271,94.0,49977.0,392.76,60.0
1787787956.6083791,94.0,49977.0,392.98,59.0
1787787957.131685,94.0,49977.0,393.63,60.0
1787787957.6676252,94.0,49977.0,394.33,60.0
1787787958.192003,94.0,49977.0,394.13,60.0
1787787958.7163644,94.0,49977.0,394.26,60.0
1787787959.2402468,94.0,49977.0,394.77,59.0
1787787959.7640452,94.0,49977.0,393.7,60.0
1787787960.2891397,94.0,49977.0,392.21,60.0
1787787960.813067,95.0,49977.0,393.63,60.0
1787787961.3371444,94.0,49977.0,395.62,60.0
1787787961.8606,94.0,49977.0,395.36,60.0
1787787962.386739,94.0,49977.0,395.76,60.0
1787787962.9109788,94.0,49977.0,395.83,60.0
1787787963.436645,94.0,49977.0,393.63,60.0
1787787963.9586964,94.0,49977.0,394.41,60.0
1787787964.4833186,94.0,49977.0,395.61,60.0
1787787965.0066884,94.0,49977.0,395.56,60.0
1787787965.5309672,94.0,49977.0,395.68,60.0
1787787966.054413,94.0,49977.0,396.07,60.0
1787787966.5785944,94.0,49977.0,396.02,60.0
1787787967.1019886,94.0,49977.0,396.49,60.0
1787787967.6270244,95.0,49977.0,396.13,60.0
1787787968.1548746,0.0,49977.0,332.95,55.0
1787787968.719692,0.0,49977.0,154.28,53.0
1787787969.3179314,0.0,49977.0,100.52,53.0
1787787969.8755093,0.0,49977.0,90.07,52.0
1787787970.4375286,0.0,49977.0,90.07,52.0
1787787970.9951644,0.0,49977.0,89.58,51.0
1787787971.5518577,0.0,49977.0,89.58,51.0
1787787972.098251,0.0,49977.0,89.58,50.0
1787787972.6169717,0.0,49977.0,89.58,50.0
1787787973.1379313,0.0,49977.0,89.1,50.0
1787787973.6582859,100.0,49977.0,163.24,60.0
1787787974.1785896,100.0,49977.0,415.72,68.0
1787787974.6989796,100.0,49977.0,603.25,68.0
1787787975.2189724,100.0,49977.0,605.27,65.0
1787787975.7386286,100.0,49977.0,602.16,67.0
1787787976.2597,100.0,49977.0,597.18,69.0
1787787976.779132,100.0,49977.0,595.26,68.0
1787787977.300906,94.0,49977.0,534.95,61.0
1787787977.825417,94.0,49977.0,435.28,60.0
1787787978.3495228,94.0,49977.0,400.45,60.0
1787787978.8751426,95.0,49977.0,389.59,60.0
1787787979.4011264,94.0,49977.0,388.88,60.0
1787787979.9257236,94.0,49977.0,393.34,60.0
1787787980.4501665,94.0,49977.0,393.73,60.0
1787787980.9729834,94.0,49977.0,394.06,60.0
1787787981.4987395,94.0,49977.0,394.05,60.0
1787787982.0242095,95.0,49977.0,395.09,60.0
1787787982.5500307,95.0,49977.0,393.86,60.0
1787787983.074571,95.0,49977.0,394.31,60.0
1787787983.6001384,94.0,49977.0,394.89,60.0
1787787984.1243784,94.0,49977.0,394.53,60.0
1787787984.6484375,94.0,49977.0,393.92,60.0
1787787985.173725,94.0,49977.0,394.62,60.0
1787787985.698731,94.0,49977.0,394.93,60.0
1787787986.2205274,94.0,49977.0,394.89,60.0
1787787986.7457826,94.0,49977.0,395.33,60.0
1787787987.2694542,94.0,49977.0,394.63,60.0
1787787987.7937887,94.0,49977.0,393.82,60.0
1787787988.3187845,94.0,49977.0,395.58,60.0
1787787988.8437655,95.0,49977.0,395.34,60.0
1787787989.3693295,94.0,49977.0,395.05,60.0
1787787989.8920753,94.0,49977.0,395.5,60.0
1787787990.4178197,94.0,49977.0,396.14,60.0
1787787990.9425101,94.0,49977.0,396.77,60.0
1787787991.4684238,94.0,49977.0,396.04,60.0
1787787991.9938233,95.0,49977.0,396.12,60.0
1787787992.5192807,95.0,49977.0,396.36,60.0
1787787993.0447237,94.0,49977.0,397.88,60.0
1787787993.5695071,94.0,49977.0,397.39,60.0
1787787994.0956042,94.0,49977.0,397.05,60.0
1787787994.6211386,94.0,49977.0,397.83,61.0
1787787995.1455379,94.0,49977.0,396.46,61.0
1787787995.6753812,64.0,49977.0,353.11,55.0
1787787996.2442796,0.0,49977.0,199.96,53.0
1787787996.8231447,0.0,49977.0,104.54,53.0
1787787997.3706791,0.0,49977.0,104.54,53.0
1787787997.9446359,0.0,49977.0,90.06,52.0
1787787998.4975061,0.0,49977.0,90.06,51.0
1787787999.0567656,0.0,49977.0,90.79,51.0
1787787999.615308,0.0,49977.0,89.1,51.0
1787788000.1727836,0.0,49977.0,89.1,51.0
1787788000.694005,0.0,49977.0,88.85,50.0
1787788001.2667012,100.0,49977.0,135.28,64.0
1787788001.7881334,100.0,49977.0,368.84,68.0
1787788002.3074367,100.0,49977.0,602.69,69.0
1787788002.832853,100.0,49977.0,606.21,70.0
1787788003.3558404,100.0,49977.0,602.01,69.0
1787788003.8775556,100.0,49977.0,598.41,67.0
1787788004.4013228,100.0,49977.0,597.22,69.0
1787788004.922393,94.0,49977.0,558.71,61.0
1787788005.4469097,94.0,49977.0,458.25,60.0
1787788005.9722488,94.0,49977.0,398.41,60.0
1787788006.495608,94.0,49977.0,397.53,60.0
1787788007.0221708,94.0,49977.0,395.33,60.0
1787788007.5487678,94.0,49977.0,394.48,60.0
1787788008.071786,94.0,49977.0,394.44,60.0
1787788008.5966396,94.0,49977.0,394.91,60.0
1787788009.121904,94.0,49977.0,395.99,60.0
1787788009.6464815,94.0,49977.0,395.38,60.0
1787788010.1680253,95.0,49977.0,394.16,60.0
1787788010.6898532,95.0,49977.0,394.08,60.0
1787788011.2146866,94.0,49977.0,394.15,60.0
1787788011.73927,94.0,49977.0,394.46,60.0
1787788012.2647972,94.0,49977.0,395.07,60.0
1787788012.7883306,94.0,49977.0,394.89,60.0
1787788013.3098996,94.0,49977.0,394.61,60.0
1787788013.8355918,94.0,49977.0,394.49,60.0
1787788014.3603098,94.0,49977.0,394.43,60.0
1787788014.8851283,94.0,49977.0,393.28,60.0
1787788015.4098973,94.0,49977.0,393.41,60.0
1787788015.9338427,94.0,49977.0,396.15,60.0
1787788016.4686263,94.0,49977.0,396.23,60.0
1787788016.9930573,94.0,49977.0,394.67,60.0
1787788017.517901,94.0,49977.0,395.77,60.0
1787788018.043263,95.0,49977.0,396.28,60.0
1787788018.568158,94.0,49977.0,396.29,60.0
1787788019.0923023,95.0,49977.0,396.74,60.0
1787788019.6171417,95.0,49977.0,396.9,60.0
1787788020.143007,94.0,49977.0,395.36,60.0
1787788020.6696765,94.0,49977.0,395.75,60.0
1787788021.1953392,94.0,49977.0,395.51,60.0
1787788021.7216644,95.0,49977.0,396.05,60.0
1787788022.2490444,95.0,49977.0,396.48,61.0
1787788022.774857,94.0,49977.0,395.08,61.0
1787788023.2999656,94.0,49977.0,395.6,61.0
1787788023.8253682,95.0,49977.0,396.91,61.0
1787788024.3517797,95.0,49977.0,397.63,61.0
1787788024.8767457,94.0,49977.0,397.47,61.0
1787788025.4018908,95.0,49977.0,397.22,61.0
1787788025.9281216,95.0,49977.0,396.69,61.0
1787788026.4531436,94.0,49977.0,397.33,61.0
1787788026.9786842,94.0,49977.0,398.14,61.0
1787788027.503748,95.0,49977.0,398.0,60.0
1787788028.028825,95.0,49977.0,397.62,61.0
1787788028.5618489,95.0,49977.0,393.49,61.0
1787788029.1339161,0.0,49977.0,215.36,54.0
1787788029.6957395,0.0,49977.0,95.98,53.0
1787788030.268226,0.0,49977.0,95.98,53.0
1787788030.8407357,0.0,49977.0,90.57,52.0
1787788031.4088955,0.0,49977.0,90.57,52.0
1787788031.9813826,0.0,49977.0,90.07,51.0
1787788032.5534925,0.0,49977.0,90.07,51.0
1787788033.115816,0.0,49977.0,90.07,51.0
1787788033.6887915,0.0,49977.0,89.34,50.0
1787788034.2611234,0.0,49977.0,89.34,50.0
1787788034.827957,0.0,49977.0,89.63,50.0
1787788035.3901844,0.0,49977.0,89.63,50.0
1787788035.9079857,0.0,49977.0,88.88,49.0
1787788036.4273674,0.0,49977.0,88.88,49.0
1787788036.9495575,100.0,49977.0,256.29,65.0
1787788037.4723632,100.0,49977.0,580.17,64.0
1787788037.992852,100.0,49977.0,602.3,67.0
1787788038.5125072,100.0,49977.0,605.1,70.0
1787788039.0327275,100.0,49977.0,601.01,70.0
1787788039.5519133,100.0,49977.0,595.02,65.0
1787788040.0715659,100.0,49977.0,597.32,68.0
1787788040.5996969,94.0,49977.0,510.43,60.0
1787788041.129007,94.0,49977.0,358.12,55.0
1787788041.6863954,0.0,49977.0,205.89,52.0
1787788042.2443736,0.0,49977.0,103.36,52.0
1787788042.7642584,90.0,49977.0,182.98,65.0
1787788043.2854946,100.0,49977.0,367.19,69.0
1787788043.8060935,100.0,49977.0,599.64,70.0
1787788044.326624,100.0,49977.0,605.29,69.0
1787788044.8505669,100.0,49977.0,602.23,69.0
1787788045.37369,100.0,49977.0,597.77,69.0
1787788045.8983765,100.0,49977.0,594.14,67.0
1787788046.418948,100.0,49977.0,571.18,63.0
1787788046.9440958,94.0,49977.0,453.06,61.0
1787788047.4714246,94.0,49977.0,394.39,61.0
1787788047.996888,94.0,49977.0,393.4,61.0
1787788048.522592,95.0,49977.0,395.6,61.0
1787788049.0478976,94.0,49977.0,396.18,61.0
1787788049.5728993,94.0,49977.0,393.22,61.0
1787788050.097588,94.0,49977.0,394.28,60.0
1787788050.6224582,94.0,49977.0,394.38,61.0
1787788051.1470551,94.0,49977.0,394.76,61.0
1787788051.6720533,95.0,49977.0,396.07,61.0
1787788052.1982374,94.0,49977.0,396.84,60.0
1787788052.722282,94.0,49977.0,395.29,61.0
1787788053.2471285,94.0,49977.0,394.55,61.0
1787788053.7725122,94.0,49977.0,395.5,61.0
1787788054.2979825,94.0,49977.0,396.2,61.0
1787788054.8232317,94.0,49977.0,396.87,61.0
1787788055.347782,95.0,49977.0,397.32,61.0
1787788055.8718467,94.0,49977.0,396.49,61.0
1787788056.3951416,95.0,49977.0,395.2,60.0
1787788056.9193344,94.0,49977.0,395.38,61.0
1787788057.4445531,95.0,49977.0,396.05,61.0
1787788057.9709184,94.0,49977.0,396.33,61.0
1787788058.4958236,95.0,49977.0,395.51,61.0
1787788059.0198421,95.0,49977.0,396.35,61.0
1787788059.5448081,94.0,49977.0,397.2,61.0
1787788060.0698307,94.0,49977.0,395.3,61.0
1787788060.5955849,94.0,49977.0,395.83,61.0
1787788061.121069,95.0,49977.0,396.86,61.0
1787788061.6465964,94.0,49977.0,396.79,61.0
1787788062.1721225,94.0,49977.0,396.19,61.0
1787788062.6985626,94.0,49977.0,396.72,61.0
1787788063.224216,94.0,49977.0,397.23,61.0
1787788063.7497215,94.0,49977.0,397.48,61.0
1787788064.280231,49.0,49977.0,386.96,61.0
1787788064.8527784,0.0,49977.0,208.53,54.0
1787788065.4156442,0.0,49977.0,95.11,53.0
1787788065.9830322,0.0,49977.0,95.11,53.0
1787788066.5506718,0.0,49977.0,90.57,52.0
1787788067.117957,0.0,49977.0,90.57,52.0
1787788067.6847775,0.0,49977.0,90.55,51.0
1787788068.2570171,0.0,49977.0,90.07,51.0
1787788068.8198066,0.0,49977.0,90.07,51.0
1787788069.3382974,0.0,49977.0,90.07,50.0
1787788069.8590555,0.0,49977.0,90.07,50.0
1787788070.3798718,100.0,49977.0,238.31,67.0
1787788070.902533,100.0,49977.0,350.17,69.0
1787788071.4229794,100.0,49977.0,605.82,70.0
1787788071.9420645,100.0,49977.0,602.14,70.0
1787788072.4626875,100.0,49977.0,599.47,70.0
1787788072.9836485,99.0,49977.0,596.42,67.0
1787788073.5058367,100.0,49977.0,596.92,69.0
1787788074.0294943,94.0,49977.0,546.87,61.0
1787788074.5546427,94.0,49977.0,447.36,60.0
1787788075.0791326,0.0,49977.0,270.14,54.0
1787788075.5986722,0.0,49977.0,119.08,53.0
1787788076.118123,0.0,49977.0,100.96,53.0
1787788076.6371384,100.0,49977.0,240.13,68.0
1787788077.1566784,100.0,49977.0,374.36,70.0
1787788077.67716,100.0,49977.0,606.34,70.0
1787788078.1977203,100.0,49977.0,600.0,69.0
1787788078.7161512,100.0,49977.0,599.06,68.0
1787788079.2372441,100.0,49977.0,596.6,67.0
1787788079.7586856,100.0,49977.0,595.2,70.0
1787788080.2808633,94.0,49977.0,534.05,62.0
1787788080.8061938,94.0,49977.0,434.54,62.0
1787788081.3317544,94.0,49977.0,394.75,61.0
1787788081.8578565,94.0,49977.0,395.02,61.0
1787788082.3836298,94.0,49977.0,392.82,61.0
1787788082.9092052,95.0,49977.0,393.14,61.0
1787788083.4339142,94.0,49977.0,395.22,61.0
1787788083.9595513,95.0,49977.0,396.15,61.0
1787788084.4835775,95.0,49977.0,395.26,61.0
1787788085.0088909,95.0,49977.0,395.46,61.0
1787788085.533932,94.0,49977.0,395.96,61.0
1787788086.0608697,94.0,49977.0,395.26,61.0
1787788086.5851378,94.0,49977.0,394.59,61.0
1787788087.1106765,94.0,49977.0,395.44,61.0
1787788087.63638,94.0,49977.0,395.4,61.0
1787788088.1613557,94.0,49977.0,395.79,61.0
1787788088.6856806,94.0,49977.0,396.34,61.0
1787788089.2118177,94.0,49977.0,397.58,61.0
1787788089.7379582,94.0,49977.0,397.77,61.0
1787788090.2636898,94.0,49977.0,396.64,61.0
1787788090.7886777,94.0,49977.0,395.71,61.0
1787788091.3141587,94.0,49977.0,397.81,61.0
1787788091.8404071,94.0,49977.0,398.8,61.0
1787788092.3654716,94.0,49977.0,397.58,61.0
1787788092.8915193,94.0,49977.0,397.51,61.0
1787788093.4182017,94.0,49977.0,397.4,61.0
1787788093.9435344,94.0,49977.0,396.37,61.0
1787788094.4693098,95.0,49977.0,396.52,61.0
1787788094.9910772,95.0,49977.0,396.71,61.0
1787788095.516126,95.0,49977.0,397.86,61.0
1787788096.0408106,95.0,49977.0,398.16,61.0
1787788096.5646482,94.0,49977.0,395.77,61.0
1787788097.087641,94.0,49977.0,396.0,61.0
1787788097.6144617,95.0,49977.0,396.51,61.0
1787788098.138957,95.0,49977.0,397.46,61.0
1787788098.6634362,94.0,49977.0,398.22,61.0
1787788099.1888866,94.0,49977.0,398.34,61.0
1787788099.7148755,95.0,49977.0,398.36,61.0
1787788100.2466238,0.0,49977.0,306.9,55.0
1787788100.8200297,0.0,49977.0,127.59,54.0
1787788101.3825502,0.0,49977.0,97.76,54.0
1787788101.940467,0.0,49977.0,92.49,53.0
1787788102.5095956,0.0,49977.0,92.49,53.0
1787788103.086616,0.0,49977.0,92.0,52.0
1787788103.629503,0.0,49977.0,92.0,52.0
1787788104.1913753,0.0,49977.0,91.52,51.0
1787788104.7393172,0.0,49977.0,91.52,51.0
1787788105.2592282,0.0,49977.0,90.55,51.0
1787788105.8330944,95.0,49977.0,132.87,64.0
1787788106.353846,100.0,49977.0,327.2,69.0
1787788106.8756044,100.0,49977.0,599.82,70.0
1787788107.4013622,100.0,49977.0,604.77,71.0
1787788107.9248898,100.0,49977.0,600.93,71.0
1787788108.4451904,100.0,49977.0,597.69,68.0
1787788108.965754,100.0,49977.0,595.84,70.0
1787788109.4896069,99.0,49977.0,570.52,62.0
1787788110.0159316,94.0,49977.0,453.58,61.0
1787788110.5409377,94.0,49977.0,393.68,61.0
1787788111.064883,95.0,49977.0,393.89,61.0
1787788111.5891964,94.0,49977.0,394.23,61.0
1787788112.112145,94.0,49977.0,396.67,61.0
1787788112.6382115,94.0,49977.0,393.86,60.0
1787788113.1637874,94.0,49977.0,393.87,61.0
1787788113.687959,94.0,49977.0,394.95,61.0
1787788114.213214,94.0,49977.0,394.65,61.0
1787788114.7383275,94.0,49977.0,395.68,61.0
1787788115.2638319,95.0,49977.0,395.99,61.0
1787788115.7893288,94.0,49977.0,395.7,60.0
1787788116.3132324,94.0,49977.0,395.35,61.0
1787788116.8381562,94.0,49977.0,394.65,61.0
1787788117.364203,95.0,49977.0,395.25,61.0
1787788117.8884137,94.0,49977.0,394.83,61.0
1787788118.414361,94.0,49977.0,395.82,61.0
1787788118.9386165,94.0,49977.0,396.2,61.0
1787788119.4660754,94.0,49977.0,395.14,61.0
1787788119.9907045,94.0,49977.0,394.55,61.0
1787788120.5164936,94.0,49977.0,395.7,61.0
1787788121.0430684,94.0,49977.0,395.78,61.0
1787788121.5685778,95.0,49977.0,396.67,61.0
1787788122.093746,94.0,49977.0,396.45,61.0
1787788122.6205397,95.0,49977.0,396.11,61.0
1787788123.1463523,95.0,49977.0,397.05,61.0
1787788123.6703877,94.0,49977.0,397.38,61.0
1787788124.1941977,95.0,49977.0,395.78,61.0
1787788124.719504,95.0,49977.0,395.77,61.0
1787788125.244225,95.0,49977.0,396.5,61.0
1787788125.7705522,94.0,49977.0,397.05,61.0
1787788126.301137,94.0,49977.0,396.27,61.0
1787788126.8651392,0.0,49977.0,224.54,54.0
1787788127.4275866,0.0,49977.0,96.97,53.0
1787788127.985578,0.0,49977.0,96.97,53.0
1787788128.5381415,0.0,49977.0,91.46,52.0
1787788129.0899212,0.0,49977.0,91.46,52.0
1787788129.657681,0.0,49977.0,90.73,52.0
1787788130.2235227,0.0,49977.0,90.73,51.0
1787788130.7809389,93.0,49977.0,129.84,62.0
1787788131.3032737,100.0,49977.0,238.45,62.0
1787788131.8234816,91.0,49977.0,414.67,55.0
1787788132.343142,99.0,49977.0,366.36,65.0
1787788132.863725,91.0,49977.0,441.69,59.0
1787788133.3889658,0.0,49977.0,360.92,53.0
1787788133.9127538,99.0,49977.0,389.88,68.0
1787788134.4346457,91.0,49977.0,477.59,59.0
1787788134.9576588,99.0,49977.0,356.22,64.0
1787788135.4802175,90.0,49977.0,372.92,56.0
1787788135.998147,99.0,49979.0,428.26,67.0
1787788136.5222285,90.0,49979.0,389.48,56.0
1787788137.0433602,99.0,49979.0,389.76,61.0
1787788137.5679483,0.0,49979.0,384.12,54.0
1787788138.08959,99.0,49979.0,383.79,61.0
1787788138.6126165,5.0,49979.0,387.3,54.0
1787788139.1346254,91.0,49979.0,393.26,60.0
1787788139.6664624,0.0,49979.0,379.18,61.0
1787788140.1890914,90.0,49979.0,379.17,60.0
1787788140.7108643,90.0,49979.0,415.73,59.0
1787788141.231854,0.0,49979.0,330.91,64.0
1787788141.7532299,90.0,49979.0,386.65,60.0
1787788142.2765386,0.0,49979.0,380.75,63.0
1787788142.799936,91.0,49979.0,381.01,60.0
1787788143.3218846,79.0,49979.0,394.82,58.0
1787788143.842295,90.0,49979.0,334.75,59.0
1787788144.3658128,91.0,49979.0,347.5,59.0
1787788144.8884623,90.0,49979.0,347.61,59.0
1787788145.4111373,90.0,49979.0,347.89,59.0
1787788145.9334028,91.0,49979.0,348.79,59.0
1787788146.4638262,90.0,49979.0,348.95,59.0
1787788146.9863627,91.0,49979.0,348.47,59.0
1787788147.507479,90.0,49979.0,349.6,59.0
1787788148.027344,91.0,49979.0,350.18,59.0
1787788148.5489445,91.0,49979.0,349.73,59.0
1787788149.0717454,90.0,49979.0,348.47,59.0
1787788149.5949678,91.0,49979.0,348.67,59.0
1787788150.1181424,91.0,49979.0,351.29,59.0
1787788150.649698,0.0,49979.0,249.46,60.0
1787788151.1718814,90.0,49979.0,318.24,59.0
1787788151.692498,91.0,49979.0,415.41,59.0
1787788152.2153544,13.0,49979.0,313.46,54.0
1787788152.7405314,99.0,49979.0,388.3,60.0
1787788153.2605202,88.0,49979.0,411.6,59.0
1787788153.782335,91.0,49979.0,343.38,59.0
1787788154.3051665,91.0,49979.0,347.65,59.0
1787788154.8279455,90.0,49979.0,347.68,59.0
1787788155.3500185,91.0,49979.0,348.35,59.0
1787788155.873353,90.0,49979.0,348.4,59.0
1787788156.394411,90.0,49979.0,348.37,59.0
1787788156.9176266,91.0,49979.0,347.57,58.0
1787788157.4404843,91.0,49979.0,347.71,58.0
1787788157.9626763,90.0,49979.0,349.01,59.0
1787788158.4856138,88.0,49979.0,347.87,58.0
1787788159.007234,91.0,49979.0,345.83,58.0
1787788159.529713,91.0,49979.0,348.84,59.0
1787788160.0604131,61.0,49979.0,300.63,54.0
1787788160.6286855,0.0,49979.0,173.88,52.0
1787788161.1655803,0.0,49979.0,96.97,52.0
1787788161.713001,0.0,49979.0,160.54,62.0
1787788162.2358885,90.0,49979.0,279.35,58.0
1787788162.7588036,90.0,49979.0,377.46,58.0
1787788163.280866,79.0,49979.0,334.26,57.0
1787788163.8028538,91.0,49979.0,332.71,57.0
1787788164.326374,91.0,49979.0,341.95,58.0
1787788164.850352,90.0,49979.0,345.07,58.0
1787788165.3734946,91.0,49979.0,346.17,58.0
1787788165.8973918,91.0,49979.0,347.89,58.0
1787788166.4183352,90.0,49979.0,347.02,58.0
1787788166.9418275,91.0,49979.0,346.06,58.0
1787788167.4654827,91.0,49979.0,348.07,58.0
1787788167.9862912,91.0,49979.0,348.94,58.0
1787788168.5096552,91.0,49979.0,348.53,58.0
1787788169.0303962,91.0,49979.0,348.84,58.0
1787788169.5539575,88.0,49979.0,348.91,58.0
1787788170.0798926,91.0,49979.0,348.31,58.0
1787788170.6079984,0.0,49979.0,290.64,53.0
1787788171.154506,0.0,49979.0,138.35,51.0
1787788171.701518,0.0,49979.0,102.74,51.0
1787788172.2592714,0.0,49979.0,102.74,51.0
1787788172.8320727,96.0,49979.0,134.77,62.0
1787788173.3527267,90.0,49979.0,345.07,57.0
1787788173.8754156,23.0,49979.0,357.87,62.0
1787788174.3998706,90.0,49979.0,372.19,58.0
1787788174.9222555,90.0,49979.0,391.94,57.0
1787788175.445949,24.0,49979.0,314.59,59.0
1787788175.9679449,88.0,49979.0,378.84,58.0
1787788176.4897902,90.0,49979.0,388.54,57.0
1787788177.0096688,89.0,49979.0,339.17,57.0
1787788177.5337832,0.0,49979.0,275.07,52.0
1787788178.0525527,99.0,49979.0,307.02,65.0
1787788178.5765576,91.0,49979.0,404.34,57.0
1787788179.097311,91.0,49979.0,342.9,57.0
1787788179.619993,90.0,49979.0,344.52,57.0
1787788180.1427822,91.0,49979.0,343.42,57.0
1787788180.6655624,90.0,49979.0,345.57,57.0
1787788181.1867146,86.0,49979.0,342.64,57.0
1787788181.709024,91.0,49979.0,342.52,57.0
1787788182.230967,90.0,49979.0,345.78,57.0
1787788182.7545981,91.0,49979.0,346.75,57.0
1787788183.2781715,91.0,49979.0,347.42,57.0
1787788183.8019824,91.0,49979.0,348.37,57.0
1787788184.326,91.0,49979.0,348.59,57.0
1787788184.8486712,91.0,49979.0,348.26,58.0
1787788185.3768609,50.0,49979.0,315.38,54.0
1787788185.9716024,0.0,49979.0,164.39,51.0
1787788186.529473,0.0,49979.0,93.28,51.0
1787788187.0880704,99.0,49979.0,243.38,64.0
1787788187.6128457,91.0,49979.0,307.43,57.0
1787788188.1363049,87.0,49979.0,353.79,57.0
1787788188.6589682,98.0,49979.0,336.96,62.0
1787788189.1834006,90.0,49979.0,359.4,57.0
1787788189.7077205,87.0,49979.0,336.73,57.0
1787788190.2308722,89.0,49979.0,328.27,57.0
1787788190.7540772,89.0,49979.0,330.39,57.0
1787788191.276861,85.0,49979.0,322.67,56.0
1787788191.8014467,84.0,49979.0,323.3,57.0
1787788192.3236969,89.0,49979.0,334.1,57.0
1787788192.846229,91.0,49979.0,322.61,57.0
1787788193.3707287,88.0,49979.0,318.73,56.0
1787788193.8930776,90.0,49979.0,329.82,57.0
1787788194.416713,87.0,49979.0,342.14,57.0
1787788194.9404044,85.0,49979.0,333.18,56.0
1787788195.4621944,90.0,49979.0,326.77,57.0
1787788195.9859257,90.0,49979.0,342.37,57.0
1787788196.5091238,90.0,49979.0,339.51,57.0
1787788197.0324507,90.0,49979.0,339.59,57.0
1787788197.555534,90.0,49979.0,344.55,57.0
1787788198.077279,91.0,49979.0,345.17,57.0
1787788198.599832,90.0,49979.0,345.29,57.0
1787788199.121061,91.0,49979.0,345.4,57.0
1787788199.6436718,91.0,49979.0,346.68,57.0
1787788200.1649745,91.0,49979.0,346.88,57.0
1787788200.6872437,91.0,49979.0,346.51,57.0
1787788201.2100139,91.0,49979.0,346.39,57.0
1787788201.7319818,90.0,49979.0,346.42,57.0
1787788202.2528427,90.0,49979.0,346.8,57.0
1787788202.7755105,90.0,49979.0,345.18,57.0
1787788203.2993476,90.0,49979.0,335.14,57.0
1787788203.8217494,91.0,49979.0,337.0,57.0
1787788204.3447034,91.0,49979.0,348.12,57.0
1787788204.8692155,84.0,49979.0,340.9,57.0
1787788205.3906398,82.0,49979.0,332.5,57.0
1787788205.9149685,90.0,49979.0,339.16,57.0
1787788206.4654899,90.0,49979.0,349.81,57.0
1787788206.989427,77.0,49979.0,341.17,57.0
1787788207.5143564,90.0,49979.0,341.14,58.0
1787788208.0388656,90.0,49979.0,350.33,58.0
1787788208.562536,89.0,49979.0,349.61,57.0
1787788209.0856326,90.0,49979.0,349.57,57.0
1787788209.6080642,90.0,49979.0,350.52,57.0
1787788210.1325316,90.0,49979.0,350.72,58.0
1787788210.6533706,90.0,49979.0,350.95,58.0
1787788211.1775596,90.0,49979.0,351.58,58.0
1787788211.6982286,90.0,49979.0,351.94,58.0
1787788212.2218416,90.0,49979.0,352.36,58.0
1787788212.7436645,90.0,49979.0,353.27,58.0
1787788213.2656386,91.0,49979.0,343.64,58.0
1787788213.7883723,91.0,49979.0,345.28,58.0
1787788214.3130744,90.0,49979.0,351.43,58.0
1787788214.8346791,91.0,49979.0,350.67,58.0
1787788215.3583486,91.0,49979.0,354.07,58.0
1787788215.8810492,90.0,49979.0,355.52,58.0
1787788216.4057593,82.0,49979.0,352.48,57.0
1787788216.9300194,91.0,49979.0,351.15,58.0
1787788217.4540641,90.0,49979.0,344.06,58.0
1787788217.9826243,43.0,49979.0,276.34,53.0
1787788218.5303035,0.0,49979.0,154.23,51.0
1787788219.0778441,0.0,49979.0,96.43,51.0
1787788219.6409216,0.0,49979.0,96.43,51.0
1787788220.1881373,0.0,49979.0,88.6,50.0
1787788220.7409666,0.0,49979.0,88.6,50.0
1787788221.3096218,0.0,49979.0,88.06,50.0
1787788221.8618112,0.0,49979.0,88.01,49.0
1787788222.3803077,99.0,49979.0,184.98,57.0
1787788222.904355,89.0,49979.0,340.42,55.0
1787788223.4273546,83.0,49979.0,328.74,55.0
1787788223.947277,90.0,49979.0,327.01,56.0
1787788224.4704967,90.0,49979.0,331.56,56.0
1787788224.994295,87.0,49979.0,339.56,55.0
1787788225.5162609,89.0,49979.0,326.76,55.0
1787788226.0388474,89.0,49979.0,318.92,56.0
1787788226.562903,91.0,49979.0,331.67,56.0
1787788227.0888627,71.0,49979.0,331.92,55.0
1787788227.6134887,91.0,49979.0,332.6,56.0
1787788228.1352878,89.0,49979.0,339.64,55.0
1787788228.6614962,88.0,49979.0,337.38,56.0
1787788229.1850326,91.0,49979.0,340.57,56.0
1787788229.7078848,91.0,49979.0,343.9,56.0
1787788230.2306523,90.0,49979.0,344.64,56.0
1787788230.7541888,89.0,49979.0,343.68,56.0
1787788231.2786446,69.0,49979.0,332.83,56.0
1787788231.8013005,90.0,49979.0,322.36,56.0
1787788232.3244195,72.0,49979.0,327.79,56.0
1787788232.8490667,91.0,49979.0,336.47,56.0
1787788233.3728352,90.0,49979.0,344.98,56.0
1787788233.8965635,90.0,49979.0,344.98,56.0
1787788234.4196217,90.0,49979.0,345.11,57.0
1787788234.944028,91.0,49979.0,345.92,57.0
1787788235.4677367,90.0,49979.0,346.39,57.0
1787788235.991083,90.0,49979.0,345.79,57.0
1787788236.5165637,91.0,49979.0,345.3,57.0
1787788237.0393822,91.0,49979.0,346.18,57.0
1787788237.5631256,91.0,49979.0,347.02,57.0
1787788238.0866685,91.0,49979.0,347.08,57.0
1787788238.6095514,90.0,49979.0,347.73,57.0
1787788239.1335793,91.0,49979.0,348.11,57.0
1787788239.6552656,91.0,49979.0,348.18,57.0
1787788240.1782777,91.0,49979.0,349.25,57.0
1787788240.7019687,90.0,49979.0,349.67,57.0
1787788241.2229002,90.0,49979.0,349.59,57.0
1787788241.7458239,90.0,49979.0,349.75,57.0
1787788242.2681324,90.0,49979.0,350.06,57.0
1787788242.7899442,90.0,49979.0,350.57,57.0
1787788243.3131447,90.0,49979.0,350.72,57.0
1787788243.8372586,91.0,49979.0,350.86,57.0
1787788244.3645964,90.0,49979.0,331.85,54.0
1787788244.9531283,0.0,49979.0,179.47,51.0
1787788245.525871,0.0,49979.0,97.92,50.0
1787788246.093839,0.0,49979.0,97.92,50.0
1787788246.656468,0.0,49979.0,88.02,50.0
1787788247.208836,0.0,49979.0,88.02,49.0
1787788247.7707756,0.0,49979.0,87.8,49.0
1787788248.332196,0.0,49979.0,87.28,49.0
1787788248.8846285,0.0,49979.0,87.28,49.0
1787788249.4521768,0.0,49979.0,87.97,48.0
1787788250.0249462,0.0,49979.0,87.97,48.0
1787788250.5871599,0.0,49979.0,87.24,48.0
1787788251.168323,0.0,49979.0,87.24,48.0
1787788251.7197976,0.0,49979.0,86.51,47.0
1787788252.286149,0.0,49979.0,86.51,47.0
1787788252.843956,0.0,49979.0,87.0,47.0
1787788253.4171808,0.0,49979.0,86.27,46.0
1787788253.9907286,0.0,49979.0,86.27,46.0
1787788254.5690012,0.0,49979.0,86.51,46.0
1787788255.127091,0.0,49979.0,97.78,53.0
1787788255.6488492,90.0,49979.0,232.66,53.0
1787788256.1720066,90.0,49979.0,393.8,53.0
1787788256.6922479,90.0,49979.0,335.46,53.0
1787788257.2153466,90.0,49979.0,336.29,53.0
1787788257.7372825,91.0,49979.0,337.05,53.0
1787788258.2577212,90.0,49979.0,334.34,53.0
1787788258.7791348,90.0,49979.0,334.44,53.0
1787788259.3024795,91.0,49979.0,337.74,53.0
1787788259.8233063,88.0,49979.0,336.98,53.0
1787788260.3465893,90.0,49979.0,337.47,54.0
1787788260.868725,90.0,49979.0,339.96,54.0
1787788261.3915374,89.0,49979.0,339.17,54.0
1787788261.9109795,87.0,49979.0,319.34,53.0
1787788262.431777,90.0,49979.0,320.23,54.0
1787788262.9542024,91.0,49979.0,341.1,54.0
1787788263.4767084,88.0,49979.0,336.06,54.0
1787788263.9992225,90.0,49979.0,336.08,54.0
1787788264.521907,89.0,49979.0,341.01,54.0
1787788265.046144,90.0,49979.0,340.75,54.0
1787788265.5687606,90.0,49979.0,341.41,54.0
1787788266.0916994,76.0,49979.0,334.1,54.0
1787788266.6129208,78.0,49979.0,320.57,54.0
1787788267.1350367,90.0,49979.0,337.64,55.0
1787788267.6583116,90.0,49979.0,343.68,55.0
1787788268.1816828,91.0,49979.0,343.85,55.0
1787788268.7032254,90.0,49979.0,343.85,55.0
1787788269.2266452,91.0,49979.0,343.89,55.0
1787788269.7483084,91.0,49979.0,344.39,55.0
1787788270.27126,90.0,49979.0,344.86,55.0
1787788270.7941847,91.0,49979.0,345.94,55.0
1787788271.3173196,91.0,49979.0,346.39,55.0
1787788271.8381612,91.0,49979.0,346.7,55.0
1787788272.3618739,90.0,49979.0,346.59,55.0
1787788272.8831182,89.0,49979.0,346.07,55.0
1787788273.4054086,90.0,49979.0,344.49,56.0
1787788273.9293172,90.0,49979.0,345.84,56.0
1787788274.4530501,90.0,49979.0,347.42,56.0
1787788274.9746838,88.0,49979.0,346.67,56.0
1787788275.4976325,90.0,49979.0,346.68,56.0
1787788276.0190122,90.0,49979.0,347.67,56.0
1787788276.5414655,90.0,49979.0,348.6,56.0
1787788277.0632477,90.0,49979.0,349.18,56.0
1787788277.5860543,90.0,49979.0,349.18,56.0
1787788278.1079326,91.0,49979.0,348.88,56.0
1787788278.631816,91.0,49979.0,345.54,56.0
1787788279.1544893,91.0,49979.0,346.82,56.0
1787788279.6773496,91.0,49979.0,346.94,56.0
1787788280.2002602,90.0,49979.0,347.26,56.0
1787788280.7221286,91.0,49979.0,350.93,56.0
1787788281.2455657,80.0,49979.0,341.39,56.0
1787788281.7672186,91.0,49979.0,335.52,56.0
1787788282.2910564,90.0,49979.0,344.1,56.0
1787788282.8151402,91.0,49979.0,350.55,56.0
1787788283.3402612,91.0,49979.0,351.8,56.0
1787788283.8646717,91.0,49979.0,352.97,56.0
1787788284.389615,91.0,49979.0,352.42,56.0
1787788284.9141436,91.0,49979.0,351.78,57.0
1787788285.4379811,91.0,49979.0,353.89,57.0
1787788285.9616683,91.0,49979.0,354.8,57.0
1787788286.4843428,91.0,49979.0,355.21,57.0
1787788287.00796,91.0,49979.0,354.85,57.0
1787788287.5313923,91.0,49979.0,354.72,57.0
1787788288.055813,91.0,49979.0,355.77,57.0
1787788288.5850446,91.0,49979.0,355.18,57.0
1787788289.1685312,0.0,49979.0,198.8,51.0
1787788289.7215383,0.0,49979.0,98.03,50.0
1787788290.2626438,0.0,49979.0,98.03,50.0
1787788290.830944,0.0,49979.0,88.07,49.0
1787788291.3790772,0.0,49979.0,88.07,49.0
1787788291.9427824,0.0,49979.0,88.45,49.0
1787788292.5107787,0.0,49979.0,88.45,49.0
1787788293.0693057,0.0,49979.0,87.72,48.0
1787788293.6261802,0.0,49979.0,87.48,48.0
1787788294.1785917,0.0,49979.0,87.48,48.0
1787788294.7404616,0.0,49979.0,87.0,47.0
1787788295.2974663,0.0,49979.0,87.0,47.0
1787788295.8345406,0.0,49979.0,86.27,47.0
1787788296.406793,0.0,49979.0,86.27,47.0
1787788296.9622653,0.0,49979.0,85.54,46.0
1787788297.5148172,0.0,49979.0,85.54,46.0
1787788298.0664275,0.0,49979.0,85.3,46.0
1787788298.61795,0.0,49979.0,86.51,46.0
1787788299.1670227,0.0,49979.0,86.51,46.0
1787788299.7331223,0.0,49979.0,85.57,45.0
1787788300.295893,0.0,49979.0,85.57,45.0
1787788300.8477433,0.0,49979.0,85.11,45.0
1787788301.4076955,0.0,49979.0,85.11,45.0
1787788301.9769142,0.0,49979.0,85.06,45.0
1787788302.529647,0.0,49979.0,86.57,45.0
1787788303.0869324,0.0,49979.0,86.57,45.0
1787788303.6447887,0.0,49979.0,86.32,44.0
1787788304.1971204,0.0,49979.0,86.32,44.0
1787788304.7495327,0.0,49979.0,85.5,44.0
1787788305.3122988,0.0,49979.0,85.5,44.0
1787788305.8744214,0.0,49979.0,85.5,44.0
1787788306.441646,0.0,49979.0,141.35,53.0
1787788306.9645782,90.0,49979.0,260.97,51.0
1787788307.4888985,89.0,49979.0,351.78,50.0
1787788308.0125806,90.0,49979.0,328.4,51.0
1787788308.5364523,90.0,49979.0,332.94,51.0
1787788309.0586214,82.0,49979.0,323.35,51.0
1787788309.5820928,89.0,49979.0,320.79,51.0
1787788310.105836,90.0,49979.0,329.76,51.0
1787788310.6279016,90.0,49979.0,329.71,51.0
1787788311.1497056,91.0,49979.0,335.57,52.0
1787788311.6712086,91.0,49979.0,337.39,52.0
1787788312.1927693,90.0,49979.0,337.65,52.0
1787788312.7160954,89.0,49979.0,337.75,52.0
1787788313.2392168,90.0,49979.0,337.83,52.0
1787788313.7625873,91.0,49979.0,338.48,52.0
1787788314.285319,90.0,49979.0,338.96,52.0
1787788314.8125644,88.0,49979.0,336.68,53.0
1787788315.3646505,0.0,49979.0,191.21,46.0
1787788315.9266505,0.0,49979.0,98.43,46.0
1787788316.4629266,0.0,49979.0,98.43,46.0
1787788316.9853125,98.0,49979.0,236.34,53.0
1787788317.5081446,90.0,49979.0,264.7,52.0
1787788318.0324304,90.0,49979.0,334.71,52.0
1787788318.5545492,90.0,49979.0,332.5,52.0
1787788319.078815,90.0,49979.0,332.17,53.0
1787788319.6013217,65.0,49979.0,324.47,52.0
1787788320.1238399,72.0,49979.0,315.64,52.0
1787788320.646889,90.0,49979.0,325.6,53.0
1787788321.1691744,90.0,49979.0,328.32,53.0
1787788321.6920135,89.0,49979.0,327.99,53.0
1787788322.2150462,89.0,49979.0,331.87,53.0
1787788322.7376711,90.0,49979.0,333.06,53.0
1787788323.2601306,88.0,49979.0,337.03,53.0
1787788323.7844799,90.0,49979.0,339.34,53.0
1787788324.307231,90.0,49979.0,339.88,53.0
1787788324.8316803,90.0,49979.0,339.68,53.0
1787788325.3557734,86.0,49979.0,339.19,54.0
1787788325.880117,90.0,49979.0,339.12,54.0
1787788326.4018798,90.0,49979.0,340.29,54.0
1787788326.92576,91.0,49979.0,340.68,54.0
1787788327.44905,88.0,49979.0,340.91,54.0
1787788327.9712608,90.0,49979.0,341.83,54.0
1787788328.4957676,91.0,49979.0,342.4,54.0
1787788329.0189068,90.0,49979.0,342.83,54.0
1787788329.5421405,90.0,49979.0,343.01,54.0
1787788330.0653427,90.0,49979.0,341.96,54.0
1787788330.5881271,90.0,49979.0,343.04,54.0
1787788331.1116168,90.0,49979.0,343.25,55.0
1787788331.6340435,90.0,49979.0,344.08,55.0
1787788332.1562834,91.0,49979.0,344.85,55.0
1787788332.6803122,91.0,49979.0,345.2,55.0
1787788333.204053,90.0,49979.0,344.42,55.0
1787788333.7256653,90.0,49979.0,331.24,55.0
1787788334.24671,91.0,49979.0,329.39,54.0
1787788334.7700362,90.0,49979.0,342.23,55.0
1787788335.2925253,90.0,49979.0,336.28,55.0
1787788335.8149018,90.0,49979.0,338.43,55.0
1787788336.3373528,90.0,49979.0,347.17,55.0
1787788336.8599591,90.0,49979.0,346.41,55.0
1787788337.382259,90.0,49979.0,345.99,55.0
1787788337.9056695,90.0,49979.0,347.51,55.0
1787788338.4295547,90.0,49979.0,344.96,55.0
1787788338.9525526,90.0,49979.0,344.72,55.0
1787788339.4765391,89.0,49979.0,347.31,55.0
1787788339.9985662,90.0,49979.0,346.82,55.0
1787788340.5216422,91.0,49979.0,348.36,55.0
1787788341.0450275,91.0,49979.0,350.47,56.0
1787788341.568682,90.0,49979.0,350.4,56.0
1787788342.0966275,0.0,49979.0,260.97,50.0
1787788342.659086,0.0,49979.0,102.28,49.0
1787788343.2314594,0.0,49979.0,96.94,49.0
1787788343.7625668,0.0,49979.0,87.06,48.0
1787788344.324902,0.0,49979.0,87.06,48.0
1787788344.87158,0.0,49979.0,86.08,48.0
1787788345.448122,0.0,49979.0,86.08,48.0
1787788346.005746,0.0,49979.0,86.08,47.0
1787788346.568501,0.0,49979.0,86.08,47.0
1787788347.1309686,0.0,49979.0,87.58,47.0
1787788347.6933866,0.0,49979.0,87.58,47.0
1787788348.2514467,0.0,49979.0,86.83,46.0
1787788348.8245823,0.0,49979.0,86.57,46.0
1787788349.381418,0.0,49979.0,86.57,46.0
1787788349.9235082,0.0,49979.0,85.84,46.0
1787788350.4709737,0.0,49979.0,85.84,46.0
1787788351.0337007,0.0,49979.0,84.63,45.0
1787788351.5907865,0.0,49979.0,84.63,45.0
1787788352.1519523,0.0,49979.0,84.6,45.0
1787788352.6826892,0.0,49979.0,84.6,45.0
1787788353.2371275,0.0,49979.0,89.0,45.0
1787788353.8050628,0.0,49979.0,87.74,44.0
1787788354.3831701,0.0,49979.0,87.74,44.0
1787788354.9563825,90.0,49979.0,90.43,44.0
1787788355.4796205,98.0,49979.0,201.89,47.0
1787788356.0028698,90.0,49979.0,416.92,52.0
1787788356.5266786,90.0,49979.0,384.62,51.0
1787788357.0494533,90.0,49979.0,334.35,51.0
1787788357.572787,90.0,49979.0,334.49,52.0
1787788358.0969303,86.0,49979.0,333.97,52.0
1787788358.619413,90.0,49979.0,334.02,52.0
1787788359.1427336,90.0,49979.0,335.49,52.0
1787788359.665306,90.0,49979.0,336.8,52.0
1787788360.18701,88.0,49979.0,335.18,52.0
1787788360.7110853,91.0,49979.0,334.63,52.0
1787788361.2331662,90.0,49979.0,337.24,53.0
1787788361.756324,86.0,49979.0,336.64,52.0
1787788362.2786007,90.0,49979.0,335.52,53.0
1787788362.8015006,90.0,49979.0,339.31,53.0
1787788363.324311,79.0,49979.0,332.96,53.0
1787788363.8472934,89.0,49979.0,327.33,53.0
1787788364.369129,90.0,49979.0,327.68,53.0
1787788364.8898268,90.0,49979.0,324.86,53.0
1787788365.4136355,90.0,49979.0,332.44,53.0
1787788365.9336164,84.0,49979.0,337.95,53.0
1787788366.4660835,86.0,49979.0,329.24,53.0
1787788366.9858005,90.0,49979.0,326.26,53.0
1787788367.5096316,91.0,49979.0,325.87,53.0
1787788368.0326903,91.0,49979.0,331.87,54.0
1787788368.5551283,90.0,49979.0,342.65,54.0
1787788369.077629,90.0,49979.0,343.44,54.0
1787788369.6065485,0.0,49979.0,235.07,48.0
1787788370.1785502,0.0,49979.0,96.71,47.0
1787788370.7421608,98.0,49979.0,145.12,57.0
1787788371.2650182,89.0,49979.0,300.73,54.0
1787788371.7869856,89.0,49979.0,354.12,53.0
1787788372.3099804,90.0,49979.0,335.28,54.0
1787788372.8342478,90.0,49979.0,336.69,54.0
1787788373.3579428,89.0,49979.0,332.09,54.0
1787788373.8810675,90.0,49979.0,331.53,54.0
1787788374.405846,90.0,49979.0,336.44,54.0
1787788374.9272573,89.0,49979.0,336.48,54.0
1787788375.4489946,87.0,49979.0,327.97,54.0
1787788375.9712238,90.0,49979.0,328.12,54.0
1787788376.492609,90.0,49979.0,334.01,54.0
1787788377.0165524,89.0,49979.0,337.92,54.0
1787788377.5388443,89.0,49979.0,338.79,54.0
1787788378.0625875,89.0,49979.0,339.05,54.0
1787788378.5868218,87.0,49979.0,337.14,54.0
1787788379.1101315,90.0,49979.0,337.73,54.0
1787788379.63315,90.0,49979.0,340.68,54.0
1787788380.1564384,89.0,49979.0,335.83,55.0
1787788380.678327,90.0,49979.0,336.51,54.0
1787788381.2025514,88.0,49979.0,340.22,54.0
1787788381.7265198,90.0,49979.0,338.28,55.0
1787788382.2506156,90.0,49979.0,339.82,55.0
1787788382.7738552,91.0,49979.0,342.85,55.0
1787788383.2976468,90.0,49979.0,344.21,55.0
1787788383.820723,90.0,49979.0,344.27,55.0
1787788384.3452206,90.0,49979.0,344.41,55.0
1787788384.8682954,91.0,49979.0,345.0,55.0
1787788385.3910625,91.0,49979.0,345.63,55.0
1787788385.913385,91.0,49979.0,346.59,55.0
1787788386.4347308,91.0,49979.0,346.49,55.0
1787788386.955928,91.0,49979.0,345.95,55.0
1787788387.4789326,91.0,49979.0,346.21,55.0
1787788388.000889,91.0,49979.0,347.03,56.0
1787788388.5223293,90.0,49979.0,347.12,56.0
1787788389.0455022,90.0,49979.0,346.95,56.0
1787788389.569768,90.0,49979.0,347.31,56.0
1787788390.092884,90.0,49979.0,348.03,56.0
1787788390.616521,90.0,49979.0,348.33,56.0
1787788391.139644,91.0,49979.0,348.21,56.0
1787788391.6626194,90.0,49979.0,348.48,56.0
1787788392.1909282,0.0,49979.0,287.27,50.0
1787788392.7635603,0.0,49979.0,159.9,49.0
1787788393.335553,0.0,49979.0,98.61,49.0
1787788393.908407,0.0,49979.0,98.61,48.0
1787788394.4609954,0.0,49979.0,89.14,48.0
1787788395.0065649,0.0,49979.0,88.1,48.0
1787788395.5690284,0.0,49979.0,88.1,48.0
1787788396.132035,0.0,49979.0,87.06,47.0
1787788396.7043223,0.0,49979.0,87.06,47.0
1787788397.2618964,0.0,49979.0,86.81,47.0
1787788397.814086,0.0,49979.0,86.81,47.0
1787788398.3728085,0.0,49979.0,85.59,47.0
1787788398.9342268,0.0,49979.0,85.59,46.0
1787788399.5176802,0.0,49979.0,86.57,46.0
1787788400.070442,0.0,49979.0,85.84,46.0
1787788400.6437898,0.0,49979.0,85.84,46.0
1787788401.211785,0.0,49979.0,84.63,45.0
1787788401.7638185,0.0,49979.0,84.63,45.0
1787788402.326476,0.0,49979.0,85.11,45.0
1787788402.8741305,0.0,49979.0,85.11,45.0
1787788403.3937807,98.0,49979.0,191.83,61.0
1787788403.9164588,90.0,49979.0,235.7,52.0
1787788404.4378095,90.0,49979.0,334.14,52.0
1787788404.9589355,90.0,49979.0,334.28,52.0
1787788405.4810138,90.0,49979.0,335.3,52.0
1787788406.0041454,90.0,49979.0,335.95,52.0
1787788406.5276237,91.0,49979.0,336.55,52.0
1787788407.0502307,90.0,49979.0,337.09,52.0
1787788407.5727293,91.0,49979.0,337.71,53.0
1787788408.0953166,87.0,49979.0,336.27,52.0
1787788408.6173644,91.0,49979.0,333.65,53.0
1787788409.1388867,90.0,49979.0,335.99,53.0
1787788409.6620696,90.0,49979.0,338.87,53.0
1787788410.1844554,90.0,49979.0,337.89,53.0
1787788410.7062848,90.0,49979.0,338.32,53.0
1787788411.2285657,89.0,49979.0,339.12,53.0
1787788411.75069,90.0,49979.0,337.61,53.0
1787788412.2728293,91.0,49979.0,338.81,53.0
1787788412.7947745,91.0,49979.0,340.69,54.0
1787788413.315725,90.0,49979.0,337.84,54.0
1787788413.8383255,91.0,49979.0,339.39,54.0
1787788414.3612385,90.0,49979.0,341.31,54.0
1787788414.884137,91.0,49979.0,339.29,54.0
1787788415.406454,90.0,49979.0,340.38,54.0
1787788415.9269292,91.0,49979.0,342.69,54.0
1787788416.4680192,91.0,49979.0,342.99,54.0
1787788416.9894545,90.0,49979.0,343.73,54.0
1787788417.5118287,90.0,49979.0,343.62,54.0
1787788418.0351338,91.0,49979.0,344.03,54.0
1787788418.5585976,90.0,49979.0,344.5,54.0
1787788419.0798163,90.0,49979.0,345.05,55.0
1787788419.6038487,91.0,49979.0,345.76,54.0
1787788420.1265872,90.0,49979.0,345.8,55.0
1787788420.6490633,91.0,49979.0,346.06,55.0
1787788421.171773,90.0,49979.0,346.22,55.0
1787788421.694067,90.0,49979.0,346.7,55.0
1787788422.2158158,90.0,49979.0,347.34,55.0
1787788422.7381196,90.0,49979.0,347.4,55.0
1787788423.2581327,89.0,49979.0,344.82,55.0
1787788423.7885604,0.0,49979.0,300.97,50.0
1787788424.3556273,0.0,49979.0,147.66,49.0
1787788424.9126692,0.0,49979.0,90.95,48.0
1787788425.4824548,0.0,49979.0,90.95,48.0
1787788426.045367,0.0,49979.0,86.62,48.0
1787788426.5919368,0.0,49979.0,86.62,47.0
1787788427.1600325,0.0,49979.0,87.05,47.0
1787788427.7223744,0.0,49979.0,86.57,47.0
1787788428.2647443,0.0,49979.0,86.57,47.0
1787788428.8219924,0.0,49979.0,85.6,46.0
1787788429.3692126,0.0,49979.0,85.6,46.0
1787788429.9523258,0.0,49979.0,85.35,46.0
1787788430.5107126,0.0,49979.0,85.35,45.0
1787788431.0787687,0.0,49979.0,86.08,45.0
1787788431.6419172,0.0,49979.0,85.99,45.0
1787788432.204582,0.0,49979.0,85.99,45.0
1787788432.777813,0.0,49979.0,86.52,45.0
1787788433.340329,0.0,49979.0,86.52,45.0
1787788433.9078379,93.0,49979.0,149.82,56.0
1787788434.4298096,90.0,49979.0,224.31,51.0
1787788434.9511397,90.0,49979.0,342.92,51.0
1787788435.4744008,90.0,49979.0,334.33,52.0
1787788435.9956927,90.0,49979.0,335.08,52.0
1787788436.5180178,90.0,49979.0,335.71,52.0
1787788437.0413888,90.0,49979.0,336.43,52.0
1787788437.562376,91.0,49979.0,336.68,52.0
1787788438.0836613,80.0,49979.0,330.79,52.0
1787788438.60502,91.0,49979.0,319.09,52.0
1787788439.1292665,90.0,49979.0,329.97,53.0
1787788439.6521974,90.0,49979.0,337.98,53.0
1787788440.1749892,88.0,49979.0,337.24,53.0
1787788440.6977735,90.0,49979.0,337.44,53.0
1787788441.2217734,89.0,49979.0,339.19,53.0
1787788441.744389,87.0,49979.0,337.75,53.0
1787788442.2662563,90.0,49979.0,336.99,53.0
1787788442.7936623,91.0,49979.0,335.89,53.0
1787788443.3563943,0.0,49979.0,189.55,47.0
1787788443.9077494,0.0,49979.0,95.47,47.0
1787788444.449334,0.0,49979.0,95.47,47.0
1787788444.9694195,94.0,49979.0,218.72,55.0
1787788445.4921293,85.0,49979.0,250.13,53.0
1787788446.0142426,90.0,49979.0,330.98,53.0
1787788446.5374897,89.0,49979.0,335.16,53.0
1787788447.0596647,90.0,49979.0,332.64,53.0
1787788447.583158,90.0,49979.0,333.52,53.0
1787788448.1051614,89.0,49979.0,335.79,53.0
1787788448.6281683,90.0,49979.0,333.83,53.0
1787788449.1498737,87.0,49979.0,335.59,53.0
1787788449.6712418,91.0,49979.0,333.87,54.0
1787788450.1948276,88.0,49979.0,332.31,54.0
1787788450.7178512,90.0,49979.0,336.99,54.0
1787788451.2404125,90.0,49979.0,340.42,54.0
1787788451.762855,87.0,49979.0,337.77,54.0
1787788452.2853875,90.0,49979.0,336.88,54.0
1787788452.808081,87.0,49979.0,334.9,54.0
1787788453.331704,88.0,49979.0,334.54,54.0
1787788453.854534,90.0,49979.0,340.01,54.0
1787788454.3771546,70.0,49979.0,331.07,53.0
1787788454.8995922,90.0,49979.0,330.1,54.0
1787788455.4227,91.0,49979.0,341.22,54.0
1787788455.945583,90.0,49979.0,342.23,55.0
1787788456.4690385,91.0,49979.0,341.06,55.0
1787788456.9909072,90.0,49979.0,341.93,55.0
1787788457.5128174,91.0,49979.0,341.83,55.0
1787788458.0346358,90.0,49979.0,339.72,55.0
1787788458.5578654,90.0,49979.0,340.53,55.0
1787788459.079906,90.0,49979.0,343.53,55.0
1787788459.6027756,88.0,49979.0,344.29,55.0
1787788460.1250494,90.0,49979.0,343.03,55.0
1787788460.647058,91.0,49979.0,345.05,55.0
1787788461.1698349,91.0,49979.0,347.62,55.0
1787788461.6931307,89.0,49979.0,345.27,55.0
1787788462.2152202,91.0,49979.0,345.61,55.0
1787788462.7359927,90.0,49979.0,347.2,55.0
1787788463.2600305,89.0,49979.0,346.65,55.0
1787788463.7814476,90.0,49979.0,345.96,55.0
1787788464.3297696,0.0,49979.0,206.9,49.0
1787788464.9018295,0.0,49979.0,96.5,49.0
1787788465.4541264,0.0,49979.0,96.5,49.0
1787788466.0219011,0.0,49979.0,87.07,48.0
1787788466.5741427,0.0,49979.0,87.07,48.0
1787788467.1421835,0.0,49979.0,88.02,47.0
1787788467.6998825,0.0,49979.0,88.02,47.0
1787788468.2632535,0.0,49979.0,87.53,47.0
1787788468.8156588,0.0,49979.0,87.53,47.0
1787788469.3835144,0.0,49979.0,87.05,47.0
1787788469.9410937,0.0,49979.0,86.57,46.0
1787788470.50434,0.0,49979.0,86.57,46.0
1787788471.0560238,0.0,49979.0,85.59,46.0
1787788471.6243763,0.0,49979.0,85.59,46.0
1787788472.1977487,0.0,49979.0,86.57,46.0
1787788472.7609746,0.0,49979.0,86.57,46.0
1787788473.3292077,0.0,49979.0,86.21,45.0
1787788473.9231246,0.0,49979.0,85.36,45.0
1787788474.4961267,93.0,49979.0,137.13,57.0
1787788475.0206182,16.0,49979.0,270.07,48.0
1787788475.543295,92.0,49979.0,400.86,53.0
1787788476.0671148,88.0,49979.0,376.73,52.0
1787788476.5901456,90.0,49979.0,334.3,52.0
1787788477.1124914,90.0,49979.0,336.09,52.0
1787788477.634413,90.0,49979.0,336.36,52.0
1787788478.1568992,87.0,49979.0,333.46,52.0
1787788478.6787858,89.0,49979.0,330.95,52.0
1787788479.199753,91.0,49979.0,334.3,53.0
1787788479.7220268,91.0,49979.0,337.83,53.0
1787788480.245207,88.0,49979.0,334.33,53.0
1787788480.7690845,91.0,49979.0,334.93,53.0
1787788481.2916162,90.0,49979.0,339.22,53.0
1787788481.8151119,87.0,49979.0,336.27,53.0
1787788482.3383956,90.0,49979.0,336.35,53.0
1787788482.8617105,90.0,49979.0,340.69,53.0
1787788483.3846235,90.0,49979.0,338.03,53.0
1787788483.908472,91.0,49979.0,337.36,54.0
1787788484.4293978,91.0,49979.0,335.74,54.0
1787788484.9516373,91.0,49979.0,336.24,54.0
1787788485.4756253,91.0,49979.0,334.28,54.0
1787788485.9983516,81.0,49979.0,330.46,54.0
1787788486.5211883,91.0,49979.0,336.63,54.0
1787788487.0435698,90.0,49979.0,342.45,54.0
1787788487.5686631,90.0,49979.0,342.53,54.0
1787788488.092073,91.0,49979.0,342.69,54.0
1787788488.6153033,90.0,49979.0,343.09,54.0
1787788489.138426,90.0,49979.0,343.79,54.0
1787788489.6667655,90.0,49979.0,329.41,55.0
1787788490.2296762,0.0,49979.0,201.86,48.0
1787788490.7975714,0.0,49979.0,98.88,48.0
1787788491.3237393,98.0,49979.0,235.01,62.0
1787788491.8473241,90.0,49979.0,318.46,54.0
1787788492.3697453,89.0,49979.0,337.2,54.0
1787788492.8925884,90.0,49979.0,337.36,54.0
1787788493.4158943,90.0,49979.0,331.39,54.0
1787788493.9383392,90.0,49979.0,328.93,54.0
1787788494.461165,90.0,49979.0,335.7,54.0
1787788494.9854124,89.0,49979.0,338.16,54.0
1787788495.5078287,90.0,49979.0,338.47,55.0
1787788496.0303886,91.0,49979.0,339.92,55.0
1787788496.5538054,90.0,49979.0,340.03,55.0
1787788497.0760276,90.0,49979.0,340.66,55.0
1787788497.600475,90.0,49979.0,340.37,55.0
1787788498.122876,91.0,49979.0,331.4,55.0
1787788498.6464314,90.0,49979.0,329.82,55.0
1787788499.169116,90.0,49979.0,339.56,55.0
1787788499.6915658,90.0,49979.0,340.89,55.0
1787788500.2139542,90.0,49979.0,341.17,55.0
1787788500.7363951,91.0,49979.0,341.86,55.0
1787788501.2602212,90.0,49979.0,342.11,55.0
1787788501.7810812,90.0,49979.0,342.89,55.0
1787788502.3042047,91.0,49979.0,343.77,55.0
1787788502.827479,90.0,49979.0,343.81,55.0
1787788503.351455,90.0,49979.0,343.73,55.0
1787788503.873946,91.0,49979.0,344.07,55.0
1787788504.3984628,90.0,49979.0,345.02,56.0
1787788504.9215965,90.0,49979.0,345.11,56.0
1787788505.4427476,91.0,49979.0,345.4,55.0
1787788505.9660118,91.0,49979.0,346.19,56.0
1787788506.4914353,90.0,49979.0,347.53,56.0
1787788507.0152256,91.0,49979.0,347.57,56.0
1787788507.5401375,91.0,49979.0,347.55,56.0
1787788508.0639343,90.0,49979.0,347.72,56.0
1787788508.5871408,91.0,49979.0,346.82,56.0
1787788509.1098936,89.0,49979.0,346.34,56.0
1787788509.6322038,89.0,49979.0,347.22,56.0
1787788510.155288,88.0,49979.0,345.95,56.0
1787788510.6772301,90.0,49979.0,345.4,56.0
1787788511.1985474,90.0,49979.0,344.86,56.0
1787788511.7216008,89.0,49979.0,348.41,56.0
1787788512.2477942,0.0,49979.0,264.62,50.0
1787788512.8039074,0.0,49979.0,112.54,49.0
1787788513.3716364,0.0,49979.0,97.24,49.0
1787788513.9076989,0.0,49979.0,86.99,49.0
1787788514.464055,0.0,49979.0,86.99,49.0
1787788515.0273354,0.0,49979.0,86.75,48.0
1787788515.5896142,0.0,49979.0,86.75,48.0
1787788516.165635,0.0,49979.0,87.48,47.0
1787788516.7336705,0.0,49979.0,87.48,47.0
1787788517.2965858,0.0,49979.0,86.75,47.0
1787788517.8589916,0.0,49979.0,86.75,47.0
1787788518.4278781,0.0,49979.0,86.02,47.0
1787788518.9803205,0.0,49979.0,86.51,46.0
1787788519.5375507,0.0,49979.0,86.51,46.0
1787788520.09467,0.0,49979.0,86.02,46.0
1787788520.6725574,0.0,49979.0,86.02,46.0
1787788521.2500567,0.0,49979.0,85.06,46.0
1787788521.8130121,0.0,49979.0,85.06,45.0
1787788522.3694415,0.0,49979.0,104.24,54.0
1787788522.8902984,82.0,49979.0,301.8,52.0
1787788523.4129636,90.0,49979.0,363.05,52.0
1787788523.9357893,90.0,49979.0,333.28,52.0
1787788524.456829,90.0,49979.0,335.39,52.0
1787788524.980386,87.0,49979.0,332.4,52.0
1787788525.5030725,90.0,49979.0,331.66,52.0
1787788526.0251422,90.0,49979.0,336.09,52.0
1787788526.5478292,90.0,49979.0,337.16,53.0
1787788527.0701396,88.0,49979.0,333.85,53.0
1787788527.5915108,91.0,49979.0,334.03,53.0
1787788528.1148186,90.0,49979.0,337.62,53.0
1787788528.637794,90.0,49979.0,332.74,53.0
1787788529.1598346,90.0,49979.0,332.77,53.0
1787788529.6825674,91.0,49979.0,338.96,53.0
1787788530.2061257,91.0,49979.0,339.37,53.0
1787788530.7298017,90.0,49979.0,340.38,54.0
1787788531.258141,0.0,49979.0,234.06,48.0
1787788531.8052835,0.0,49979.0,95.34,47.0
1787788532.3707423,0.0,49979.0,95.34,47.0
1787788532.9109175,99.0,49979.0,220.21,55.0
1787788533.4330673,90.0,49979.0,252.21,53.0
1787788533.9564304,90.0,49979.0,330.96,53.0
1787788534.4792402,90.0,49979.0,336.42,53.0
1787788535.0006886,90.0,49979.0,337.55,53.0
1787788535.5237095,91.0,49979.0,337.62,53.0
1787788536.0479686,91.0,49979.0,338.01,53.0
1787788536.5707903,90.0,49979.0,338.42,54.0
1787788537.0925658,91.0,49979.0,334.78,54.0
1787788537.616673,90.0,49979.0,338.31,54.0
1787788538.13866,88.0,49979.0,335.06,54.0
1787788538.662588,90.0,49979.0,335.62,54.0
1787788539.1840386,76.0,49979.0,333.77,54.0
1787788539.7066836,89.0,49979.0,327.29,54.0
1787788540.2279885,90.0,49979.0,334.74,54.0
1787788540.7493818,90.0,49979.0,340.57,54.0
1787788541.2721288,91.0,49979.0,338.74,54.0
1787788541.7948537,90.0,49979.0,339.05,54.0
1787788542.3182707,90.0,49979.0,340.69,54.0
1787788542.8411763,90.0,49979.0,341.08,54.0
1787788543.3633995,91.0,49979.0,341.99,54.0
1787788543.8856843,90.0,49979.0,343.11,55.0
1787788544.4079251,91.0,49979.0,343.11,55.0
1787788544.9288535,90.0,49979.0,342.8,55.0
1787788545.4487655,90.0,49979.0,342.69,55.0
1787788545.9718447,90.0,49979.0,342.58,55.0
1787788546.492654,90.0,49979.0,342.87,55.0
1787788547.015335,90.0,49979.0,343.61,55.0
1787788547.5379922,90.0,49979.0,344.87,55.0
1787788548.0595465,87.0,49979.0,344.33,55.0
1787788548.5807548,77.0,49979.0,332.37,55.0
1787788549.104777,91.0,49979.0,336.8,55.0
1787788549.6285572,91.0,49979.0,345.45,55.0
1787788550.1516128,89.0,49979.0,344.49,55.0
1787788550.6727717,90.0,49979.0,345.58,55.0
1787788551.1953034,90.0,49979.0,347.38,55.0
1787788551.7186012,90.0,49979.0,346.82,55.0
1787788552.2422452,91.0,49979.0,346.23,55.0
1787788552.7646346,90.0,49979.0,346.93,56.0
1787788553.286492,85.0,49979.0,344.86,55.0
1787788553.814602,0.0,49979.0,301.52,51.0
1787788554.3665826,0.0,49979.0,177.62,49.0
1787788554.928423,0.0,49979.0,96.07,49.0
1787788555.5066183,0.0,49979.0,96.07,49.0
1787788556.0673268,0.0,49979.0,87.5,48.0
1787788556.6344044,0.0,49979.0,87.5,48.0
1787788557.1921215,0.0,49979.0,88.45,48.0
1787788557.7601125,0.0,49979.0,87.72,47.0
1787788558.33789,0.0,49979.0,87.72,47.0
1787788558.9014332,0.0,49979.0,87.48,47.0
1787788559.4591365,0.0,49979.0,87.48,47.0
1787788560.022148,0.0,49979.0,86.75,46.0
1787788560.588811,0.0,49979.0,86.75,46.0
1787788561.156518,0.0,49979.0,87.48,46.0
1787788561.6991153,0.0,49979.0,85.26,46.0
1787788562.2652137,0.0,49979.0,85.26,46.0
1787788562.8277977,0.0,49979.0,85.15,45.0
1787788563.385616,0.0,49979.0,85.15,45.0
1787788563.9531255,0.0,49979.0,85.21,45.0
1787788564.5153208,0.0,49979.0,85.21,45.0
1787788565.0881922,91.0,49979.0,108.68,51.0
1787788565.6105587,1.0,49979.0,191.84,47.0
1787788566.1327186,90.0,49979.0,409.14,53.0
1787788566.6538801,90.0,49979.0,396.71,52.0
1787788567.176752,90.0,49979.0,334.99,52.0
1787788567.7008657,90.0,49979.0,334.89,52.0
1787788568.2223685,88.0,49979.0,332.38,52.0
1787788568.7438765,90.0,49979.0,333.03,52.0
1787788569.2672896,91.0,49979.0,335.97,52.0
1787788569.7905517,90.0,49979.0,335.39,52.0
1787788570.3124468,91.0,49979.0,334.43,53.0
1787788570.8348796,90.0,49979.0,329.73,53.0
1787788571.3572822,91.0,49979.0,331.47,53.0
1787788571.880741,83.0,49979.0,335.72,53.0
1787788572.4092553,0.0,49979.0,282.2,48.0
1787788572.9708853,0.0,49979.0,165.16,47.0
1787788573.507878,0.0,49979.0,94.66,46.0
1787788574.0295548,90.0,49979.0,288.42,53.0
1787788574.552879,90.0,49979.0,389.78,53.0
1787788575.074627,89.0,49979.0,332.98,53.0
1787788575.5971532,90.0,49979.0,335.58,53.0
1787788576.1200485,90.0,49979.0,335.34,53.0
1787788576.6415393,89.0,49979.0,335.22,53.0
1787788577.1620066,88.0,49979.0,331.39,53.0
1787788577.6841433,88.0,49979.0,330.77,53.0
1787788578.2071238,90.0,49979.0,335.74,53.0
1787788578.7297287,70.0,49979.0,324.19,53.0
1787788579.2534108,88.0,49979.0,324.5,53.0
1787788579.7756984,90.0,49979.0,338.71,54.0
1787788580.2987564,90.0,49979.0,338.97,54.0
1787788580.8202212,90.0,49979.0,339.62,54.0
1787788581.3434896,90.0,49979.0,340.5,54.0
1787788581.866262,90.0,49979.0,340.55,54.0
1787788582.3889477,90.0,49979.0,340.73,54.0
1787788582.9108126,90.0,49979.0,340.54,54.0
1787788583.4344451,75.0,49979.0,329.6,53.0
1787788583.9566891,91.0,49979.0,330.18,54.0
1787788584.4801831,91.0,49979.0,342.15,54.0
1787788585.0026567,91.0,49979.0,342.74,55.0
1787788585.525814,91.0,49979.0,343.34,55.0
1787788586.0493438,90.0,49979.0,342.87,55.0
1787788586.572237,90.0,49979.0,341.08,55.0
1787788587.0956354,90.0,49979.0,341.23,55.0
1787788587.619317,91.0,49979.0,342.85,55.0
1787788588.1406345,89.0,49979.0,341.34,55.0
1787788588.6636732,90.0,49979.0,341.03,55.0
1787788589.1867957,90.0,49979.0,345.32,55.0
1787788589.7091136,90.0,49979.0,346.99,55.0
1787788590.2317574,91.0,49979.0,339.92,55.0
1787788590.7545447,91.0,49979.0,341.83,55.0
1787788591.2790082,90.0,49979.0,348.04,55.0
1787788591.8009436,91.0,49979.0,347.32,55.0
1787788592.3295572,0.0,49979.0,237.8,49.0
1787788592.892129,0.0,49979.0,111.0,49.0
1787788593.469854,0.0,49979.0,95.69,49.0
1787788594.0524735,0.0,49979.0,87.49,48.0
1787788594.6047115,0.0,49979.0,87.49,48.0
1787788595.1570663,0.0,49979.0,86.99,47.0
1787788595.7342885,0.0,49979.0,86.99,47.0
1787788596.2953594,0.0,49979.0,86.75,47.0
1787788596.8578637,0.0,49979.0,86.75,47.0
1787788597.4207027,0.0,49979.0,88.93,46.0
1787788597.9884543,0.0,49979.0,86.99,46.0
1787788598.5464694,0.0,49979.0,86.99,46.0
1787788599.1140504,0.0,49979.0,86.51,46.0
1787788599.671149,0.0,49979.0,86.51,46.0
1787788600.2221968,0.0,49979.0,85.78,45.0
1787788600.7841628,0.0,49979.0,85.78,45.0
1787788601.3365228,96.0,49979.0,155.81,58.0
1787788601.8583007,89.0,49979.0,211.78,52.0
1787788602.3812902,90.0,49979.0,358.57,52.0
1787788602.903049,90.0,49979.0,334.93,52.0
1787788603.4260218,88.0,49979.0,334.64,52.0
1787788603.947865,91.0,49979.0,334.15,52.0
1787788604.4708502,90.0,49979.0,334.36,53.0
1787788604.9935632,86.0,49979.0,331.47,52.0
1787788605.5159392,91.0,49979.0,332.73,53.0
1787788606.0384648,82.0,49979.0,336.57,52.0
1787788606.558846,91.0,49979.0,334.18,53.0
1787788607.0813444,89.0,49979.0,334.66,53.0
1787788607.6042402,90.0,49979.0,330.03,53.0
1787788608.1281118,85.0,49979.0,323.15,53.0
1787788608.6500626,90.0,49979.0,321.95,53.0
1787788609.1732705,90.0,49979.0,330.94,53.0
1787788609.6939666,90.0,49979.0,339.66,53.0
1787788610.2155497,91.0,49979.0,340.05,54.0
1787788610.738004,91.0,49979.0,340.51,54.0
1787788611.2596805,89.0,49979.0,340.11,54.0
1787788611.7819664,89.0,49979.0,338.76,54.0
1787788612.3051586,89.0,49979.0,338.5,54.0
1787788612.8275485,89.0,49979.0,339.07,54.0
1787788613.3476834,90.0,49979.0,340.92,54.0
1787788613.8700368,89.0,49979.0,340.58,54.0
1787788614.3935056,91.0,49979.0,340.19,54.0
1787788614.9149995,90.0,49979.0,340.91,54.0
1787788615.4373133,90.0,49979.0,342.48,54.0
1787788615.958688,91.0,49979.0,334.74,54.0
1787788616.4804075,91.0,49979.0,330.57,54.0
1787788617.0083597,68.0,49979.0,290.09,50.0
1787788617.555581,0.0,49979.0,141.73,48.0
1787788618.1183507,0.0,49979.0,90.56,48.0
1787788618.6963294,0.0,49979.0,90.56,48.0
1787788619.2429307,0.0,49979.0,86.59,47.0
1787788619.8153243,0.0,49979.0,87.0,47.0
1787788620.3782096,0.0,49979.0,87.0,47.0
1787788620.94052,0.0,49979.0,86.03,46.0
1787788621.4921215,0.0,49979.0,86.03,46.0
1787788622.0541115,0.0,49979.0,85.06,46.0
1787788622.6171794,0.0,49979.0,85.06,46.0
1787788623.182093,0.0,49979.0,84.81,45.0
1787788623.7501297,0.0,49979.0,85.06,45.0
1787788624.3228745,0.0,49979.0,85.06,45.0
1787788624.8754547,98.0,49979.0,204.46,59.0
1787788625.4003296,85.0,49979.0,241.56,51.0
1787788625.9227426,90.0,49979.0,332.95,52.0
1787788626.444952,90.0,49979.0,332.37,52.0
1787788626.9676008,90.0,49979.0,335.16,52.0
1787788627.4889507,89.0,49979.0,329.43,52.0
1787788628.0116985,90.0,49979.0,329.76,52.0
1787788628.5341327,90.0,49979.0,336.35,52.0
1787788629.056633,87.0,49979.0,332.86,52.0
1787788629.5802107,90.0,49979.0,334.13,53.0
1787788630.1029682,91.0,49979.0,338.16,53.0
1787788630.6255672,81.0,49979.0,335.55,53.0
1787788631.1462102,90.0,49979.0,336.34,53.0
1787788631.6691785,88.0,49979.0,338.49,53.0
1787788632.1909986,87.0,49979.0,336.86,53.0
1787788632.7140949,90.0,49979.0,338.08,53.0
1787788633.2364175,88.0,49979.0,337.51,53.0
1787788633.7581677,91.0,49979.0,327.84,53.0
1787788634.2783148,91.0,49979.0,332.36,54.0
1787788634.8018067,91.0,49979.0,340.99,54.0
1787788635.3227558,91.0,49979.0,341.76,54.0
1787788635.845322,91.0,49979.0,341.83,54.0
1787788636.36657,91.0,49979.0,342.1,54.0
1787788636.8870249,90.0,49979.0,341.93,54.0
1787788637.4098692,90.0,49979.0,342.84,54.0
1787788637.9316332,90.0,49979.0,343.22,54.0
1787788638.4537036,90.0,49979.0,342.15,54.0
1787788638.9746466,90.0,49979.0,342.16,54.0
1787788639.496819,91.0,49979.0,343.23,55.0
1787788640.019483,91.0,49979.0,344.24,55.0
1787788640.5428429,91.0,49979.0,344.39,54.0
1787788641.0706973,0.0,49979.0,277.89,50.0
1787788641.6338024,0.0,49979.0,153.58,48.0
1787788642.1912022,0.0,49979.0,98.14,48.0
1787788642.7523887,0.0,49979.0,98.14,48.0
1787788643.3087614,0.0,49979.0,88.45,47.0
1787788643.8523338,0.0,49979.0,88.45,47.0
1787788644.3985527,0.0,49979.0,86.03,47.0
1787788644.9560127,0.0,49979.0,86.0,46.0
1787788645.5102665,0.0,49979.0,86.0,46.0
1787788646.0777366,0.0,49979.0,85.75,46.0
1787788646.6392038,0.0,49979.0,85.75,46.0
1787788647.1738725,0.0,49979.0,102.13,45.0
1787788647.6937366,34.0,49979.0,180.77,49.0
1787788648.2156146,93.0,49979.0,425.12,53.0
1787788648.7378983,89.0,49979.0,393.7,53.0
1787788649.2605782,90.0,49979.0,332.83,53.0
1787788649.7828643,90.0,49979.0,334.94,53.0
1787788650.3066418,90.0,49979.0,335.65,53.0
1787788650.8285959,90.0,49979.0,334.4,53.0
1787788651.3511405,91.0,49979.0,334.55,53.0
1787788651.8734348,90.0,49979.0,332.1,53.0
1787788652.397377,91.0,49979.0,336.03,53.0
1787788652.9201496,90.0,49979.0,338.75,53.0
1787788653.4429693,91.0,49979.0,339.23,54.0
1787788653.9651296,90.0,49979.0,340.04,54.0
1787788654.488845,90.0,49979.0,340.22,54.0
1787788655.0111392,90.0,49979.0,340.48,54.0
1787788655.534434,90.0,49979.0,340.81,54.0
1787788656.0578582,91.0,49979.0,341.11,54.0
1787788656.5812237,90.0,49979.0,340.61,54.0
1787788657.1031277,90.0,49979.0,340.89,54.0
1787788657.6254778,90.0,49979.0,341.35,54.0
1787788658.1477177,91.0,49979.0,341.48,54.0
1787788658.6702652,90.0,49979.0,342.2,54.0
1787788659.192648,90.0,49979.0,342.21,54.0
1787788659.716339,90.0,49979.0,342.65,54.0
1787788660.2385936,90.0,49979.0,343.02,55.0
1787788660.7609475,90.0,49979.0,342.38,55.0
1787788661.2845266,90.0,49979.0,342.43,55.0
1787788661.8092558,90.0,49979.0,342.49,55.0
1787788662.332129,90.0,49979.0,343.14,55.0
1787788662.8561273,90.0,49979.0,344.29,55.0
1787788663.3831408,86.0,49979.0,320.89,55.0
1787788663.9503415,0.0,49979.0,193.32,49.0
1787788664.5133197,0.0,49979.0,96.07,48.0
1787788665.0653129,98.0,49979.0,201.74,59.0
1787788665.5910375,90.0,49979.0,300.37,54.0
1787788666.115778,89.0,49979.0,337.52,54.0
1787788666.6381724,90.0,49979.0,337.07,54.0
1787788667.1622345,89.0,49979.0,337.82,55.0
1787788667.684828,90.0,49979.0,338.11,55.0
1787788668.2086055,84.0,49979.0,333.01,54.0
1787788668.7304318,90.0,49979.0,333.03,55.0
1787788669.2549791,89.0,49979.0,338.51,55.0
1787788669.7781384,90.0,49979.0,339.37,55.0
1787788670.3018596,91.0,49979.0,337.84,55.0
1787788670.8249376,90.0,49979.0,338.85,55.0
1787788671.346465,90.0,49979.0,341.4,55.0
1787788671.8695276,86.0,49979.0,338.28,55.0
1787788672.3908076,90.0,49979.0,338.99,55.0
1787788672.9142892,90.0,49979.0,342.45,55.0
1787788673.4389699,86.0,49979.0,339.89,55.0
1787788673.9619277,91.0,49979.0,340.05,55.0
1787788674.4852357,87.0,49979.0,341.24,55.0
1787788675.0091438,90.0,49979.0,340.69,55.0
1787788675.5314553,90.0,49979.0,342.26,55.0
1787788676.05491,77.0,49979.0,337.28,55.0
1787788676.578172,90.0,49979.0,336.74,55.0
1787788677.101145,90.0,49979.0,343.38,55.0
1787788677.6255596,91.0,49979.0,344.47,56.0
1787788678.1499157,86.0,49979.0,341.05,55.0
1787788678.6734023,80.0,49979.0,336.3,56.0
1787788679.197586,91.0,49979.0,336.24,56.0
1787788679.7184916,89.0,49979.0,341.65,56.0
1787788680.2414455,87.0,49979.0,341.22,56.0
1787788680.7657619,91.0,49979.0,342.02,56.0
1787788681.289912,90.0,49979.0,340.87,56.0
1787788681.813538,89.0,49979.0,340.51,56.0
1787788682.3363295,90.0,49979.0,346.74,56.0
1787788682.861914,90.0,49979.0,347.64,56.0
1787788683.3864098,86.0,49979.0,345.57,56.0
1787788683.9084039,88.0,49979.0,343.91,56.0
1787788684.4306455,90.0,49979.0,345.03,56.0
1787788684.9544003,91.0,49979.0,346.97,56.0
1787788685.47857,91.0,49979.0,348.51,56.0
1787788685.9994893,90.0,49979.0,348.19,56.0
1787788686.522388,91.0,49979.0,349.05,56.0
1787788687.0434854,90.0,49979.0,349.33,56.0
1787788687.5689743,90.0,49979.0,348.27,56.0
1787788688.090077,91.0,49979.0,348.98,56.0
1787788688.6131322,90.0,49979.0,346.45,56.0
1787788689.1421192,41.0,49979.0,331.25,53.0
1787788689.6741993,0.0,49979.0,204.74,50.0
1787788690.2367814,0.0,49979.0,99.49,50.0
1787788690.792655,0.0,49979.0,99.49,50.0
1787788691.359362,0.0,49979.0,87.96,49.0
1787788691.9116483,0.0,49979.0,87.96,49.0
1787788692.4663768,0.0,49979.0,88.45,48.0
1787788693.0066917,0.0,49979.0,88.45,48.0
1787788693.549245,0.0,49979.0,87.99,48.0
1787788694.1136034,0.0,49979.0,87.02,47.0
1787788694.661165,0.0,49979.0,87.02,47.0
1787788695.213822,0.0,49979.0,86.51,47.0
1787788695.7668185,0.0,49979.0,86.51,47.0
1787788696.3192418,0.0,49979.0,86.26,47.0
1787788696.8727865,0.0,49979.0,86.26,47.0
1787788697.4296622,0.0,49979.0,85.78,46.0
1787788698.0022,0.0,49979.0,85.78,46.0
1787788698.5580046,0.0,49979.0,85.54,46.0
1787788699.1052132,0.0,49979.0,86.02,46.0
1787788699.6626785,0.0,49979.0,86.02,46.0
1787788700.2144141,0.0,49979.0,85.54,45.0
1787788700.7775593,0.0,49979.0,85.54,45.0
1787788701.3244066,98.0,49979.0,139.16,56.0
1787788701.8474672,90.0,49979.0,213.26,52.0
1787788702.371051,90.0,49979.0,372.14,52.0
1787788702.8936484,88.0,49979.0,329.39,52.0
1787788703.416425,86.0,49979.0,326.17,52.0
1787788703.9389596,90.0,49979.0,331.27,52.0
1787788704.4620562,90.0,49979.0,335.18,52.0
1787788704.9859762,90.0,49979.0,335.5,53.0
1787788705.5106373,91.0,49979.0,336.58,53.0
1787788706.0313025,89.0,49979.0,335.72,53.0
1787788706.5565135,90.0,49979.0,333.15,53.0
1787788707.0780952,91.0,49979.0,334.9,53.0
1787788707.6007159,90.0,49979.0,338.87,53.0
1787788708.1289191,0.0,49979.0,288.29,48.0
1787788708.6762197,0.0,49979.0,165.98,47.0
1787788709.2281148,0.0,49979.0,91.87,47.0
1787788709.7466424,87.0,49979.0,257.86,54.0
1787788710.2683654,89.0,49979.0,307.77,53.0
1787788710.7900796,90.0,49979.0,331.91,53.0
1787788711.3127472,90.0,49979.0,336.17,53.0
1787788711.836639,88.0,49979.0,334.52,53.0
1787788712.360334,90.0,49979.0,334.43,53.0
1787788712.8846295,91.0,49979.0,337.08,53.0
1787788713.4076893,87.0,49979.0,333.19,53.0
1787788713.9284813,91.0,49979.0,331.4,54.0
1787788714.4503126,91.0,49979.0,338.85,54.0
1787788714.9753482,91.0,49979.0,339.89,54.0
1787788715.498612,90.0,49979.0,339.83,54.0
1787788716.0217307,90.0,49979.0,335.16,53.0
1787788716.54426,90.0,49979.0,327.7,54.0
1787788717.0669858,90.0,49979.0,331.27,54.0
1787788717.5898936,90.0,49979.0,341.37,54.0
1787788718.111434,90.0,49979.0,340.55,54.0
1787788718.6338995,91.0,49979.0,340.28,54.0
1787788719.1574676,90.0,49979.0,340.86,54.0
1787788719.6789079,90.0,49979.0,341.79,54.0
1787788720.2023587,90.0,49979.0,341.88,55.0
1787788720.7250793,90.0,49979.0,342.35,55.0
1787788721.2466948,91.0,49979.0,343.14,55.0
1787788721.7700317,89.0,49979.0,341.02,55.0
1787788722.293364,91.0,49979.0,340.36,55.0
1787788722.8152056,90.0,49979.0,342.92,55.0
1787788723.3389533,90.0,49979.0,342.57,55.0
1787788723.863298,91.0,49979.0,342.8,55.0
1787788724.3861673,90.0,49979.0,344.5,55.0
1787788724.9076931,91.0,49979.0,341.35,55.0
1787788725.4316034,91.0,49979.0,345.79,55.0
1787788725.955908,90.0,49979.0,339.17,55.0
1787788726.479007,91.0,49979.0,339.18,55.0
1787788726.9998548,91.0,49979.0,346.21,55.0
1787788727.523968,90.0,49979.0,347.05,55.0
1787788728.0477931,89.0,49979.0,345.67,55.0
1787788728.569848,69.0,49979.0,337.93,55.0
1787788729.0932357,89.0,49979.0,336.29,55.0
1787788729.6169522,90.0,49979.0,347.08,55.0
1787788730.1437056,90.0,49979.0,347.02,56.0
1787788730.6668477,90.0,49979.0,347.16,56.0
1787788731.189887,90.0,49979.0,348.34,56.0
1787788731.7121973,90.0,49979.0,348.14,56.0
1787788732.2357335,90.0,49979.0,342.62,56.0
1787788732.759019,91.0,49979.0,344.63,56.0
1787788733.279889,74.0,49979.0,343.66,56.0
1787788733.8011198,90.0,49979.0,338.18,56.0
1787788734.3246098,91.0,49979.0,349.43,56.0
1787788734.8492677,90.0,49979.0,350.32,56.0
1787788735.3727672,91.0,49979.0,350.8,56.0
1787788735.8949268,90.0,49979.0,352.24,56.0
1787788736.4187388,91.0,49979.0,351.14,56.0
1787788736.938896,90.0,49979.0,351.63,56.0
1787788737.4624865,91.0,49979.0,353.1,56.0
1787788737.9858596,91.0,49979.0,353.2,56.0
1787788738.5088181,91.0,49979.0,353.0,56.0
1787788739.0309565,91.0,49979.0,354.07,56.0
1787788739.5527284,91.0,49979.0,354.61,56.0
1787788740.0757785,90.0,49979.0,354.11,57.0
1787788740.597944,91.0,49979.0,354.58,57.0
1787788741.1198819,91.0,49979.0,354.75,56.0
1787788741.643492,91.0,49979.0,355.0,57.0
1787788742.1655238,91.0,49979.0,355.88,57.0
1787788742.6871192,91.0,49979.0,356.09,57.0
1787788743.2140584,0.0,49979.0,251.19,51.0
1787788743.7743373,0.0,49979.0,99.72,50.0
1787788744.3423223,0.0,49979.0,99.72,50.0
1787788744.8731725,0.0,49979.0,87.57,49.0
1787788745.4105232,0.0,49979.0,87.57,49.0
1787788745.9836996,0.0,49979.0,88.51,48.0
1787788746.5438626,0.0,49979.0,88.51,48.0
1787788747.0734708,0.0,49979.0,88.27,48.0
1787788747.632561,0.0,49979.0,88.27,48.0
1787788748.2104487,0.0,49979.0,87.54,48.0
1787788748.7573097,0.0,49979.0,87.29,47.0
1787788749.3093336,0.0,49979.0,87.29,47.0
1787788749.871746,0.0,49979.0,86.57,47.0
1787788750.4342134,0.0,49979.0,86.57,47.0
1787788750.991813,0.0,49979.0,85.6,46.0
1787788751.5427687,0.0,49979.0,85.6,46.0
1787788752.110452,0.0,49979.0,85.38,46.0
1787788752.65836,0.0,49979.0,85.38,46.0
1787788753.2262616,0.0,49979.0,85.38,46.0
1787788753.7781985,0.0,49979.0,84.63,45.0
1787788754.338382,0.0,49979.0,84.63,45.0
1787788754.8858314,0.0,49979.0,85.98,45.0
1787788755.4277039,0.0,49979.0,85.98,45.0
1787788755.95899,0.0,49979.0,86.51,45.0
1787788756.5033772,0.0,49979.0,86.51,45.0
1787788757.0654395,0.0,49979.0,87.54,44.0
1787788757.6225882,0.0,49979.0,87.54,44.0
1787788758.1803246,0.0,49979.0,87.0,44.0
1787788758.7366362,0.0,49979.0,86.03,44.0
1787788759.2682123,0.0,49979.0,86.03,44.0
1787788759.8251302,0.0,49979.0,85.5,44.0
1787788760.382185,0.0,49979.0,85.5,44.0
1787788760.9395263,0.0,49979.0,90.41,44.0
1787788761.4969149,0.0,49979.0,90.41,44.0
1787788762.0429761,0.0,49979.0,89.81,43.0
1787788762.6062222,0.0,49979.0,89.81,43.0
1787788763.1536138,0.0,49979.0,89.6,43.0
1787788763.721453,0.0,49979.0,89.6,43.0
1787788764.2790077,0.0,49979.0,90.35,43.0
1787788764.8262677,0.0,49979.0,89.63,43.0
1787788765.3728585,0.0,49979.0,89.63,43.0
1787788765.9359348,0.0,49979.0,89.39,43.0
1787788766.503531,0.0,49979.0,89.39,43.0
1787788767.0604782,0.0,49979.0,89.14,42.0
1787788767.5898952,99.0,49979.0,166.41,57.0
1787788768.1144433,90.0,49979.0,272.49,46.0
1787788768.634297,94.0,49979.0,351.05,52.0
1787788769.1584044,89.0,49979.0,388.71,50.0
1787788769.680904,81.0,49979.0,324.91,50.0
1787788770.2030947,89.0,49979.0,325.81,50.0
1787788770.7251358,90.0,49979.0,333.1,50.0
1787788771.2474523,65.0,49979.0,322.89,49.0
1787788771.7698038,87.0,49979.0,319.66,50.0
1787788772.2937052,91.0,49979.0,330.57,51.0
1787788772.817274,90.0,49979.0,333.84,51.0
1787788773.3391345,89.0,49979.0,328.93,51.0
1787788773.8628561,91.0,49979.0,333.47,51.0
1787788774.3855925,91.0,49979.0,336.99,51.0
1787788774.9087987,90.0,49979.0,337.1,51.0
1787788775.4317868,90.0,49979.0,335.69,51.0
1787788775.953054,90.0,49979.0,335.63,51.0
1787788776.4739156,90.0,49979.0,337.24,52.0
1787788776.996387,90.0,49979.0,336.89,52.0
1787788777.5195572,89.0,49979.0,336.3,52.0
1787788778.0423265,90.0,49979.0,337.22,52.0
1787788778.5645597,90.0,49979.0,337.06,52.0
1787788779.0875149,91.0,49979.0,337.16,52.0
1787788779.611067,90.0,49979.0,338.05,52.0
1787788780.1319437,91.0,49979.0,339.84,53.0
1787788780.6546137,90.0,49979.0,341.25,53.0
1787788781.1777143,89.0,49979.0,339.09,53.0
1787788781.701278,91.0,49979.0,338.97,53.0
1787788782.2241952,68.0,49979.0,336.25,52.0
1787788782.7472978,91.0,49979.0,336.29,53.0
1787788783.270204,78.0,49979.0,336.83,53.0
1787788783.7923577,90.0,49979.0,336.01,53.0
1787788784.314843,87.0,49979.0,340.26,53.0
1787788784.838804,91.0,49979.0,342.14,54.0
1787788785.3615327,74.0,49979.0,332.67,53.0
1787788785.8853939,91.0,49979.0,328.2,53.0
1787788786.4086986,90.0,49979.0,336.42,54.0
1787788786.9320402,90.0,49979.0,341.61,54.0
1787788787.4538894,90.0,49979.0,344.88,54.0
1787788787.978792,90.0,49979.0,345.86,54.0
1787788788.502501,89.0,49979.0,336.0,53.0
1787788789.0249627,90.0,49979.0,335.92,54.0
1787788789.5477755,86.0,49979.0,341.46,53.0
1787788790.0683925,83.0,49979.0,326.87,54.0
1787788790.5905833,90.0,49979.0,330.02,54.0
1787788791.114054,82.0,49979.0,336.81,53.0
1787788791.6376956,91.0,49979.0,341.62,54.0
1787788792.1592116,91.0,49979.0,348.53,55.0
1787788792.683918,90.0,49979.0,349.0,55.0
1787788793.2066052,85.0,49979.0,347.62,54.0
1787788793.7297451,91.0,49979.0,348.05,55.0
1787788794.2530062,91.0,49979.0,349.8,55.0
1787788794.7815995,91.0,49979.0,348.8,55.0
1787788795.3245785,0.0,49979.0,222.66,49.0
1787788795.8819249,0.0,49979.0,99.11,48.0
1787788796.4419613,0.0,49979.0,99.11,48.0
1787788797.015028,0.0,49979.0,86.56,47.0
1787788797.563195,0.0,49979.0,86.56,47.0
1787788798.1317153,0.0,49979.0,86.08,47.0
1787788798.6948764,0.0,49979.0,98.39,46.0
1787788799.218174,90.0,49979.0,228.95,54.0
1787788799.7414901,90.0,49979.0,393.07,53.0
1787788800.2639115,9.0,49979.0,342.82,52.0
1787788800.7878659,89.0,49979.0,368.5,54.0
1787788801.3113923,89.0,49979.0,365.68,54.0
1787788801.8357291,90.0,49979.0,335.51,54.0
1787788802.3585315,88.0,49979.0,336.56,54.0
1787788802.8830914,89.0,49979.0,332.16,54.0
1787788803.4055243,77.0,49979.0,320.06,53.0
1787788803.928487,90.0,49979.0,323.64,54.0
1787788804.4528337,90.0,49979.0,336.96,54.0
1787788804.9749973,86.0,49979.0,336.2,54.0
1787788805.4975557,90.0,49979.0,335.59,54.0
1787788806.018062,90.0,49979.0,339.06,54.0
1787788806.5474029,0.0,49979.0,288.3,50.0
1787788807.1097858,0.0,49979.0,136.03,48.0
1787788807.6886673,99.0,49979.0,234.68,62.0
1787788808.2119129,76.0,49979.0,353.59,54.0
1787788808.734278,90.0,49979.0,326.1,54.0
1787788809.2576842,90.0,49979.0,334.81,54.0
1787788809.7805264,87.0,49979.0,337.61,54.0
1787788810.3011508,90.0,49979.0,334.39,54.0
1787788810.8240654,90.0,49979.0,335.3,54.0
1787788811.346859,88.0,49979.0,337.95,54.0
1787788811.8682823,91.0,49979.0,338.22,55.0
1787788812.389677,88.0,49979.0,338.53,55.0
1787788812.9132922,89.0,49979.0,336.43,55.0
1787788813.437133,89.0,49979.0,336.92,55.0
1787788813.9591212,89.0,49979.0,338.68,55.0
1787788814.4819684,90.0,49979.0,339.9,55.0
1787788815.0049517,88.0,49979.0,340.77,55.0
1787788815.5272598,89.0,49979.0,339.32,55.0
1787788816.049492,88.0,49979.0,337.11,54.0
1787788816.5730364,91.0,49979.0,338.85,55.0
1787788817.096697,88.0,49979.0,340.46,55.0
1787788817.6185544,91.0,49979.0,340.24,55.0
1787788818.1413765,91.0,49979.0,342.79,55.0
1787788818.6642811,90.0,49979.0,343.36,55.0
1787788819.1867075,91.0,49979.0,343.45,55.0
1787788819.7101946,90.0,49979.0,344.73,56.0
1787788820.233624,90.0,49979.0,345.12,56.0
1787788820.7571776,90.0,49979.0,344.82,56.0
1787788821.2807848,90.0,49979.0,344.96,56.0
1787788821.8041518,90.0,49979.0,345.03,56.0
1787788822.3263597,91.0,49979.0,345.7,56.0
1787788822.8504496,91.0,49979.0,345.88,56.0
1787788823.3721485,91.0,49979.0,346.1,56.0
1787788823.8941438,90.0,49979.0,346.63,56.0
1787788824.4176626,91.0,49979.0,346.83,56.0
1787788824.9407508,88.0,49979.0,341.38,55.0
1787788825.4626904,90.0,49979.0,340.72,56.0
1787788825.9853084,90.0,49979.0,347.44,56.0
1787788826.5094647,90.0,49979.0,347.51,56.0
1787788827.03066,90.0,49979.0,346.52,56.0
1787788827.5536404,90.0,49979.0,346.81,56.0
1787788828.0765939,89.0,49979.0,348.02,56.0
1787788828.6042209,0.0,49979.0,319.28,52.0
1787788829.17258,0.0,49979.0,168.62,50.0
1787788829.7604713,0.0,49979.0,92.31,50.0
1787788830.3177266,0.0,49979.0,92.31,50.0
1787788830.880319,0.0,49979.0,88.07,49.0
1787788831.437959,0.0,49979.0,88.07,48.0
1787788832.006141,0.0,49979.0,90.46,48.0
1787788832.574788,0.0,49979.0,89.0,48.0
1787788833.1128075,0.0,49979.0,89.0,48.0
1787788833.6831408,0.0,49979.0,87.05,47.0
1787788834.252049,0.0,49979.0,87.05,47.0
1787788834.8150465,0.0,49979.0,87.06,47.0
1787788835.376611,0.0,49979.0,87.06,46.0
1787788835.9453506,0.0,49979.0,87.06,46.0
1787788836.5081415,0.0,49979.0,86.57,46.0
1787788837.0566537,0.0,49979.0,86.57,46.0
1787788837.6206205,0.0,49979.0,86.57,46.0
1787788838.1944594,0.0,49979.0,86.57,46.0
1787788838.7676175,0.0,49979.0,86.08,45.0
1787788839.3199341,0.0,49979.0,86.08,45.0
1787788839.8909566,0.0,49979.0,86.57,45.0
1787788840.4535134,0.0,49979.0,86.57,45.0
1787788841.0061553,98.0,49979.0,180.36,56.0
1787788841.5324829,88.0,49979.0,346.01,51.0
1787788842.061003,90.0,49979.0,331.29,52.0
1787788842.618692,0.0,49979.0,189.55,46.0
1787788843.1422074,88.0,49979.0,266.61,52.0
1787788843.6664433,98.0,49979.0,399.97,60.0
1787788844.187997,89.0,49979.0,366.99,53.0
1787788844.7110775,90.0,49979.0,337.12,52.0
1787788845.2344537,90.0,49979.0,331.61,53.0
1787788845.7586,90.0,49979.0,334.6,53.0
1787788846.2817576,90.0,49979.0,326.61,52.0
1787788846.8029892,91.0,49979.0,314.26,53.0
1787788847.3239336,90.0,49979.0,326.7,53.0
1787788847.8486216,87.0,49979.0,336.93,53.0
1787788848.3709137,89.0,49979.0,336.49,53.0
1787788848.8936062,91.0,49979.0,337.59,53.0
1787788849.4224148,0.0,49979.0,235.39,47.0
1787788849.9948792,0.0,49979.0,114.06,47.0
1787788850.5177636,89.0,49979.0,295.92,53.0
1787788851.0413532,90.0,49979.0,385.54,53.0
1787788851.564709,88.0,49979.0,334.14,53.0
1787788852.0876539,90.0,49979.0,334.26,53.0
1787788852.6113055,90.0,49979.0,336.65,53.0
1787788853.1339881,88.0,49979.0,332.76,53.0
1787788853.6551378,86.0,49979.0,321.45,53.0
1787788854.1788964,90.0,49979.0,325.33,53.0
1787788854.7008133,67.0,49979.0,327.9,52.0
1787788855.2239141,91.0,49979.0,329.82,54.0
1787788855.7476017,90.0,49979.0,333.05,53.0
1787788856.2697396,88.0,49979.0,323.6,54.0
1787788856.792659,89.0,49979.0,329.16,54.0
1787788857.3180337,90.0,49979.0,337.84,54.0
1787788857.8419635,91.0,49979.0,339.78,54.0
1787788858.3652914,90.0,49979.0,340.74,54.0
1787788858.888201,90.0,49979.0,340.26,54.0
1787788859.412034,89.0,49979.0,340.58,54.0
1787788859.9343314,91.0,49979.0,341.43,54.0
1787788860.4577982,90.0,49979.0,342.06,54.0
1787788860.9812732,91.0,49979.0,343.03,55.0
1787788861.503643,90.0,49979.0,343.82,55.0
1787788862.0273316,90.0,49979.0,343.72,55.0
1787788862.5486941,91.0,49979.0,343.63,55.0
1787788863.0710025,91.0,49979.0,344.0,55.0
1787788863.5925605,91.0,49979.0,343.73,55.0
1787788864.1164129,91.0,49979.0,344.41,55.0
1787788864.6389992,90.0,49979.0,344.87,55.0
1787788865.1622274,91.0,49979.0,344.77,55.0
1787788865.682702,91.0,49979.0,345.46,55.0
1787788866.205841,91.0,49979.0,345.76,55.0
1787788866.727681,91.0,49979.0,346.05,55.0
1787788867.2485104,91.0,49979.0,346.88,55.0
1787788867.7693753,91.0,49979.0,346.82,55.0
1787788868.2950757,88.0,49979.0,345.22,55.0
1787788868.8169963,90.0,49979.0,331.2,55.0
1787788869.3395836,85.0,49979.0,332.27,55.0
1787788869.8624456,90.0,49979.0,333.12,55.0
1787788870.385684,91.0,49979.0,338.1,55.0
1787788870.9086778,90.0,49979.0,347.06,56.0
1787788871.435707,0.0,49979.0,304.24,51.0
1787788871.97258,0.0,49979.0,177.92,49.0
1787788872.530178,0.0,49979.0,100.37,49.0
1787788873.0778706,0.0,49979.0,100.37,49.0
1787788873.6401935,0.0,49979.0,87.07,48.0
1787788874.208434,0.0,49979.0,87.07,48.0
1787788874.766209,0.0,49979.0,86.56,48.0
1787788875.3345985,0.0,49979.0,86.57,47.0
1787788875.906945,0.0,49979.0,86.57,47.0
1787788876.4650517,0.0,49979.0,86.08,47.0
1787788877.0225737,0.0,49979.0,86.08,47.0
1787788877.5754175,0.0,49979.0,86.08,46.0
1787788878.1534686,0.0,49979.0,86.08,46.0
1787788878.712036,0.0,49979.0,85.84,46.0
1787788879.2796314,0.0,49979.0,85.84,46.0
1787788879.8260324,0.0,49979.0,85.11,46.0
1787788880.385003,0.0,49979.0,84.63,45.0
1787788880.929757,0.0,49979.0,84.63,45.0
1787788881.4769006,0.0,49979.0,84.87,45.0
1787788882.023021,0.0,49979.0,84.87,45.0
1787788882.5551364,0.0,49979.0,85.09,45.0
1787788883.1168122,0.0,49979.0,85.09,45.0
1787788883.6889925,0.0,49979.0,84.52,44.0
1787788884.2460194,0.0,49979.0,84.52,44.0
1787788884.7831578,98.0,49979.0,180.56,59.0
1787788885.3069215,90.0,49979.0,219.29,51.0
1787788885.8296845,90.0,49979.0,325.42,51.0
1787788886.3524363,90.0,49979.0,330.65,51.0
1787788886.8748643,81.0,49979.0,330.72,51.0
1787788887.397638,90.0,49979.0,328.37,52.0
1787788887.9185908,91.0,49979.0,332.89,52.0
1787788888.4412968,90.0,49979.0,336.48,52.0
1787788888.9644418,91.0,49979.0,336.64,52.0
1787788889.4893029,90.0,49979.0,337.16,52.0
1787788890.012876,91.0,49979.0,337.97,52.0
1787788890.5349066,90.0,49979.0,338.36,52.0
1787788891.058498,90.0,49979.0,338.57,53.0
1787788891.5808995,90.0,49979.0,338.86,53.0
1787788892.1021307,91.0,49979.0,339.45,53.0
1787788892.6237533,90.0,49979.0,340.0,53.0
1787788893.1476002,87.0,49979.0,338.12,53.0
1787788893.6704361,91.0,49979.0,334.07,53.0
1787788894.1932242,90.0,49979.0,335.86,53.0
1787788894.716362,86.0,49979.0,338.89,53.0
1787788895.2380445,90.0,49979.0,335.01,53.0
1787788895.759933,90.0,49979.0,338.76,53.0
1787788896.2822354,91.0,49979.0,340.26,53.0
1787788896.8055587,80.0,49979.0,333.53,53.0
1787788897.3293095,91.0,49979.0,334.14,54.0
1787788897.8538895,89.0,49979.0,342.13,54.0
1787788898.3776572,89.0,49979.0,337.12,54.0
1787788898.9008117,91.0,49979.0,336.48,54.0
1787788899.4246833,91.0,49979.0,341.61,54.0
1787788899.9493294,90.0,49979.0,343.42,54.0
1787788900.4747305,91.0,49979.0,344.22,54.0
1787788900.9986348,91.0,49979.0,344.59,54.0
1787788901.5212662,90.0,49979.0,345.15,54.0
1787788902.0440068,90.0,49979.0,346.04,54.0
1787788902.5670943,90.0,49979.0,345.94,54.0
1787788903.0901995,90.0,49979.0,345.92,55.0
1787788903.6120474,91.0,49979.0,346.08,55.0
1787788904.13459,90.0,49979.0,347.13,55.0
1787788904.659957,90.0,49979.0,347.17,55.0
1787788905.1806536,91.0,49979.0,346.8,55.0
1787788905.7047756,90.0,49979.0,347.29,55.0
1787788906.2336307,0.0,49979.0,249.8,49.0
1787788906.7965987,0.0,49979.0,124.56,48.0
1787788907.359274,0.0,49979.0,94.06,48.0
1787788907.9371984,0.0,49979.0,86.56,47.0
1787788908.4889874,0.0,49979.0,86.56,47.0
1787788909.0302176,0.0,49979.0,86.32,47.0
1787788909.576996,0.0,49979.0,86.32,47.0
1787788910.1187162,0.0,49979.0,85.84,47.0
1787788910.6657252,0.0,49979.0,85.84,47.0
1787788911.2287369,0.0,49979.0,85.11,46.0
1787788911.7902942,0.0,49979.0,85.11,46.0
1787788912.353621,0.0,49979.0,86.56,46.0
1787788912.9192047,0.0,49979.0,86.08,45.0
1787788913.4801428,0.0,49979.0,86.08,45.0
1787788914.0319774,0.0,49979.0,85.11,45.0
1787788914.5998693,0.0,49979.0,85.11,45.0
1787788915.1517081,0.0,49979.0,84.57,45.0
1787788915.6831567,0.0,49979.0,84.57,45.0
1787788916.2254057,0.0,49979.0,85.99,44.0
1787788916.775021,0.0,49979.0,85.99,44.0
1787788917.3431258,0.0,49979.0,85.99,44.0
1787788917.901045,98.0,49979.0,203.43,57.0
1787788918.424336,83.0,49979.0,249.35,51.0
1787788918.9474978,90.0,49979.0,327.78,51.0
1787788919.4724247,90.0,49979.0,332.11,51.0
1787788919.9963346,82.0,49979.0,325.4,51.0
1787788920.5179734,90.0,49979.0,326.74,51.0
1787788921.0415685,90.0,49979.0,335.68,52.0
1787788921.5651312,90.0,49979.0,334.72,52.0
1787788922.0875263,90.0,49979.0,332.16,52.0
1787788922.61198,90.0,49979.0,334.45,52.0
1787788923.1348076,91.0,49979.0,337.48,52.0
1787788923.658746,74.0,49979.0,326.51,51.0
1787788924.1810486,90.0,49979.0,327.92,52.0
1787788924.7017267,79.0,49979.0,327.06,51.0
1787788925.2249568,78.0,49979.0,324.5,52.0
1787788925.747346,90.0,49979.0,335.92,53.0
1787788926.2713027,89.0,49979.0,334.13,53.0
1787788926.7935302,90.0,49979.0,331.1,53.0
1787788927.3176465,90.0,49979.0,337.26,53.0
1787788927.8400471,91.0,49979.0,340.41,53.0
1787788928.3639398,91.0,49979.0,341.18,53.0
1787788928.8866467,90.0,49979.0,341.58,53.0
1787788929.4101374,90.0,49979.0,341.27,53.0
1787788929.9316401,91.0,49979.0,341.59,53.0
1787788930.4576092,0.0,49979.0,231.55,48.0
1787788931.0249493,0.0,49979.0,106.69,47.0
1787788931.5829842,0.0,49979.0,91.65,47.0
1787788932.1405284,0.0,49979.0,86.12,46.0
1787788932.717873,0.0,49979.0,86.12,46.0
1787788933.2364774,99.0,49979.0,228.18,55.0
1787788933.7587638,90.0,49979.0,396.7,53.0
1787788934.28087,89.0,49979.0,334.39,53.0
1787788934.8039243,90.0,49979.0,334.86,53.0
1787788935.3260713,90.0,49979.0,333.27,53.0
1787788935.8488085,90.0,49979.0,333.58,53.0
1787788936.3701339,89.0,49979.0,336.52,53.0
1787788936.891756,90.0,49979.0,331.3,53.0
1787788937.415165,90.0,49979.0,331.96,53.0
1787788937.9366798,91.0,49979.0,338.91,53.0
1787788938.4604213,88.0,49979.0,332.28,53.0
1787788938.981984,90.0,49979.0,332.12,54.0
1787788939.5046031,90.0,49979.0,338.11,54.0
1787788940.0268273,90.0,49979.0,336.0,54.0
1787788940.5503132,90.0,49979.0,337.35,54.0
1787788941.0736437,83.0,49979.0,332.25,53.0
1787788941.5978246,90.0,49979.0,330.84,54.0
1787788942.1215634,90.0,49979.0,338.38,54.0
1787788942.6447084,90.0,49979.0,340.36,54.0
1787788943.1690094,90.0,49979.0,340.31,54.0
1787788943.693369,90.0,49979.0,340.81,54.0
1787788944.2174308,90.0,49979.0,341.9,54.0
1787788944.740728,90.0,49979.0,342.47,54.0
1787788945.2646754,90.0,49979.0,341.46,55.0
1787788945.7889512,89.0,49979.0,341.49,55.0
1787788946.3124738,90.0,49979.0,342.23,55.0
1787788946.8366597,90.0,49979.0,342.98,55.0
1787788947.3617165,90.0,49979.0,343.2,55.0
1787788947.8867247,90.0,49979.0,342.92,55.0
1787788948.4095564,87.0,49979.0,340.74,55.0
1787788948.932376,90.0,49979.0,340.93,55.0
1787788949.4570374,89.0,49979.0,344.18,55.0
1787788949.9819446,86.0,49979.0,340.4,55.0
1787788950.5048435,90.0,49979.0,340.6,55.0
1787788951.0273876,90.0,49979.0,345.32,55.0
1787788951.5500636,89.0,49979.0,345.75,55.0
1787788952.07363,90.0,49979.0,345.87,55.0
1787788952.5976372,90.0,49979.0,347.0,55.0
1787788953.1275964,87.0,49979.0,345.12,55.0
1787788953.6853056,0.0,49979.0,201.4,49.0
1787788954.2375686,0.0,49979.0,97.54,49.0
1787788954.794592,0.0,49979.0,97.54,49.0
1787788955.3523571,0.0,49979.0,88.51,48.0
1787788955.9171674,0.0,49979.0,88.51,48.0
1787788956.4804053,0.0,49979.0,88.02,48.0
1787788957.048648,0.0,49979.0,88.02,48.0
1787788957.612193,0.0,49979.0,87.54,47.0
1787788958.175862,0.0,49979.0,87.05,47.0
1787788958.7444763,0.0,49979.0,87.05,47.0
1787788959.3051558,0.0,49979.0,86.32,46.0
1787788959.8581283,0.0,49979.0,86.32,46.0
1787788960.4200323,0.0,49979.0,85.59,46.0
1787788960.9774795,0.0,49979.0,85.59,46.0
1787788961.5457768,0.0,49979.0,87.05,46.0
1787788962.1089945,0.0,49979.0,87.05,46.0
1787788962.682924,0.0,49979.0,86.32,45.0
1787788963.2251334,0.0,49979.0,85.3,45.0
1787788963.7431917,90.0,49979.0,184.48,60.0
1787788964.2668447,87.0,49979.0,344.41,52.0
1787788964.7909787,89.0,49979.0,328.24,52.0
1787788965.3144424,90.0,49979.0,330.35,52.0
1787788965.837964,90.0,49979.0,335.08,52.0
1787788966.360131,89.0,49979.0,335.43,52.0
1787788966.8808498,90.0,49979.0,336.24,52.0
1787788967.4031188,90.0,49979.0,337.03,53.0
1787788967.926351,90.0,49979.0,336.6,53.0
1787788968.4483535,91.0,49979.0,333.43,53.0
1787788968.9708817,90.0,49979.0,334.21,53.0
1787788969.4958975,90.0,49979.0,338.59,53.0
1787788970.0196304,88.0,49979.0,335.86,53.0
1787788970.5406826,90.0,49979.0,323.42,52.0
1787788971.0629432,91.0,49979.0,326.18,53.0
1787788971.585147,91.0,49979.0,333.9,53.0
1787788972.107288,91.0,49979.0,333.46,53.0
1787788972.6303008,91.0,49979.0,339.8,54.0
1787788973.153567,85.0,49979.0,338.22,53.0
1787788973.6758006,87.0,49979.0,335.82,53.0
1787788974.198265,91.0,49979.0,336.0,54.0
1787788974.7224805,77.0,49979.0,336.69,53.0
1787788975.2447803,80.0,49979.0,330.08,54.0
1787788975.767155,90.0,49979.0,334.18,54.0
1787788976.2894104,87.0,49979.0,340.54,54.0
1787788976.8111937,90.0,49979.0,336.07,54.0
1787788977.332752,91.0,49979.0,338.06,54.0
1787788977.8662467,91.0,49979.0,342.64,54.0
1787788978.3878882,78.0,49979.0,333.17,54.0
1787788978.9095094,91.0,49979.0,334.76,54.0
1787788979.4325454,76.0,49979.0,338.39,54.0
1787788979.9532874,90.0,49979.0,332.68,54.0
1787788980.4760382,85.0,49979.0,336.33,55.0
1787788980.996126,91.0,49979.0,344.41,54.0
1787788981.5165741,88.0,49979.0,336.83,55.0
1787788982.0367308,79.0,49979.0,329.83,54.0
1787788982.5594676,90.0,49979.0,339.87,55.0
1787788983.0837862,90.0,49979.0,345.7,55.0
1787788983.6067944,90.0,49979.0,346.71,55.0
1787788984.1303537,90.0,49979.0,347.2,55.0
1787788984.6547313,90.0,49979.0,347.41,55.0
1787788985.1778338,90.0,49979.0,347.57,55.0
1787788985.7001314,90.0,49979.0,347.43,55.0
1787788986.223028,90.0,49979.0,348.1,55.0
1787788986.7446654,91.0,49979.0,349.25,55.0
1787788987.266437,90.0,49979.0,346.52,55.0
1787788987.7898018,90.0,49979.0,345.9,56.0
1787788988.3136725,91.0,49979.0,346.89,56.0
1787788988.8373508,91.0,49979.0,350.61,56.0
1787788989.360677,91.0,49979.0,351.09,56.0
1787788989.8862674,90.0,49979.0,350.06,56.0
1787788990.4087741,90.0,49979.0,352.51,56.0
1787788990.9288483,91.0,49979.0,352.14,56.0
1787788991.451545,91.0,49979.0,352.3,56.0
1787788991.9748662,91.0,49979.0,352.7,56.0
1787788992.4973266,91.0,49979.0,352.36,56.0
1787788993.019207,91.0,49979.0,352.39,56.0
1787788993.5431497,91.0,49979.0,352.24,56.0
1787788994.066127,91.0,49979.0,352.86,56.0
1787788994.588649,91.0,49979.0,351.37,56.0
1787788995.1107578,89.0,49979.0,345.85,56.0
1787788995.6326754,91.0,49979.0,349.43,56.0
1787788996.155318,91.0,49979.0,354.6,56.0
1787788996.6788893,91.0,49979.0,355.5,56.0
1787788997.2074115,0.0,49979.0,289.23,51.0
1787788997.7780426,0.0,49979.0,156.38,50.0
1787788998.3354404,0.0,49979.0,97.95,50.0
1787788998.8829389,0.0,49979.0,97.95,50.0
1787788999.4353929,0.0,49979.0,88.04,49.0
1787788999.9950175,0.0,49979.0,88.04,48.0
1787789000.526816,0.0,49979.0,87.54,48.0
1787789001.0736792,0.0,49979.0,87.3,48.0
1787789001.610691,0.0,49979.0,87.3,48.0
1787789002.1750202,0.0,49979.0,87.06,47.0
1787789002.7277102,0.0,49979.0,87.06,47.0
1787789003.2846024,0.0,49979.0,86.57,47.0
1787789003.8361304,0.0,49979.0,86.57,47.0
1787789004.4040294,0.0,49979.0,85.84,47.0
1787789004.9718118,0.0,49979.0,85.84,46.0
1787789005.5292416,0.0,49979.0,85.6,46.0
1787789006.09235,0.0,49979.0,85.11,46.0
1787789006.6394277,0.0,49979.0,85.11,46.0
1787789007.202257,0.0,49979.0,85.11,46.0
1787789007.769266,0.0,49979.0,85.11,46.0
1787789008.3273609,0.0,49979.0,85.5,45.0
1787789008.8855577,0.0,49979.0,85.5,45.0
1787789009.4485834,0.0,49979.0,85.79,45.0
1787789010.016596,0.0,49979.0,85.21,45.0
1787789010.572572,0.0,49979.0,85.21,45.0
1787789011.132868,0.0,49979.0,84.36,44.0
1787789011.70122,0.0,49979.0,84.36,44.0
1787789012.258703,0.0,49979.0,86.96,44.0
1787789012.837049,0.0,49979.0,86.96,44.0
1787789013.3931472,0.0,49979.0,86.5,44.0
1787789013.9446685,0.0,49979.0,86.5,44.0
1787789014.4672148,95.0,49979.0,208.12,51.0
1787789014.9919522,85.0,49979.0,237.12,50.0
1787789015.5144665,87.0,49979.0,325.54,50.0
1787789016.0380635,88.0,49979.0,329.24,51.0
1787789016.5671375,86.0,49979.0,328.64,51.0
1787789017.0887208,84.0,49979.0,322.93,51.0
1787789017.6139343,88.0,49979.0,327.35,51.0
1787789018.1380465,89.0,49979.0,331.26,51.0
1787789018.6599722,87.0,49979.0,320.14,51.0
1787789019.1834245,86.0,49979.0,314.81,51.0
1787789019.7066498,89.0,49979.0,327.65,52.0
1787789020.2316968,88.0,49979.0,334.59,52.0
1787789020.7544272,88.0,49979.0,334.58,52.0
1787789021.277561,90.0,49979.0,332.92,52.0
1787789021.8007662,90.0,49979.0,334.57,52.0
1787789022.3232374,90.0,49979.0,337.51,53.0
1787789022.8474727,90.0,49979.0,337.34,53.0
1787789023.3711386,90.0,49979.0,334.26,53.0
1787789023.890812,90.0,49979.0,335.61,53.0
1787789024.4149568,90.0,49979.0,338.32,53.0
1787789024.9392178,90.0,49979.0,338.71,53.0
1787789025.462309,91.0,49979.0,341.0,53.0
1787789025.9827971,91.0,49979.0,342.39,53.0
1787789026.505796,90.0,49979.0,342.21,53.0
1787789027.0266695,90.0,49979.0,341.98,54.0
1787789027.5504708,90.0,49979.0,342.83,54.0
1787789028.0733519,91.0,49979.0,342.93,54.0
1787789028.5961342,90.0,49979.0,342.7,54.0
1787789029.1199667,91.0,49979.0,343.4,54.0
1787789029.6428714,91.0,49979.0,344.44,54.0
1787789030.1654184,90.0,49979.0,344.77,54.0
1787789030.6874146,90.0,49979.0,344.89,54.0
1787789031.2096417,91.0,49979.0,345.15,54.0
1787789031.7325838,90.0,49979.0,345.52,54.0
1787789032.2552295,91.0,49979.0,345.88,54.0
1787789032.7796035,90.0,49979.0,345.98,54.0
1787789033.3070357,0.0,49979.0,288.53,49.0
1787789033.8749833,0.0,49979.0,162.24,48.0
1787789034.4212105,0.0,49979.0,96.54,48.0
1787789034.9691772,0.0,49979.0,96.54,48.0
1787789035.5419757,0.0,49979.0,87.05,47.0
1787789036.1047578,0.0,49979.0,87.53,47.0
1787789036.6829429,0.0,49979.0,87.53,47.0
1787789037.2499864,0.0,49979.0,86.81,46.0
1787789037.8178806,0.0,49979.0,86.81,46.0
1787789038.375626,0.0,49979.0,86.56,46.0
1787789038.9227648,0.0,49979.0,86.56,46.0
1787789039.4909341,0.0,49979.0,86.08,46.0
1787789040.0535808,0.0,49979.0,86.08,45.0
1787789040.6164222,0.0,49979.0,86.08,45.0
1787789041.1793137,0.0,49979.0,85.55,45.0
1787789041.7527094,0.0,49979.0,85.55,45.0
1787789042.313125,0.0,49979.0,85.77,45.0
1787789042.8761313,94.0,49979.0,132.53,56.0
1787789043.3975976,89.0,49979.0,274.54,51.0
1787789043.9199584,90.0,49979.0,362.43,51.0
1787789044.4427724,90.0,49979.0,334.24,52.0
1787789044.9646287,87.0,49979.0,332.39,51.0
1787789045.4878151,89.0,49979.0,332.98,52.0
1787789046.010553,90.0,49979.0,336.01,52.0
1787789046.5329285,88.0,49979.0,335.41,52.0
1787789047.053305,90.0,49979.0,332.39,52.0
1787789047.576017,91.0,49979.0,333.93,52.0
1787789048.0981398,86.0,49979.0,334.6,52.0
1787789048.621629,90.0,49979.0,333.64,53.0
1787789049.1449475,89.0,49979.0,337.77,53.0
1787789049.6675131,88.0,49979.0,336.82,53.0
1787789050.1897054,90.0,49979.0,337.57,53.0
1787789050.710296,90.0,49979.0,340.06,53.0
1787789051.2333353,90.0,49979.0,336.81,53.0
1787789051.7567794,90.0,49979.0,337.08,53.0
1787789052.2794366,90.0,49979.0,340.24,53.0
1787789052.8039162,91.0,49979.0,340.55,53.0
1787789053.327528,91.0,49979.0,341.23,54.0
1787789053.8509676,91.0,49979.0,342.09,54.0
1787789054.374815,90.0,49979.0,341.95,54.0
1787789054.8970165,90.0,49979.0,342.38,54.0
1787789055.4193313,91.0,49979.0,343.03,54.0
1787789055.9423795,90.0,49979.0,343.22,54.0
1787789056.4652715,91.0,49979.0,342.97,54.0
1787789056.9889112,90.0,49979.0,343.26,54.0
1787789057.5128064,90.0,49979.0,344.22,54.0
1787789058.0362086,91.0,49979.0,344.99,54.0
1787789058.5591593,90.0,49979.0,345.77,54.0
1787789059.0835717,90.0,49979.0,346.69,55.0
1787789059.6084352,91.0,49979.0,346.92,55.0
1787789060.1303139,91.0,49979.0,347.45,55.0
1787789060.655773,91.0,49979.0,346.92,55.0
1787789061.177903,90.0,49979.0,346.5,55.0
1787789061.7032115,91.0,49979.0,347.18,55.0
1787789062.225977,89.0,49979.0,347.46,55.0
1787789062.7507148,90.0,49979.0,347.64,55.0
1787789063.274883,90.0,49979.0,347.64,55.0
1787789063.800002,90.0,49979.0,347.77,55.0
1787789064.3241553,91.0,49979.0,348.02,55.0
1787789064.8489623,90.0,49979.0,349.16,55.0
1787789065.3734415,91.0,49979.0,349.82,56.0
1787789065.897581,91.0,49979.0,349.84,56.0
1787789066.422264,91.0,49979.0,350.48,56.0
1787789066.9461658,91.0,49979.0,350.63,56.0
1787789067.4710531,89.0,49979.0,350.33,56.0
1787789067.9958587,90.0,49979.0,350.42,56.0
1787789068.5194497,91.0,49979.0,350.71,56.0
1787789069.0421498,91.0,49979.0,351.45,56.0
1787789069.567517,91.0,49979.0,352.62,56.0
1787789070.091765,90.0,49979.0,352.36,56.0
1787789070.6148937,91.0,49979.0,352.21,56.0
1787789071.1374922,91.0,49979.0,353.17,56.0
1787789071.6606474,91.0,49979.0,352.84,56.0
1787789072.1844285,91.0,49979.0,352.75,56.0
1787789072.7075522,91.0,49979.0,353.79,56.0
1787789073.2313457,91.0,49979.0,353.72,56.0
1787789073.7535837,91.0,49979.0,353.73,56.0
1787789074.276279,91.0,49979.0,354.9,56.0
1787789074.7999725,91.0,49979.0,355.62,57.0
1787789075.3234403,91.0,49979.0,355.81,57.0
1787789075.8507063,90.0,49979.0,341.32,57.0
1787789076.403212,0.0,49979.0,212.16,50.0
1787789076.9658365,0.0,49979.0,91.92,50.0
1787789077.508142,0.0,49979.0,91.92,50.0
1787789078.0683215,0.0,49979.0,88.51,49.0
1787789078.62507,0.0,49979.0,88.51,49.0
1787789079.1830697,0.0,49979.0,88.02,48.0
1787789079.7510133,0.0,49979.0,88.02,48.0
1787789080.2917447,0.0,49979.0,89.0,48.0
1787789080.863295,0.0,49979.0,88.27,47.0
1787789081.4154859,0.0,49979.0,88.27,47.0
1787789081.9835725,0.0,49979.0,88.02,47.0
1787789082.5461228,0.0,49979.0,88.02,47.0
1787789083.119268,0.0,49979.0,87.53,47.0
1787789083.676414,0.0,49979.0,87.53,47.0
1787789084.23643,0.0,49979.0,86.56,46.0
1787789084.787823,0.0,49979.0,86.56,46.0
1787789085.3502314,0.0,49979.0,86.56,46.0
1787789085.9175255,0.0,49979.0,86.03,46.0
1787789086.4799654,0.0,49979.0,86.03,46.0
1787789087.0370638,0.0,49979.0,85.59,45.0
1787789087.6055007,0.0,49979.0,85.59,45.0
1787789088.1633265,0.0,49979.0,85.01,45.0
1787789088.7268806,0.0,49979.0,85.01,45.0
1787789089.2950618,0.0,49979.0,85.29,45.0
1787789089.8530216,0.0,49979.0,85.36,44.0
1787789090.419584,0.0,49979.0,85.36,44.0
1787789090.983131,0.0,49979.0,86.09,44.0
1787789091.566871,0.0,49979.0,86.09,44.0
1787789092.1398952,0.0,49979.0,86.33,44.0
1787789092.6965184,0.0,49979.0,86.33,44.0
1787789093.2487807,0.0,49979.0,86.57,44.0
1787789093.7690222,94.0,49979.0,170.79,53.0
1787789094.2922552,90.0,49979.0,283.17,50.0
1787789094.814739,87.0,49979.0,327.9,50.0
1787789095.3373518,90.0,49979.0,327.71,51.0
1787789095.860516,90.0,49979.0,332.92,51.0
1787789096.3849869,90.0,49979.0,333.03,51.0
1787789096.9082158,79.0,49979.0,318.03,50.0
1787789097.4308853,90.0,49979.0,313.2,51.0
1787789097.9540598,90.0,49979.0,320.28,51.0
1787789098.4776237,89.0,49979.0,326.22,52.0
1787789099.0003512,90.0,49979.0,333.91,52.0
1787789099.5251555,89.0,49979.0,335.01,52.0
1787789100.0485766,89.0,49979.0,333.98,52.0
1787789100.572119,89.0,49979.0,322.77,52.0
1787789101.097544,90.0,49979.0,318.11,52.0
1787789101.6226332,90.0,49979.0,331.05,52.0
1787789102.1449175,80.0,49979.0,325.85,52.0
1787789102.6681347,90.0,49979.0,325.47,53.0
1787789103.191129,90.0,49979.0,338.05,53.0
1787789103.7185328,90.0,49979.0,324.5,53.0
1787789104.291367,0.0,49979.0,177.65,47.0
1787789104.8595297,0.0,49979.0,93.73,46.0
1787789105.4121976,0.0,49979.0,93.73,46.0
1787789105.9750354,0.0,49979.0,86.28,46.0
1787789106.5234795,0.0,49979.0,125.17,54.0
1787789107.0462115,89.0,49979.0,262.35,52.0
1787789107.569427,90.0,49979.0,354.14,52.0
1787789108.0928473,82.0,49979.0,324.01,52.0
1787789108.6182995,88.0,49979.0,317.62,52.0
1787789109.1397579,76.0,49979.0,320.18,52.0
1787789109.6609373,90.0,49979.0,328.51,53.0
1787789110.1832602,88.0,49979.0,334.24,53.0
1787789110.7058513,91.0,49979.0,335.15,53.0
1787789111.2275164,90.0,49979.0,338.55,53.0
1787789111.7510114,91.0,49979.0,338.78,53.0
1787789112.273054,90.0,49979.0,338.56,53.0
1787789112.7963424,90.0,49979.0,338.65,53.0
1787789113.3196895,90.0,49979.0,338.52,53.0
1787789113.8436255,90.0,49979.0,337.71,53.0
1787789114.366571,90.0,49979.0,339.14,54.0
1787789114.8897681,90.0,49979.0,339.38,54.0
1787789115.4132164,90.0,49979.0,338.67,54.0
1787789115.9364529,91.0,49979.0,340.23,54.0
1787789116.4601908,91.0,49979.0,339.56,54.0
1787789116.9825594,90.0,49979.0,341.06,54.0
1787789117.5071218,91.0,49979.0,341.78,54.0
1787789118.030088,90.0,49979.0,342.46,54.0
1787789118.553469,89.0,49979.0,342.35,54.0
1787789119.076691,91.0,49979.0,341.74,54.0
1787789119.60214,90.0,49979.0,341.68,55.0
1787789120.1256986,90.0,49979.0,342.5,54.0
1787789120.6481297,90.0,49979.0,343.08,54.0
1787789121.1723325,90.0,49979.0,338.57,54.0
1787789121.6973739,90.0,49979.0,339.63,55.0
1787789122.2200387,91.0,49979.0,336.58,55.0
1787789122.7434773,90.0,49979.0,336.81,55.0
1787789123.2680497,90.0,49979.0,344.56,55.0
1787789123.7901502,90.0,49979.0,345.11,55.0
1787789124.3146133,90.0,49979.0,345.77,55.0
1787789124.8389337,89.0,49979.0,344.58,55.0
1787789125.3623793,90.0,49979.0,345.33,55.0
1787789125.8861637,91.0,49979.0,347.56,55.0
1787789126.4086208,90.0,49979.0,346.06,55.0
1787789126.9306226,90.0,49979.0,345.8,55.0
1787789127.4534967,90.0,49979.0,347.79,56.0
1787789127.9870648,0.0,49979.0,218.9,49.0
1787789128.549808,0.0,49979.0,92.21,49.0
1787789129.1120217,0.0,49979.0,92.21,49.0
1787789129.6693227,0.0,49979.0,86.37,48.0
1787789130.220784,0.0,49979.0,86.37,48.0
1787789130.767813,0.0,49979.0,87.31,47.0
1787789131.3300495,0.0,49979.0,87.31,47.0
1787789131.8907905,0.0,49979.0,86.82,47.0
1787789132.4484046,0.0,49979.0,86.82,47.0
1787789133.005903,0.0,49979.0,85.86,47.0
1787789133.565292,0.0,49979.0,85.85,46.0
1787789134.1319628,0.0,49979.0,85.85,46.0
1787789134.689897,0.0,49979.0,85.36,46.0
1787789135.252409,0.0,49979.0,85.36,46.0
1787789135.8104787,0.0,49979.0,84.88,46.0
1787789136.3580272,0.0,49979.0,84.88,46.0
1787789136.8765106,95.0,49979.0,190.62,55.0
1787789137.3998387,89.0,49979.0,232.75,52.0
1787789137.9215539,86.0,49979.0,323.97,52.0
1787789138.444459,89.0,49979.0,330.63,52.0
1787789138.9665375,90.0,49979.0,334.76,52.0
1787789139.4901235,87.0,49979.0,333.82,52.0
1787789140.0128593,91.0,49979.0,333.38,53.0
1787789140.5356717,90.0,49979.0,336.09,53.0
1787789141.0579836,89.0,49979.0,337.48,53.0
1787789141.5800004,89.0,49979.0,334.39,53.0
1787789142.1022563,91.0,49979.0,335.44,53.0
1787789142.6250954,84.0,49979.0,334.18,53.0
1787789143.1483953,90.0,49979.0,333.69,53.0
1787789143.6712205,90.0,49979.0,338.04,53.0
1787789144.1937413,91.0,49979.0,336.74,54.0
1787789144.7165012,91.0,49979.0,337.91,54.0
1787789145.240197,89.0,49979.0,339.04,54.0
1787789145.7618918,90.0,49979.0,333.0,54.0
1787789146.2848847,91.0,49979.0,331.79,54.0
1787789146.8080082,91.0,49979.0,335.41,54.0
1787789147.3311987,91.0,49979.0,338.9,54.0
1787789147.854738,91.0,49979.0,341.66,54.0
1787789148.3784542,91.0,49979.0,342.27,54.0
1787789148.8989441,90.0,49979.0,342.08,54.0
1787789149.4239829,91.0,49979.0,341.28,54.0
1787789149.9468699,90.0,49979.0,341.76,55.0
1787789150.4706054,90.0,49979.0,342.38,54.0
1787789150.9947681,90.0,49979.0,342.9,55.0
1787789151.5196729,91.0,49979.0,344.01,55.0
1787789152.0406995,90.0,49979.0,344.99,55.0
1787789152.5631337,90.0,49979.0,346.17,55.0
1787789153.0836263,79.0,49979.0,339.33,55.0
1787789153.6067016,91.0,49979.0,336.81,55.0
1787789154.1308022,91.0,49979.0,344.96,55.0
1787789154.6535816,90.0,49979.0,346.93,55.0
1787789155.1770325,89.0,49979.0,345.07,55.0
1787789155.6991537,91.0,49979.0,345.7,55.0
1787789156.2233894,90.0,49979.0,347.41,55.0
1787789156.7523787,0.0,49979.0,243.28,49.0
1787789157.3045409,0.0,49979.0,97.96,49.0
1787789157.8521369,0.0,49979.0,97.96,49.0
1787789158.394233,0.0,49979.0,87.68,48.0
1787789158.928362,0.0,49979.0,87.68,48.0
1787789159.4755485,0.0,49979.0,88.22,47.0
1787789160.0172641,0.0,49979.0,88.22,47.0
1787789160.5742295,0.0,49979.0,87.76,47.0
1787789161.1367188,0.0,49979.0,87.76,47.0
1787789161.7044957,0.0,49979.0,87.35,47.0
1787789162.2786224,0.0,49979.0,87.35,46.0
1787789162.8413756,0.0,49979.0,87.09,46.0
1787789163.3974805,0.0,49979.0,86.34,46.0
1787789163.9605737,0.0,49979.0,86.34,46.0
1787789164.5238104,0.0,49979.0,86.33,46.0
1787789165.0865164,0.0,49979.0,86.33,46.0
1787789165.6496108,0.0,49979.0,86.33,45.0
1787789166.2176642,0.0,49979.0,86.33,45.0
1787789166.7728698,0.0,49979.0,86.33,45.0
1787789167.2954688,89.0,49979.0,180.31,52.0
1787789167.8190084,88.0,49979.0,384.2,51.0
1787789168.342914,88.0,49979.0,325.9,52.0
1787789168.8667722,90.0,49979.0,320.2,52.0
1787789169.3904734,90.0,49979.0,325.78,52.0
1787789169.9128435,84.0,49979.0,328.25,52.0
1787789170.4346752,90.0,49979.0,322.51,52.0
1787789170.957492,89.0,49979.0,328.36,52.0
1787789171.4811387,89.0,49979.0,335.15,52.0
1787789172.0048141,79.0,49979.0,329.32,52.0
1787789172.5346901,0.0,49979.0,211.85,47.0
1787789173.0883508,52.0,49979.0,129.6,56.0
1787789173.6112618,84.0,49979.0,311.14,53.0
1787789174.135627,90.0,49979.0,356.32,53.0
1787789174.6665142,89.0,49979.0,330.65,53.0
1787789175.1900322,90.0,49979.0,333.65,53.0
1787789175.7123904,91.0,49979.0,336.54,53.0
1787789176.2341213,70.0,49979.0,323.02,52.0
1787789176.7576425,91.0,49979.0,322.46,53.0
1787789177.282319,91.0,49979.0,337.18,53.0
1787789177.8056211,91.0,49979.0,338.78,53.0
1787789178.3286622,88.0,49979.0,333.49,54.0
1787789178.8510542,91.0,49979.0,334.72,54.0
1787789179.375284,90.0,49979.0,339.95,54.0
1787789179.8962069,88.0,49979.0,339.06,54.0
1787789180.418844,90.0,49979.0,335.51,54.0
1787789180.9429224,89.0,49979.0,336.98,54.0
1787789181.465815,90.0,49979.0,340.17,54.0
1787789181.988388,88.0,49979.0,335.72,54.0
1787789182.5128093,90.0,49979.0,334.22,54.0
1787789183.0376072,89.0,49979.0,338.45,54.0
1787789183.5609891,90.0,49979.0,335.73,54.0
1787789184.0849934,91.0,49979.0,335.57,54.0
1787789184.607708,90.0,49979.0,340.67,54.0
1787789185.1301374,87.0,49979.0,340.57,55.0
1787789185.6528883,90.0,49979.0,341.77,55.0
1787789186.1777265,90.0,49979.0,343.17,55.0
1787789186.6998768,87.0,49979.0,335.9,55.0
1787789187.223752,90.0,49979.0,336.64,55.0
1787789187.7494771,90.0,49979.0,343.98,55.0
1787789188.2723925,88.0,49979.0,341.55,55.0
1787789188.7940483,90.0,49979.0,341.25,55.0
1787789189.318393,91.0,49979.0,345.55,55.0
1787789189.8439035,90.0,49979.0,346.16,55.0
1787789190.3669763,81.0,49979.0,331.18,55.0
1787789190.8901951,91.0,49979.0,332.4,55.0
1787789191.4134948,90.0,49979.0,347.55,55.0
1787789191.9342837,91.0,49979.0,345.49,55.0
1787789192.4566786,90.0,49979.0,345.47,55.0
1787789192.9791918,90.0,49979.0,347.61,55.0
1787789193.502424,90.0,49979.0,347.15,56.0
1787789194.0257075,90.0,49979.0,347.7,56.0
1787789194.5499418,90.0,49979.0,347.47,56.0
1787789195.0747705,91.0,49979.0,347.39,56.0
1787789195.5983427,91.0,49979.0,348.15,56.0
1787789196.1263525,0.0,49979.0,259.29,50.0
1787789196.6936193,0.0,49979.0,127.74,49.0
1787789197.2619174,0.0,49979.0,96.41,49.0
1787789197.819302,0.0,49979.0,88.29,48.0
1787789198.3773222,0.0,49979.0,88.29,48.0
1787789198.939544,0.0,49979.0,88.51,48.0
1787789199.502605,0.0,49979.0,88.51,48.0
1787789200.0703962,0.0,49979.0,88.27,47.0
1787789200.6167762,0.0,49979.0,88.27,47.0
1787789201.1847413,0.0,49979.0,88.03,47.0
1787789201.742496,0.0,49979.0,88.03,46.0
1787789202.2950814,0.0,49979.0,89.19,46.0
1787789202.8464963,0.0,49979.0,87.3,46.0
1787789203.408153,0.0,49979.0,87.3,46.0
1787789203.9854136,0.0,49979.0,87.06,46.0
1787789204.5533156,0.0,49979.0,87.06,46.0
1787789205.1152182,0.0,49979.0,86.33,45.0
1787789205.6899304,0.0,49979.0,86.33,45.0
1787789206.252652,0.0,49979.0,86.82,45.0
1787789206.830141,0.0,49979.0,86.58,45.0
1787789207.4083657,95.0,49979.0,149.42,56.0
1787789207.9275198,89.0,49979.0,323.88,51.0
1787789208.4505334,90.0,49979.0,340.0,52.0
1787789208.9716647,90.0,49979.0,332.46,52.0
1787789209.4954994,90.0,49979.0,335.38,52.0
1787789210.0197456,90.0,49979.0,335.16,52.0
1787789210.5448852,91.0,49979.0,334.38,52.0
1787789211.0673387,90.0,49979.0,336.6,52.0
1787789211.5900478,90.0,49979.0,336.79,53.0
1787789212.111868,91.0,49979.0,337.2,53.0
1787789212.6347222,90.0,49979.0,338.8,53.0
1787789213.1572428,91.0,49979.0,338.27,53.0
1787789213.67995,90.0,49979.0,336.78,53.0
1787789214.2028859,90.0,49979.0,337.9,53.0
1787789214.7268858,90.0,49979.0,339.46,53.0
1787789215.2509313,90.0,49979.0,339.97,53.0
1787789215.7743895,91.0,49979.0,339.94,54.0
1787789216.2965498,90.0,49979.0,339.84,54.0
1787789216.8194854,91.0,49979.0,337.49,54.0
1787789217.3463876,0.0,49979.0,270.94,48.0
1787789217.9007802,0.0,49979.0,148.38,47.0
1787789218.4628596,0.0,49979.0,97.22,47.0
1787789219.0197043,0.0,49979.0,97.22,47.0
1787789219.5667124,0.0,49979.0,85.85,47.0
1787789220.097529,0.0,49979.0,95.01,46.0
1787789220.6224139,90.0,49979.0,220.73,53.0
1787789221.1470683,90.0,49979.0,376.89,53.0
1787789221.6698081,90.0,49979.0,331.82,53.0
1787789222.1949606,90.0,49979.0,331.2,53.0
1787789222.7178283,90.0,49979.0,334.22,53.0
1787789223.2413597,79.0,49979.0,330.63,52.0
1787789223.7651932,83.0,49979.0,327.51,53.0
1787789224.2873163,90.0,49979.0,332.59,53.0
1787789224.8108501,88.0,49979.0,336.68,54.0
1787789225.334541,72.0,49979.0,328.09,52.0
1787789225.8555856,82.0,49979.0,311.88,53.0
1787789226.379402,90.0,49979.0,324.36,54.0
1787789226.9015582,88.0,49979.0,331.91,54.0
1787789227.4232478,90.0,49979.0,326.88,54.0
1787789227.9456549,91.0,49979.0,339.33,54.0
1787789228.4704986,91.0,49979.0,340.96,54.0
1787789228.9928386,91.0,49979.0,340.86,54.0
1787789229.5161235,91.0,49979.0,341.25,54.0
1787789230.0375252,91.0,49979.0,341.5,54.0
1787789230.5604177,91.0,49979.0,342.84,54.0
1787789231.0839643,91.0,49979.0,343.11,55.0
1787789231.6078966,91.0,49979.0,343.1,54.0
1787789232.1328595,91.0,49979.0,343.52,55.0
1787789232.6540916,90.0,49979.0,343.9,55.0
1787789233.1768758,90.0,49979.0,337.06,54.0
1787789233.6999,90.0,49979.0,336.23,55.0
1787789234.2230208,90.0,49979.0,342.99,55.0
1787789234.7460554,87.0,49979.0,342.58,55.0
1787789235.2703662,90.0,49979.0,342.04,55.0
1787789235.793246,90.0,49979.0,343.74,55.0
1787789236.3167162,90.0,49979.0,340.11,55.0
1787789236.839468,91.0,49979.0,341.45,55.0
1787789237.362015,91.0,49979.0,348.5,55.0
1787789237.884759,90.0,49979.0,349.3,55.0
1787789238.4073112,88.0,49979.0,346.37,55.0
1787789238.9296808,90.0,49979.0,345.35,55.0
1787789239.4519424,90.0,49979.0,347.96,56.0
1787789239.9757962,91.0,49979.0,348.42,56.0
1787789240.4995623,90.0,49979.0,348.31,56.0
1787789241.0223823,91.0,49979.0,347.93,56.0
1787789241.5435712,91.0,49979.0,348.58,56.0
1787789242.0649533,90.0,49979.0,349.3,56.0
1787789242.5861752,91.0,49979.0,349.81,56.0
1787789243.1147168,19.0,49979.0,312.04,52.0
1787789243.6779928,0.0,49979.0,155.83,49.0
1787789244.204963,0.0,49979.0,92.93,49.0
1787789244.7464201,0.0,49979.0,92.93,49.0
1787789245.3045197,0.0,49979.0,87.3,48.0
1787789245.8718584,0.0,49979.0,87.3,48.0
1787789246.4396377,0.0,49979.0,87.3,48.0
1787789246.9973576,0.0,49979.0,87.3,47.0
1787789247.5656233,0.0,49979.0,87.3,47.0
1787789248.122186,0.0,49979.0,87.61,47.0
1787789248.6695886,0.0,49979.0,87.61,47.0
1787789249.2473202,0.0,49979.0,86.97,47.0
1787789249.7942693,0.0,49979.0,86.97,47.0
1787789250.3518784,0.0,49979.0,85.85,46.0
1787789250.8936749,0.0,49979.0,85.85,46.0
1787789251.4469893,0.0,49979.0,85.61,46.0
1787789251.9817197,0.0,49979.0,85.42,46.0
1787789252.5390935,0.0,49979.0,85.42,46.0
1787789253.1228971,0.0,49979.0,85.85,45.0
1787789253.6751502,0.0,49979.0,85.85,45.0
1787789254.2319462,0.0,49979.0,86.34,45.0
1787789254.782663,0.0,49979.0,88.26,45.0
1787789255.3046463,84.0,49979.0,223.86,52.0
1787789255.826903,90.0,49979.0,393.37,51.0
1787789256.3663101,90.0,49979.0,333.3,52.0
1787789256.8887088,89.0,49979.0,324.72,52.0
1787789257.4118464,88.0,49979.0,325.32,52.0
1787789257.9356782,86.0,49979.0,331.73,52.0
1787789258.4585118,90.0,49979.0,330.89,52.0
1787789258.98275,91.0,49979.0,336.31,52.0
1787789259.5058382,91.0,49979.0,336.42,52.0
1787789260.0281918,91.0,49979.0,333.93,53.0
1787789260.5504665,91.0,49979.0,335.42,53.0
1787789261.0747676,90.0,49979.0,338.05,53.0
1787789261.597474,90.0,49979.0,338.58,53.0
1787789262.1199205,90.0,49979.0,339.52,53.0
1787789262.642348,91.0,49979.0,340.05,53.0
1787789263.165267,91.0,49979.0,336.55,53.0
1787789263.6886919,91.0,49979.0,336.08,53.0
1787789264.2103815,91.0,49979.0,338.69,53.0
1787789264.7347062,91.0,49979.0,340.43,54.0
1787789265.2573082,91.0,49979.0,341.21,54.0
1787789265.7780266,91.0,49979.0,336.97,54.0
1787789266.3020482,90.0,49979.0,337.32,54.0
1787789266.8229365,85.0,49979.0,339.05,54.0
1787789267.349354,80.0,49979.0,323.87,54.0
1787789267.8863487,0.0,49979.0,180.27,48.0
1787789268.4330819,0.0,49979.0,95.23,47.0
1787789268.9846373,0.0,49979.0,95.23,47.0
1787789269.5518847,0.0,49979.0,86.33,47.0
1787789270.1140466,0.0,49979.0,86.33,47.0
1787789270.6347806,99.0,49979.0,218.42,55.0
1787789271.1571662,90.0,49979.0,250.21,53.0
1787789271.6801271,89.0,49979.0,335.59,53.0
1787789272.203029,89.0,49979.0,334.45,53.0
1787789272.725156,90.0,49979.0,334.99,53.0
1787789273.2497914,90.0,49979.0,335.95,53.0
1787789273.7733214,90.0,49979.0,335.89,54.0
1787789274.2967322,91.0,49979.0,338.44,54.0
1787789274.8196092,90.0,49979.0,339.02,54.0
1787789275.3422685,90.0,49979.0,339.8,54.0
1787789275.8651423,91.0,49979.0,339.92,54.0
1787789276.3875191,90.0,49979.0,331.48,54.0
1787789276.9078085,91.0,49979.0,331.7,54.0
1787789277.43013,90.0,49979.0,340.65,54.0
1787789277.9523523,90.0,49979.0,340.89,54.0
1787789278.4763765,90.0,49979.0,341.49,54.0
1787789278.9996185,90.0,49979.0,341.65,54.0
1787789279.5231476,90.0,49979.0,339.67,54.0
1787789280.045574,91.0,49979.0,339.87,55.0
1787789280.569973,91.0,49979.0,342.3,55.0
1787789281.0908387,87.0,49979.0,339.81,54.0
1787789281.614176,90.0,49979.0,339.85,55.0
1787789282.1370077,90.0,49979.0,342.54,55.0
1787789282.6588516,90.0,49979.0,341.95,55.0
1787789283.1801279,90.0,49979.0,334.07,55.0
1787789283.7043564,91.0,49979.0,335.35,55.0
1787789284.2286754,71.0,49979.0,338.33,55.0
1787789284.751408,90.0,49979.0,337.95,55.0
1787789285.2746558,91.0,49979.0,344.05,55.0
1787789285.798787,90.0,49979.0,344.98,55.0
1787789286.3226194,91.0,49979.0,345.7,55.0
1787789286.8453114,91.0,49979.0,346.09,55.0
1787789287.3673193,90.0,49979.0,346.51,55.0
1787789287.8920388,91.0,49979.0,347.45,55.0
1787789288.4205072,0.0,49979.0,277.79,50.0
1787789288.9781396,0.0,49979.0,123.18,49.0
1787789289.544458,0.0,49979.0,97.24,49.0
1787789290.111956,0.0,49979.0,97.24,48.0
1787789290.6591506,0.0,49979.0,87.17,48.0
1787789291.2315874,0.0,49979.0,87.79,47.0
1787789291.7883906,0.0,49979.0,87.79,47.0
1787789292.3353484,0.0,49979.0,87.3,47.0
1787789292.9022963,0.0,49979.0,87.3,47.0
1787789293.459532,0.0,49979.0,86.34,47.0
1787789294.0165937,0.0,49979.0,86.34,47.0
1787789294.5638635,0.0,49979.0,85.91,46.0
1787789295.11069,0.0,49979.0,85.91,46.0
1787789295.6530647,0.0,49979.0,86.88,46.0
1787789296.2101765,0.0,49979.0,86.34,46.0
1787789296.7773485,0.0,49979.0,86.34,46.0
1787789297.3347902,0.0,49979.0,86.12,45.0
1787789297.8547177,95.0,49979.0,186.55,52.0
1787789298.3782747,90.0,49979.0,325.38,52.0
1787789298.9007103,90.0,49979.0,327.45,52.0
1787789299.4234908,90.0,49979.0,335.05,52.0
1787789299.9449718,78.0,49979.0,332.63,52.0
1787789300.4670694,91.0,49979.0,333.15,53.0
1787789300.990744,90.0,49979.0,337.07,53.0
1787789301.5129936,90.0,49979.0,337.41,53.0
1787789302.0333703,89.0,49979.0,335.66,53.0
1787789302.5567565,91.0,49979.0,334.86,53.0
1787789303.0798275,90.0,49979.0,337.87,53.0
1787789303.6026683,90.0,49979.0,339.01,53.0
1787789304.1300516,44.0,49979.0,324.2,50.0
1787789304.6877346,0.0,49979.0,174.09,47.0
1787789305.2449503,0.0,49979.0,93.3,47.0
1787789305.7759533,99.0,49979.0,209.97,61.0
1787789306.2986038,65.0,49979.0,288.23,52.0
1787789306.8213315,90.0,49979.0,310.26,53.0
1787789307.3443627,86.0,49979.0,332.02,53.0
1787789307.866417,90.0,49979.0,331.78,53.0
1787789308.3886967,90.0,49979.0,328.19,53.0
1787789308.9118416,90.0,49979.0,334.14,54.0
1787789309.43551,91.0,49979.0,337.92,54.0
1787789309.9587555,90.0,49979.0,338.61,54.0
1787789310.4817939,91.0,49979.0,338.44,54.0
1787789311.0037751,91.0,49979.0,339.54,54.0
1787789311.5272405,89.0,49979.0,332.37,54.0
1787789312.0496168,90.0,49979.0,329.24,54.0
1787789312.5720453,90.0,49979.0,336.93,54.0
1787789313.095221,89.0,49979.0,338.88,54.0
1787789313.618232,90.0,49979.0,337.97,54.0
1787789314.1418169,90.0,49979.0,340.16,54.0
1787789314.665138,89.0,49979.0,339.98,54.0
1787789315.1871636,90.0,49979.0,339.58,54.0
1787789315.7143452,0.0,49979.0,298.39,50.0
1787789316.2766573,0.0,49979.0,175.42,48.0
1787789316.8433254,0.0,49979.0,92.66,48.0
1787789317.420949,0.0,49979.0,92.66,48.0
1787789317.972063,0.0,49979.0,86.57,47.0
1787789318.516399,98.0,49979.0,119.47,58.0
1787789319.0383368,77.0,49979.0,219.21,49.0
1787789319.5609188,89.0,49979.0,403.72,55.0
1787789320.0843494,43.0,49979.0,357.57,49.0
1787789320.6081357,89.0,49979.0,362.78,54.0
1787789321.1295357,89.0,49979.0,385.73,54.0
1787789321.6526518,88.0,49979.0,334.91,54.0
1787789322.1745617,89.0,49979.0,335.6,54.0
1787789322.6962118,90.0,49979.0,337.77,54.0
1787789323.2183971,85.0,49979.0,333.29,54.0
1787789323.7385674,90.0,49979.0,331.94,54.0
1787789324.2599752,91.0,49979.0,337.07,55.0
1787789324.7824657,90.0,49979.0,340.24,55.0
1787789325.304198,90.0,49979.0,338.58,54.0
1787789325.8280067,86.0,49979.0,333.14,54.0
1787789326.351477,90.0,49979.0,333.37,55.0
1787789326.874577,90.0,49979.0,338.12,55.0
1787789327.3981583,88.0,49979.0,339.08,55.0
1787789327.920759,89.0,49979.0,338.87,55.0
1787789328.4436297,89.0,49979.0,340.4,55.0
1787789328.964985,90.0,49979.0,340.16,55.0
1787789329.4879887,90.0,49979.0,340.2,55.0
1787789330.0097558,90.0,49979.0,341.65,55.0
1787789330.5332828,90.0,49979.0,342.16,55.0
1787789331.0571926,90.0,49979.0,343.24,55.0
1787789331.5803914,91.0,49979.0,344.06,55.0
1787789332.107829,0.0,49979.0,285.81,50.0
1787789332.6607234,0.0,49979.0,157.44,49.0
1787789333.2342443,0.0,49979.0,96.4,49.0
1787789333.7977967,0.0,49979.0,96.4,48.0
1787789334.3707564,0.0,49979.0,87.97,48.0
1787789334.922877,98.0,49979.0,143.75,58.0
1787789335.4451342,89.0,49979.0,231.79,54.0
1787789335.9695504,86.0,49979.0,374.55,54.0
1787789336.491755,89.0,49979.0,327.04,54.0
1787789337.0138397,90.0,49979.0,327.68,54.0
1787789337.5387433,90.0,49979.0,331.0,55.0
1787789338.0616162,90.0,49979.0,337.08,55.0
1787789338.5857992,89.0,49979.0,338.23,55.0
1787789339.1095724,85.0,49979.0,335.77,55.0
1787789339.6316988,84.0,49979.0,327.95,55.0
1787789340.1546955,90.0,49979.0,333.73,55.0
1787789340.677517,90.0,49979.0,341.57,55.0
1787789341.1991262,90.0,49979.0,339.11,55.0
1787789341.721968,90.0,49979.0,339.43,55.0
1787789342.2434175,90.0,49979.0,342.14,55.0
1787789342.766753,90.0,49979.0,342.51,55.0
1787789343.2904973,89.0,49979.0,342.42,55.0
1787789343.813312,90.0,49979.0,342.46,55.0
1787789344.3354406,87.0,49979.0,330.08,54.0
1787789344.868031,91.0,49979.0,330.08,55.0
1787789345.3920965,91.0,49979.0,341.73,55.0
1787789345.9148006,91.0,49979.0,344.15,55.0
1787789346.4382744,91.0,49979.0,344.43,56.0
1787789346.9608223,91.0,49979.0,344.54,56.0
1787789347.4842849,90.0,49979.0,344.82,56.0
1787789348.006235,91.0,49979.0,345.51,56.0
1787789348.5305657,91.0,49979.0,345.43,56.0
1787789349.0523646,91.0,49979.0,345.17,56.0
1787789349.5754519,90.0,49979.0,344.81,56.0
1787789350.0986629,91.0,49979.0,345.07,56.0
1787789350.6223128,91.0,49979.0,346.36,56.0
1787789351.1472669,91.0,49979.0,346.67,56.0
1787789351.6702018,91.0,49979.0,347.08,56.0
1787789352.1923168,91.0,49979.0,348.08,56.0
1787789352.7139537,91.0,49979.0,349.31,56.0
1787789353.2357605,86.0,49979.0,341.96,56.0
1787789353.7580426,90.0,49979.0,341.99,56.0
1787789354.281085,90.0,49979.0,348.66,56.0
1787789354.804134,89.0,49979.0,348.72,56.0
1787789355.3313658,0.0,49979.0,296.97,51.0
1787789355.8631518,0.0,49979.0,173.68,50.0
1787789356.400903,0.0,49979.0,98.47,50.0
1787789356.9647007,0.0,49979.0,98.47,50.0
1787789357.5164144,0.0,49979.0,87.58,49.0
1787789358.0741403,0.0,49979.0,87.58,49.0
1787789358.6336243,0.0,49979.0,86.99,48.0
1787789359.1861236,0.0,49979.0,86.75,48.0
1787789359.7433994,0.0,49979.0,86.75,48.0
1787789360.2951317,0.0,49979.0,87.48,47.0
1787789360.8424492,0.0,49979.0,87.48,47.0
1787789361.4006298,0.0,49979.0,86.75,47.0
1787789361.953135,0.0,49979.0,86.75,47.0
1787789362.4899552,0.0,49979.0,86.99,47.0
1787789363.0483768,0.0,49979.0,86.99,47.0
1787789363.5905285,0.0,49979.0,86.26,46.0
1787789364.1528916,0.0,49979.0,85.54,46.0
1787789364.6899517,0.0,49979.0,85.54,46.0
1787789365.2678661,0.0,49979.0,85.54,46.0
1787789365.7991405,0.0,49979.0,85.54,46.0
1787789366.347974,98.0,49979.0,138.71,56.0
1787789366.871034,84.0,49979.0,211.31,52.0
1787789367.3942041,90.0,49979.0,359.18,52.0
1787789367.9174812,90.0,49979.0,333.41,52.0
1787789368.4398859,89.0,49979.0,333.69,52.0
1787789368.9634068,90.0,49979.0,334.04,53.0
1787789369.4869566,89.0,49979.0,335.08,53.0
1787789370.0089674,90.0,49979.0,336.64,53.0
1787789370.5321372,90.0,49979.0,337.29,53.0
1787789371.054934,90.0,49979.0,337.44,53.0
1787789371.5765955,90.0,49979.0,336.0,53.0
1787789372.1042523,91.0,49979.0,331.86,53.0
1787789372.6769698,0.0,49979.0,184.19,47.0
1787789373.2404563,98.0,49979.0,223.65,61.0
1787789373.763741,90.0,49979.0,348.61,53.0
1787789374.2871861,90.0,49979.0,338.06,53.0
1787789374.808932,90.0,49979.0,336.21,53.0
1787789375.331779,90.0,49979.0,336.58,53.0
1787789375.8541608,91.0,49979.0,337.35,54.0
1787789376.3768568,90.0,49979.0,337.69,54.0
1787789376.8975954,91.0,49979.0,338.53,54.0
1787789377.420313,90.0,49979.0,339.43,54.0
1787789377.9419093,87.0,49979.0,338.36,53.0
1787789378.4638221,91.0,49979.0,338.7,54.0
1787789378.9917219,0.0,49979.0,296.29,49.0
1787789379.5590432,0.0,49979.0,145.31,48.0
1787789380.0840895,98.0,49979.0,235.61,57.0
1787789380.609272,90.0,49979.0,356.37,54.0
1787789381.1321173,90.0,49979.0,333.25,54.0
1787789381.6529853,90.0,49979.0,337.01,54.0
1787789382.1996555,98.0,49979.0,294.42,59.0
1787789382.7218103,89.0,49979.0,324.72,55.0
1787789383.2438507,85.0,49979.0,341.9,54.0
1787789383.7672775,81.0,49979.0,326.2,54.0
1787789384.2901564,90.0,49979.0,330.68,54.0
1787789384.812269,71.0,49979.0,320.98,53.0
1787789385.3350706,89.0,49979.0,320.63,54.0
1787789385.8584747,89.0,49979.0,334.4,55.0
1787789386.3810608,90.0,49979.0,332.1,55.0
1787789386.903606,90.0,49979.0,334.09,55.0
1787789387.4266636,90.0,49979.0,338.55,55.0
1787789387.9490654,83.0,49979.0,333.83,55.0
1787789388.4777036,90.0,49979.0,298.56,51.0
1787789389.0503905,0.0,49979.0,157.33,49.0
1787789389.6086192,98.0,49979.0,176.88,60.0
1787789390.1315095,83.0,49979.0,314.9,54.0
1787789390.6552691,89.0,49979.0,328.58,54.0
1787789391.1771479,90.0,49979.0,336.12,55.0
1787789391.6984217,0.0,49979.0,263.98,50.0
1787789392.2199593,90.0,49979.0,312.98,56.0
1787789392.7453141,89.0,49979.0,380.32,55.0
1787789393.2690604,88.0,49979.0,331.88,54.0
1787789393.7929032,83.0,49979.0,320.21,54.0
1787789394.3171282,87.0,49979.0,321.17,55.0
1787789394.8414683,89.0,49979.0,330.11,55.0
1787789395.3652675,88.0,49979.0,333.14,55.0
1787789395.8858657,89.0,49979.0,334.2,55.0
1787789396.409271,91.0,49979.0,335.22,55.0
1787789396.9292605,90.0,49979.0,336.98,55.0
1787789397.451531,91.0,49979.0,340.92,56.0
1787789397.9805903,0.0,49979.0,248.89,50.0
1787789398.5437388,0.0,49979.0,127.58,49.0
1787789399.064897,95.0,49979.0,272.76,56.0
1787789399.5891225,90.0,49979.0,396.97,55.0
1787789400.111422,90.0,49979.0,338.21,55.0
1787789400.6406407,90.0,49979.0,330.2,55.0
1787789401.1893718,99.0,49979.0,328.63,65.0
1787789401.7140756,62.0,49979.0,318.75,51.0
1787789402.2372892,89.0,49979.0,353.68,56.0
1787789402.7606559,98.0,49979.0,378.66,63.0
1787789403.2827237,88.0,49979.0,349.08,56.0
1787789403.8075194,90.0,49979.0,357.68,56.0
1787789404.330528,0.0,49979.0,288.05,54.0
1787789404.852832,83.0,49979.0,334.86,56.0
1787789405.3753784,89.0,49979.0,367.02,56.0
1787789405.8984196,90.0,49979.0,336.59,56.0
1787789406.4210103,90.0,49979.0,338.22,56.0
1787789406.9434478,83.0,49979.0,333.78,56.0
1787789407.4657915,89.0,49979.0,330.46,56.0
1787789407.989951,89.0,49979.0,337.87,56.0
1787789408.5135553,84.0,49979.0,329.33,55.0
1787789409.0370197,90.0,49979.0,321.77,56.0
1787789409.5613213,90.0,49979.0,340.0,56.0
1787789410.0867236,84.0,49979.0,329.7,55.0
1787789410.609454,90.0,49979.0,329.38,56.0
1787789411.1314893,90.0,49979.0,340.81,56.0
1787789411.6591182,0.0,49979.0,219.36,50.0
1787789412.2266018,0.0,49979.0,96.87,50.0
1787789412.7788482,0.0,49979.0,96.87,50.0
1787789413.3213658,96.0,49979.0,178.2,61.0
1787789413.846032,79.0,49979.0,225.49,55.0
1787789414.3658526,97.0,49979.0,328.47,57.0
1787789414.8889737,74.0,49979.0,346.11,52.0
1787789415.4125397,89.0,49979.0,328.65,56.0
1787789415.9330606,90.0,49979.0,356.19,55.0
1787789416.4639878,90.0,49979.0,332.01,55.0
1787789416.9868264,71.0,49979.0,321.13,55.0
1787789417.5103662,90.0,49979.0,320.78,56.0
1787789418.0318103,89.0,49979.0,330.52,55.0
1787789418.555403,87.0,49979.0,326.51,55.0
1787789419.0781388,90.0,49979.0,328.5,56.0
1787789419.6020732,84.0,49979.0,328.57,55.0
1787789420.1301346,90.0,49979.0,325.06,56.0
1787789420.6921701,0.0,49979.0,184.28,50.0
1787789421.2545843,0.0,49979.0,92.17,49.0
1787789421.8218071,0.0,49979.0,92.17,49.0
1787789422.3940935,0.0,49979.0,87.42,49.0
1787789422.9566634,0.0,49979.0,87.42,49.0
1787789423.5242023,0.0,49979.0,87.18,48.0
1787789424.0913708,95.0,49979.0,172.54,55.0
1787789424.61429,89.0,49979.0,222.45,54.0
1787789425.1371355,75.0,49979.0,314.33,53.0
1787789425.6585321,87.0,49979.0,310.42,54.0
1787789426.1821127,87.0,49979.0,324.35,54.0
1787789426.706215,88.0,49979.0,324.79,54.0
1787789427.2299104,87.0,49979.0,318.93,54.0
1787789427.7534285,88.0,49979.0,318.89,54.0
1787789428.2762272,83.0,49979.0,320.57,54.0
1787789428.7999253,88.0,49979.0,313.91,54.0
1787789429.3238244,87.0,49979.0,316.59,54.0
1787789429.8526533,0.0,49979.0,268.89,50.0
1787789430.4004843,0.0,49979.0,127.13,48.0
1787789430.9617305,0.0,49979.0,95.2,48.0
1787789431.5237534,0.0,49979.0,95.2,48.0
1787789432.0708053,0.0,49979.0,87.91,48.0
1787789432.6386433,0.0,49979.0,87.42,47.0
1787789433.1953259,91.0,49979.0,95.47,47.0
1787789433.7188482,86.0,49979.0,220.5,53.0
1787789434.2424555,82.0,49979.0,343.39,53.0
1787789434.7648938,86.0,49979.0,317.49,53.0
1787789435.2885954,88.0,49979.0,322.46,53.0
1787789435.8121357,88.0,49979.0,324.72,53.0
1787789436.3365126,76.0,49979.0,316.02,53.0
1787789436.8639617,89.0,49979.0,316.14,54.0
1787789437.3860915,89.0,49979.0,329.64,54.0
1787789437.9065971,89.0,49979.0,327.85,54.0
1787789438.4349005,89.0,49979.0,323.68,54.0
1787789439.0228117,0.0,49979.0,190.39,48.0
1787789439.6010058,0.0,49979.0,98.42,48.0
1787789440.1584613,0.0,49979.0,98.42,48.0
1787789440.7367592,0.0,49979.0,86.96,47.0
1787789441.2972512,0.0,49979.0,86.96,47.0
1787789441.8491368,95.0,49979.0,132.43,54.0
1787789442.3722796,88.0,49979.0,182.98,52.0
1787789442.8936715,88.0,49979.0,322.97,53.0
1787789443.4163597,88.0,49979.0,326.16,53.0
1787789443.9394424,90.0,49979.0,323.54,53.0
1787789444.4610114,88.0,49979.0,324.14,53.0
1787789444.984424,90.0,49979.0,328.68,53.0
1787789445.50619,90.0,49979.0,330.16,53.0
1787789446.0295951,90.0,49979.0,330.62,53.0
1787789446.5536556,88.0,49979.0,330.8,53.0
1787789447.0824459,78.0,49979.0,302.33,49.0
1787789447.6500897,0.0,49979.0,183.47,48.0
1787789448.2230687,0.0,49979.0,97.55,47.0
1787789448.7855873,0.0,49979.0,97.55,47.0
1787789449.3686733,0.0,49979.0,85.49,47.0
1787789449.9152431,0.0,49979.0,85.49,46.0
1787789450.483073,92.0,49979.0,133.29,53.0
1787789451.0085716,88.0,49979.0,289.36,52.0
1787789451.5322542,88.0,49979.0,325.34,52.0
1787789452.0536425,85.0,49979.0,322.88,53.0
1787789452.5778785,88.0,49979.0,322.94,52.0
1787789453.1015508,86.0,49979.0,321.36,53.0
1787789453.629884,12.0,49979.0,291.67,49.0
1787789454.162507,90.0,49979.0,268.2,53.0
1787789454.685729,77.0,49979.0,288.25,52.0
1787789455.2081845,87.0,49979.0,310.98,53.0
1787789455.731555,87.0,49979.0,319.88,53.0
1787789456.2565134,89.0,49979.0,323.06,53.0
1787789456.7813537,87.0,49979.0,323.19,53.0
1787789457.3092217,41.0,49979.0,285.58,49.0
1787789457.868741,86.0,49979.0,274.91,53.0
1787789458.3921328,86.0,49979.0,306.93,53.0
1787789458.9157312,89.0,49979.0,318.94,53.0
1787789459.4396732,87.0,49979.0,320.34,53.0
1787789459.9619942,70.0,49979.0,308.54,53.0
1787789460.4851508,90.0,49979.0,306.74,54.0
1787789461.0089462,85.0,49979.0,328.07,53.0
1787789461.5305867,84.0,49979.0,307.43,53.0
1787789462.0592983,0.0,49979.0,220.98,48.0
1787789462.6266184,90.0,49979.0,179.8,54.0
1787789463.150921,81.0,49979.0,281.11,52.0
1787789463.6733286,89.0,49979.0,311.0,53.0
1787789464.1966696,89.0,49979.0,316.5,54.0
1787789464.7190819,90.0,49979.0,327.1,53.0
1787789465.2411284,88.0,49979.0,327.29,53.0
1787789465.764987,89.0,49979.0,326.71,54.0
1787789466.2892954,89.0,49979.0,323.55,54.0
1787789466.8129165,79.0,49979.0,319.31,53.0
1787789467.3350482,89.0,49979.0,318.11,54.0
1787789467.8668246,88.0,49979.0,323.06,54.0
1787789468.3898895,84.0,49979.0,323.92,54.0
1787789468.9143934,90.0,49979.0,324.48,54.0
1787789469.4379766,88.0,49979.0,328.35,54.0
1787789469.9616187,81.0,49979.0,320.88,54.0
1787789470.4847364,89.0,49979.0,322.04,54.0
1787789471.0073292,84.0,49979.0,328.38,54.0
1787789471.531205,75.0,49979.0,317.03,54.0
1787789472.0551465,89.0,49979.0,318.49,55.0
1787789472.5784364,89.0,49979.0,330.49,55.0
1787789473.100813,90.0,49979.0,332.64,55.0
1787789473.6233854,90.0,49979.0,332.8,55.0
1787789474.1464024,90.0,49979.0,332.35,55.0
1787789474.6679802,90.0,49979.0,333.33,55.0
1787789475.1896038,91.0,49979.0,334.37,55.0
1787789475.7137258,90.0,49979.0,334.95,55.0
1787789476.2351642,90.0,49979.0,335.01,55.0
1787789476.7582467,90.0,49979.0,335.3,55.0
1787789477.2794895,90.0,49979.0,335.65,55.0
1787789477.801256,90.0,49979.0,335.81,55.0
1787789478.3239865,89.0,49979.0,335.77,55.0
1787789478.8471577,89.0,49979.0,335.26,55.0
1787789479.3704307,90.0,49979.0,335.11,55.0
1787789479.89328,90.0,49979.0,335.79,55.0
1787789480.417623,89.0,49979.0,335.11,55.0
1787789480.939976,90.0,49979.0,335.73,56.0
1787789481.463365,90.0,49979.0,336.84,56.0
1787789481.9871423,90.0,49979.0,336.95,55.0
1787789482.5109587,90.0,49979.0,336.92,56.0
1787789483.034719,90.0,49979.0,337.05,56.0
1787789483.5578341,89.0,49979.0,337.62,56.0
1787789484.080696,90.0,49979.0,337.67,56.0
1787789484.603876,90.0,49979.0,338.31,56.0
1787789485.127627,90.0,49979.0,338.04,56.0
1787789485.6509373,90.0,49979.0,336.66,56.0
1787789486.175968,90.0,49979.0,336.03,56.0
1787789486.6996706,90.0,49979.0,336.46,56.0
1787789487.2233124,89.0,49979.0,338.32,56.0
1787789487.746354,90.0,49979.0,338.42,56.0
1787789488.2680912,90.0,49979.0,338.85,56.0
1787789488.79071,87.0,49979.0,337.88,56.0
1787789489.3137617,89.0,49979.0,338.24,56.0
1787789489.8368194,90.0,49979.0,341.07,56.0
1787789490.359266,91.0,49979.0,342.55,56.0
1787789490.8819096,90.0,49979.0,343.23,56.0
1787789491.4051278,90.0,49979.0,343.44,56.0
1787789491.9287167,88.0,49979.0,341.56,56.0
1787789492.4510763,90.0,49979.0,341.57,56.0
1787789492.9743037,90.0,49979.0,342.86,56.0
1787789493.4979808,90.0,49979.0,341.1,56.0
1787789494.0186176,90.0,49979.0,342.03,56.0
1787789494.5469341,91.0,49979.0,326.58,53.0
1787789495.1028812,0.0,49979.0,195.04,50.0
1787789495.6495442,0.0,49979.0,94.2,50.0
1787789496.2122402,0.0,49979.0,94.2,50.0
1787789496.7760434,0.0,49979.0,88.45,49.0
1787789497.3333666,0.0,49979.0,88.45,49.0
1787789497.8792613,0.0,49979.0,87.94,49.0
1787789498.4504123,0.0,49979.0,86.94,48.0
1787789499.0131333,0.0,49979.0,86.94,48.0
1787789499.5815372,0.0,49979.0,87.42,48.0
1787789500.1498773,0.0,49979.0,87.42,48.0
1787789500.7192407,0.0,49979.0,87.18,47.0
1787789501.2877007,0.0,49979.0,87.18,47.0
1787789501.8505335,0.0,49979.0,86.46,47.0
1787789502.409239,0.0,49979.0,86.46,47.0
1787789502.9711618,0.0,49979.0,88.39,46.0
1787789503.5346537,0.0,49979.0,86.46,46.0
1787789504.0921986,0.0,49979.0,86.46,46.0
1787789504.6404066,0.0,49979.0,85.97,46.0
1787789505.1984084,0.0,49979.0,85.97,46.0
1787789505.7622871,0.0,49979.0,84.51,45.0
1787789506.3331325,0.0,49979.0,84.51,45.0
1787789506.891685,0.0,49979.0,84.51,45.0
1787789507.4598715,0.0,49979.0,84.27,45.0
1787789508.017402,0.0,49979.0,84.27,45.0
1787789508.5702994,0.0,49979.0,85.44,44.0
1787789509.1339884,0.0,49979.0,85.44,44.0
1787789509.7076318,0.0,49979.0,85.92,44.0
1787789510.28696,0.0,49979.0,85.92,44.0
1787789510.8556986,0.0,49979.0,86.05,44.0
1787789511.4197829,0.0,49979.0,85.86,44.0
1787789511.9828713,0.0,49979.0,85.86,44.0
1787789512.5459156,0.0,49979.0,84.95,44.0
1787789513.1093621,0.0,49979.0,84.95,44.0
1787789513.687431,0.0,49979.0,87.04,43.0
1787789514.2400744,88.0,49979.0,147.0,49.0
1787789514.765078,89.0,49979.0,259.28,49.0
1787789515.2879198,89.0,49979.0,322.83,50.0
1787789515.8117394,89.0,49979.0,323.09,50.0
1787789516.3363204,88.0,49979.0,323.0,50.0
1787789516.8621607,89.0,49979.0,324.63,50.0
1787789517.385348,88.0,49979.0,324.84,50.0
1787789517.9145072,89.0,49979.0,301.07,47.0
1787789518.4768317,0.0,49979.0,184.7,45.0
1787789519.0079362,80.0,49979.0,163.88,51.0
1787789519.5302851,68.0,49979.0,263.18,50.0
1787789520.0523493,89.0,49979.0,302.68,50.0
1787789520.5745249,90.0,49979.0,312.77,51.0
1787789521.0971532,88.0,49979.0,324.64,51.0
1787789521.6203585,90.0,49979.0,325.83,51.0
1787789522.1481435,89.0,49979.0,303.53,49.0
1787789522.7002776,88.0,50031.0,261.71,51.0
1787789523.2223537,83.0,50031.0,273.77,51.0
1787789523.7431185,89.0,50031.0,319.41,51.0
1787789524.2658818,88.0,50031.0,338.4,52.0
1787789524.7897263,88.0,50031.0,313.34,50.0
1787789525.311967,72.0,50055.0,309.47,50.0
1787789525.8373017,85.0,50055.0,323.47,49.0
1787789526.360967,81.0,50055.0,308.32,50.0
1787789526.8820815,60.0,50055.0,280.56,50.0
1787789527.401642,84.0,50055.0,283.36,50.0
1787789527.9231298,88.0,50055.0,312.75,53.0
1787789528.4458628,36.0,50055.0,311.9,52.0
1787789528.9692428,52.0,50055.0,324.01,53.0
1787789529.4929168,88.0,50055.0,334.85,54.0
1787789530.0161355,85.0,50055.0,323.76,53.0
1787789530.5391965,85.0,50055.0,320.14,52.0
1787789531.062448,85.0,50055.0,315.55,52.0
1787789531.5866542,87.0,50055.0,316.39,52.0
1787789532.110287,75.0,50055.0,313.01,52.0
1787789532.633674,84.0,50055.0,312.38,52.0
1787789533.1577177,86.0,50055.0,315.62,53.0
1787789533.6799452,85.0,50055.0,315.23,53.0
1787789534.2030735,86.0,50055.0,315.96,53.0
1787789534.7240252,86.0,50055.0,317.68,53.0
1787789535.2459586,86.0,50055.0,318.56,53.0
1787789535.7677367,85.0,50055.0,318.88,53.0
1787789536.2906063,84.0,50055.0,316.18,53.0
1787789536.8133495,78.0,50055.0,308.97,53.0
1787789537.3375928,87.0,50055.0,311.96,53.0
1787789537.862256,84.0,50055.0,320.29,53.0
1787789538.384869,85.0,50055.0,313.12,53.0
1787789538.905251,88.0,50055.0,314.32,53.0
1787789539.4309819,88.0,50055.0,323.15,53.0
1787789539.9533088,89.0,50055.0,325.25,53.0
1787789540.4751103,89.0,50055.0,319.3,54.0
1787789540.996652,89.0,50055.0,321.36,54.0
1787789541.5177007,72.0,50055.0,324.52,53.0
1787789542.0414,90.0,50055.0,324.54,54.0
1787789542.5639608,90.0,50055.0,329.83,54.0
1787789543.0872743,88.0,50055.0,329.39,54.0
1787789543.609749,90.0,50055.0,329.5,54.0
1787789544.1311998,90.0,50055.0,330.47,54.0
1787789544.6545522,90.0,50055.0,331.33,54.0
1787789545.1786382,90.0,50055.0,331.72,54.0
1787789545.6984787,90.0,50055.0,332.22,54.0
1787789546.2190871,88.0,50055.0,327.82,54.0
1787789546.7423515,90.0,50055.0,327.74,54.0
1787789547.2655656,90.0,50055.0,332.56,54.0
1787789547.7891867,89.0,50055.0,332.29,54.0
1787789548.3120756,90.0,50055.0,332.83,55.0
1787789548.8348706,90.0,50055.0,332.85,55.0
1787789549.356839,90.0,50055.0,333.5,55.0
1787789549.8804417,90.0,50055.0,333.97,55.0
1787789550.403868,90.0,50055.0,334.81,55.0
1787789550.9273746,90.0,50055.0,334.72,55.0
1787789551.4493256,90.0,50055.0,334.83,55.0
1787789551.9721408,90.0,50055.0,335.22,55.0
1787789552.4958174,91.0,50055.0,335.4,55.0
1787789553.0172021,90.0,50055.0,335.96,55.0
1787789553.540505,90.0,50055.0,335.64,55.0
1787789554.0634208,89.0,50055.0,335.36,55.0
1787789554.5873096,90.0,50055.0,334.93,55.0
1787789555.109663,90.0,50055.0,334.75,55.0
1787789555.6327968,89.0,50055.0,333.78,55.0
1787789556.155824,90.0,50055.0,334.36,55.0
1787789556.6805515,90.0,50055.0,336.74,55.0
1787789557.2046292,90.0,50055.0,336.68,55.0
1787789557.7275383,90.0,50055.0,336.29,55.0
1787789558.2502723,90.0,50055.0,335.16,55.0
1787789558.7731664,90.0,50055.0,330.41,56.0
1787789559.296838,90.0,50055.0,333.69,56.0
1787789559.8193707,90.0,50055.0,338.8,56.0
1787789560.3424954,89.0,50055.0,333.08,56.0
1787789560.8681414,89.0,50055.0,331.54,56.0
1787789561.3919122,89.0,50055.0,336.58,56.0
1787789561.918381,0.0,50055.0,276.68,51.0
1787789562.4705791,0.0,50055.0,133.29,49.0
1787789563.0382128,0.0,50055.0,99.5,49.0
1787789563.5997202,0.0,50055.0,99.5,49.0
1787789564.1675868,0.0,50055.0,87.05,48.0
1787789564.724941,0.0,50055.0,86.81,48.0
1787789565.2986243,0.0,50055.0,86.81,48.0
1787789565.86596,0.0,50055.0,86.33,47.0
1787789566.4136403,0.0,50055.0,86.33,47.0
1787789566.9624212,0.0,50055.0,86.57,47.0
1787789567.5250797,0.0,50055.0,86.57,47.0
1787789568.0828037,0.0,50055.0,86.08,47.0
1787789568.6567268,0.0,50055.0,85.6,46.0
1787789569.214784,0.0,50055.0,85.6,46.0
1787789569.7630801,0.0,50055.0,85.6,46.0
1787789570.3204985,0.0,50055.0,85.6,46.0
1787789570.893207,0.0,50055.0,84.62,46.0
1787789571.4604077,0.0,50055.0,84.62,46.0
1787789572.0185604,0.0,50055.0,84.62,45.0
1787789572.5857453,0.0,50055.0,84.62,45.0
1787789573.157678,0.0,50055.0,84.62,45.0
1787789573.72027,0.0,50055.0,84.63,45.0
1787789574.2884204,0.0,50055.0,84.63,45.0
1787789574.8348951,0.0,50055.0,85.59,44.0
1787789575.3975983,0.0,50055.0,85.59,44.0
1787789575.955423,0.0,50055.0,86.27,44.0
1787789576.5083117,0.0,50055.0,86.27,44.0
1787789577.071049,0.0,50055.0,89.86,44.0
1787789577.6392198,0.0,50055.0,89.86,44.0
1787789578.2121983,0.0,50055.0,89.87,44.0
1787789578.7680917,0.0,50055.0,89.87,44.0
1787789579.3092911,92.0,50055.0,114.77,52.0
1787789579.8315337,85.0,50055.0,222.42,49.0
1787789580.3532073,88.0,50055.0,312.55,49.0
1787789580.8740232,89.0,50055.0,317.38,50.0
1787789581.3966951,47.0,50055.0,283.8,53.0
1787789581.9195755,78.0,50055.0,275.85,49.0
1787789582.4419663,87.0,50055.0,311.04,50.0
1787789582.964395,78.0,50055.0,315.95,50.0
1787789583.4865031,80.0,50055.0,293.58,49.0
1787789584.00904,67.0,50055.0,289.78,50.0
1787789584.5316586,82.0,50055.0,304.56,51.0
1787789585.0542467,82.0,50055.0,315.52,51.0
1787789585.5770338,85.0,50055.0,316.77,51.0
1787789586.1010025,83.0,50055.0,311.81,51.0
1787789586.6220038,87.0,50055.0,313.97,51.0
1787789587.1429906,85.0,50055.0,319.48,51.0
1787789587.665754,89.0,50055.0,321.26,51.0
1787789588.1897554,65.0,50055.0,309.55,51.0
1787789588.7097578,86.0,50055.0,307.6,51.0
1787789589.2319553,87.0,50055.0,319.21,52.0
1787789589.7524202,86.0,50055.0,320.23,52.0
1787789590.2748406,85.0,50055.0,318.76,52.0
1787789590.7945557,89.0,50055.0,319.89,52.0
1787789591.3177319,89.0,50055.0,321.4,52.0
1787789591.840494,89.0,50055.0,321.53,52.0
1787789592.3632464,89.0,50055.0,324.29,52.0
1787789592.8852286,88.0,50055.0,325.01,52.0
1787789593.4087512,83.0,50055.0,317.7,52.0
1787789593.9280784,88.0,50055.0,315.55,52.0
1787789594.451336,88.0,50055.0,322.51,53.0
1787789594.9724865,90.0,50055.0,319.97,53.0
1787789595.4949303,83.0,50055.0,321.99,52.0
1787789596.0175712,63.0,50055.0,313.17,52.0
1787789596.5412402,90.0,50055.0,307.51,53.0
1787789597.0633655,86.0,50055.0,320.01,53.0
1787789597.5878768,90.0,50055.0,328.5,53.0
1787789598.1112769,89.0,50055.0,330.1,53.0
1787789598.634203,90.0,50055.0,328.04,53.0
1787789599.157616,88.0,50055.0,328.38,53.0
1787789599.679934,90.0,50055.0,330.67,53.0
1787789600.20274,87.0,50055.0,331.24,53.0
1787789600.724951,90.0,50055.0,331.24,54.0
1787789601.2480874,87.0,50055.0,331.71,54.0
1787789601.7700925,91.0,50055.0,331.93,54.0
1787789602.2915177,89.0,50055.0,333.29,54.0
1787789602.8157036,90.0,50055.0,333.34,54.0
1787789603.3378603,88.0,50055.0,331.08,54.0
1787789603.860036,91.0,50055.0,331.04,54.0
1787789604.3832664,87.0,50055.0,332.88,54.0
1787789604.9046156,90.0,50055.0,329.8,54.0
1787789605.4292135,90.0,50055.0,331.45,54.0
1787789605.9523497,87.0,50055.0,332.3,54.0
1787789606.4723265,89.0,50055.0,328.93,54.0
1787789606.9933448,89.0,50055.0,330.85,54.0
1787789607.5169806,90.0,50055.0,334.01,54.0
1787789608.0389092,90.0,50055.0,334.91,55.0
1787789608.561521,89.0,50055.0,334.83,55.0
1787789609.083718,89.0,50055.0,334.48,55.0
1787789609.6067996,90.0,50055.0,335.61,55.0
1787789610.1304288,90.0,50055.0,335.89,55.0
1787789610.6520276,90.0,50055.0,336.78,55.0
1787789611.1751637,89.0,50055.0,337.62,55.0
1787789611.6977918,90.0,50055.0,338.64,55.0
1787789612.2223465,90.0,50055.0,338.79,55.0
1787789612.7451425,89.0,50055.0,338.56,55.0
1787789613.2724085,84.0,50055.0,334.17,55.0
1787789613.83466,0.0,50055.0,195.0,49.0
1787789614.3971367,0.0,50055.0,98.84,49.0
1787789614.9513113,0.0,50055.0,98.84,49.0
1787789615.508478,0.0,50055.0,87.05,48.0
1787789616.060543,0.0,50055.0,87.05,48.0
1787789616.5918894,0.0,50055.0,86.81,47.0
1787789617.1526344,0.0,50055.0,86.81,47.0
1787789617.7192712,0.0,50055.0,86.08,47.0
1787789618.271686,0.0,50055.0,86.08,47.0
1787789618.8349051,0.0,50055.0,85.84,47.0
1787789619.3961465,0.0,50055.0,85.6,46.0
1787789619.9631696,0.0,50055.0,85.6,46.0
1787789620.5199153,0.0,50055.0,85.6,46.0
1787789621.079547,0.0,50055.0,85.6,46.0
1787789621.6383867,0.0,50055.0,85.59,46.0
1787789622.2070715,0.0,50055.0,85.59,45.0
1787789622.7545264,0.0,50055.0,85.11,45.0
1787789623.3063369,0.0,50055.0,84.82,45.0
1787789623.8711538,0.0,50055.0,84.82,45.0
1787789624.4387643,0.0,50055.0,84.04,45.0
1787789624.9929976,0.0,50055.0,84.04,45.0
1787789625.5607486,0.0,50055.0,84.94,44.0
1787789626.1123867,0.0,50055.0,84.94,44.0
1787789626.670098,0.0,50055.0,84.78,44.0
1787789627.2272804,0.0,50055.0,84.78,44.0
1787789627.7839453,0.0,50055.0,86.04,44.0
1787789628.3253558,0.0,50055.0,85.77,44.0
1787789628.8824337,0.0,50055.0,85.77,44.0
1787789629.4445953,0.0,50055.0,85.98,43.0
1787789629.9954522,0.0,50055.0,85.98,43.0
1787789630.557811,0.0,50055.0,85.74,43.0
1787789631.086227,82.0,50055.0,142.1,48.0
1787789631.6079838,88.0,50055.0,316.62,49.0
1787789632.1308687,87.0,50055.0,316.14,49.0
1787789632.6584857,89.0,50055.0,318.46,49.0
1787789633.2104008,86.0,50055.0,262.45,46.0
1787789633.7329013,89.0,50057.0,278.41,50.0
1787789634.2560804,86.0,50057.0,319.6,50.0
1787789634.779755,88.0,50057.0,314.35,50.0
1787789635.302852,73.0,50057.0,299.7,50.0
1787789635.8252754,88.0,50057.0,300.74,50.0
1787789636.3633,87.0,50057.0,278.92,50.0
1787789636.883884,69.0,50057.0,272.08,50.0
1787789637.4078217,87.0,50057.0,310.1,51.0
1787789637.928401,86.0,50057.0,319.58,51.0
1787789638.450407,89.0,50057.0,315.61,51.0
1787789638.9778628,87.0,50057.0,308.27,50.0
1787789639.5200386,70.0,50057.0,284.48,52.0
1787789640.0427103,83.0,50057.0,299.39,51.0
1787789640.5655258,86.0,50057.0,306.0,51.0
1787789641.0867867,86.0,50057.0,314.88,54.0
1787789641.6115098,83.0,50057.0,311.79,51.0
1787789642.1301124,85.0,50057.0,308.18,51.0
1787789642.6549141,86.0,50057.0,312.25,52.0
1787789643.1780386,75.0,50057.0,309.95,51.0
1787789643.700592,75.0,50057.0,299.28,50.0
1787789644.2220783,67.0,50057.0,311.37,52.0
1787789644.7428567,83.0,50057.0,307.51,52.0
1787789645.2654269,86.0,50057.0,307.11,52.0
1787789645.7881522,86.0,50057.0,310.04,52.0
1787789646.3111334,85.0,50057.0,309.87,52.0
1787789646.8333986,87.0,50057.0,307.18,52.0
1787789647.3547451,86.0,50057.0,310.31,52.0
1787789647.8752282,86.0,50057.0,310.5,52.0
1787789648.397995,76.0,50057.0,307.38,52.0
1787789648.9203012,67.0,50057.0,299.84,52.0
1787789649.4440758,85.0,50057.0,294.93,51.0
1787789649.9673088,73.0,50057.0,299.07,53.0
1787789650.4901779,65.0,50057.0,297.96,52.0
1787789651.0109808,84.0,50057.0,292.48,52.0
1787789651.5340903,84.0,50057.0,311.48,52.0
1787789652.0565968,74.0,50057.0,304.15,52.0
1787789652.5787642,85.0,50057.0,303.09,53.0
1787789653.1022172,86.0,50057.0,303.76,53.0
1787789653.6252973,85.0,50057.0,307.08,53.0
1787789654.1476562,79.0,50057.0,307.08,53.0
1787789654.671666,74.0,50057.0,297.17,53.0
1787789655.1943371,69.0,50057.0,299.86,53.0
1787789655.717299,73.0,50057.0,306.08,53.0
1787789656.2392247,84.0,50057.0,304.56,53.0
1787789656.7605093,56.0,50057.0,296.69,52.0
1787789657.2818418,84.0,50057.0,299.99,53.0
1787789657.8041234,86.0,50057.0,307.09,53.0
1787789658.3255382,72.0,50057.0,295.52,51.0
1787789658.8472023,83.0,50057.0,295.03,52.0
1787789659.3704946,85.0,50057.0,309.3,53.0
1787789659.8916247,86.0,50057.0,309.17,53.0
1787789660.4134254,73.0,50057.0,302.7,54.0
1787789660.9360158,78.0,50057.0,299.65,53.0
